{
  "actuator": {
    "torque_p95_nm": [
      7.330808877944946,
      18.769906997680664,
      7.914073348045349,
      2.218949854373932,
      1.6359349191188812,
      1.4603366255760193
    ],
    "torque_rms_nm": 3.758763074874878,
    "torque_slew_p95_nm_per_step": [
      0.4769085049629211,
      0.7416873931884764,
      0.6280257821083068,
      0.46619435846805574,
      0.13364912420511246,
      0.07395065426826476
    ]
  },
  "cem_sampling": {
    "baseline_cost": {
      "max": 0.6402712464332581,
      "mean": 0.07104477766736314,
      "p50": 0.01779125351458788,
      "p95": 0.49768175929784775,
      "samples": 2116
    },
    "reset_std_each_step": false,
    "std_end_mean": {
      "max": 0.5226757526397705,
      "mean": 0.3342955783432057,
      "p50": 0.26862354576587677,
      "p95": 0.494258351624012,
      "samples": 2116
    },
    "std_start_mean": {
      "max": 0.5226757526397705,
      "mean": 0.33429406318524835,
      "p50": 0.26862354576587677,
      "p95": 0.494258351624012,
      "samples": 2116
    },
    "uniform_sample_count": 19,
    "uniform_sample_ratio": 0.15000000596046448
  },
  "controller_mode": "mpc",
  "cost_profile": "blackbox",
  "model_replay": {
    "by_horizon": [
      {
        "dq_error": {
          "max": 0.02805095724761486,
          "mean": 0.008374478371714882,
          "p50": 0.008201226592063904,
          "p95": 0.018468773365020747,
          "samples": 2107
        },
        "k": 1,
        "q_error": {
          "max": 0.0002618272555992007,
          "mean": 6.0454820813867654e-05,
          "p50": 5.308942127157934e-05,
          "p95": 0.00015159479371504845,
          "samples": 2107
        }
      },
      {
        "dq_error": {
          "max": 0.05155429244041443,
          "mean": 0.015461302998108417,
          "p50": 0.015116971917450428,
          "p95": 0.03456429839134216,
          "samples": 2107
        },
        "k": 2,
        "q_error": {
          "max": 0.0006516744033433497,
          "mean": 0.0001780386747792988,
          "p50": 0.00016480997146572918,
          "p95": 0.00042500024428591125,
          "samples": 2107
        }
      },
      {
        "dq_error": {
          "max": 0.076305091381073,
          "mean": 0.02097052786023876,
          "p50": 0.01998925395309925,
          "p95": 0.048134351149201386,
          "samples": 2107
        },
        "k": 3,
        "q_error": {
          "max": 0.0012006440665572882,
          "mean": 0.00034696067351719346,
          "p50": 0.0003278953372500837,
          "p95": 0.0007881022174842653,
          "samples": 2107
        }
      },
      {
        "dq_error": {
          "max": 0.09205348789691925,
          "mean": 0.02471159010876711,
          "p50": 0.0230438020080328,
          "p95": 0.0579885005950927,
          "samples": 2107
        },
        "k": 4,
        "q_error": {
          "max": 0.0019105123355984688,
          "mean": 0.0005487097710824827,
          "p50": 0.0005217884900048375,
          "p95": 0.0012470825924538068,
          "samples": 2107
        }
      },
      {
        "dq_error": {
          "max": 0.10206771641969681,
          "mean": 0.026865003684941834,
          "p50": 0.024561898782849312,
          "p95": 0.06512932628393173,
          "samples": 2107
        },
        "k": 5,
        "q_error": {
          "max": 0.0026996959932148457,
          "mean": 0.0007638447735318466,
          "p50": 0.0007082887459546328,
          "p95": 0.0017348177265375838,
          "samples": 2107
        }
      },
      {
        "dq_error": {
          "max": 0.10723000019788742,
          "mean": 0.02773304584519659,
          "p50": 0.024927914142608643,
          "p95": 0.06627000048756598,
          "samples": 2107
        },
        "k": 6,
        "q_error": {
          "max": 0.0034407530911266804,
          "mean": 0.0009746987759681827,
          "p50": 0.0008997962577268481,
          "p95": 0.0022402901202440255,
          "samples": 2107
        }
      },
      {
        "dq_error": {
          "max": 0.10783576965332031,
          "mean": 0.027823280480765,
          "p50": 0.024931102991104126,
          "p95": 0.06531734243035314,
          "samples": 2107
        },
        "k": 7,
        "q_error": {
          "max": 0.0041581979021430016,
          "mean": 0.0011692336002145627,
          "p50": 0.0010655588703230023,
          "p95": 0.002683157124556601,
          "samples": 2107
        }
      },
      {
        "dq_error": {
          "max": 0.10452931374311447,
          "mean": 0.027709712335315197,
          "p50": 0.025570204481482506,
          "p95": 0.06364866867661474,
          "samples": 2107
        },
        "k": 8,
        "q_error": {
          "max": 0.004710940644145012,
          "mean": 0.001342186940637838,
          "p50": 0.0012035053223371506,
          "p95": 0.00313428239896893,
          "samples": 2107
        }
      },
      {
        "dq_error": {
          "max": 0.10535678267478943,
          "mean": 0.027723195491808166,
          "p50": 0.02577006258070469,
          "p95": 0.06185167692601677,
          "samples": 2107
        },
        "k": 9,
        "q_error": {
          "max": 0.005177161656320095,
          "mean": 0.0014936652000651814,
          "p50": 0.0013084589736536145,
          "p95": 0.003470883029513061,
          "samples": 2107
        }
      },
      {
        "dq_error": {
          "max": 0.10721301287412643,
          "mean": 0.02786289395728667,
          "p50": 0.025709044188261032,
          "p95": 0.06229349300265308,
          "samples": 2107
        },
        "k": 10,
        "q_error": {
          "max": 0.005533496383577585,
          "mean": 0.0016267710452597442,
          "p50": 0.001411397010087967,
          "p95": 0.003804648807272315,
          "samples": 2107
        }
      }
    ],
    "horizon": 10,
    "online_selected_next_dq_error": {
      "max": 0.02805095724761486,
      "mean": 0.008342243850531892,
      "p50": 0.008149484172463417,
      "p95": 0.018459430895745754,
      "samples": 2116
    },
    "online_selected_next_q_error": {
      "max": 0.0002618272555992007,
      "mean": 6.023293518313216e-05,
      "p50": 5.274936484056525e-05,
      "p95": 0.0001512787894171197,
      "samples": 2116
    },
    "q_error_command_acceleration_corr": 0.6127780675888062,
    "q_error_command_velocity_corr": 0.7517730593681335,
    "q_error_horizon_growth_ratio": 26.90887216866221,
    "status": "available",
    "valid_anchor_count": 2107
  },
  "mpc_policy": "residual",
  "recorded_steps": 2116,
  "residual": {
    "max_abs_rad": [
      0.0002355426549911499,
      0.00016415119171142578,
      0.0002643391489982605,
      0.0004967153072357178,
      0.00038191676139831543,
      0.0005723834037780762
    ],
    "p95_abs_rad": [
      0.00023552775382995605,
      0.00016415119171142578,
      0.0002643316984176636,
      0.0004967153072357178,
      0.00038188695907592773,
      0.0005723237991333008
    ]
  },
  "safety": {
    "command_acceleration_violation_count": 1521,
    "command_velocity_violation_count": 0,
    "controller_failure_count": 0,
    "joint_limit_violation_count": 0,
    "recovery_active_step_count": 0,
    "recovery_trigger_count": 0,
    "recovery_trigger_counts": {}
  },
  "schema_version": 2,
  "smoothness": {
    "command_acceleration_p95_rad_s2": [
      1.1776632070541382,
      0.8207559585571289,
      1.3216677904129028,
      2.483576536178589,
      1.9095564484596252,
      2.8617523312568665
    ],
    "command_sign_flip_rate": {
      "overall": 0.03615376238701949,
      "per_joint": [
        0.038461538461538464,
        0.09061696658097686,
        0.008097165991902834,
        0.031170483460559797,
        0.013806706114398421,
        0.033121019108280254
      ]
    },