{
  "actuator": {
    "torque_p95_nm": [
      10.5566554069519,
      18.585931777954098,
      7.068681716918939,
      2.321814393997191,
      1.6254528284072869,
      1.4732300996780392
    ],
    "torque_rms_nm": 3.7553865909576416,
    "torque_slew_p95_nm_per_step": [
      0.5498035550117493,
      0.6946438550949097,
      0.4103197157382965,
      0.4237436056137085,
      0.13164431229233742,
      0.0709858238697052
    ]
  },
  "cem_sampling": {
    "baseline_cost": {
      "max": 0.6402204036712646,
      "mean": 0.07941696304496088,
      "p50": 0.019244737923145294,
      "p95": 0.5054086446762084,
      "samples": 2107
    },
    "reset_std_each_step": false,
    "std_end_mean": {
      "max": 0.5239889025688171,
      "mean": 0.3467637058197179,
      "p50": 0.28708937764167786,
      "p95": 0.49579566419124604,
      "samples": 2107
    },
    "std_start_mean": {
      "max": 0.5239889025688171,
      "mean": 0.3467840553603016,
      "p50": 0.28708937764167786,
      "p95": 0.49621441960334767,
      "samples": 2107
    },
    "uniform_sample_count": 19,
    "uniform_sample_ratio": 0.15000000596046448
  },
  "controller_mode": "mpc",
  "cost_profile": "blackbox",
  "model_replay": {
    "by_horizon": [
      {
        "dq_error": {
          "max": 0.02741491235792637,
          "mean": 0.007558408568102624,
          "p50": 0.007280706660822034,
          "p95": 0.017931167129427193,
          "samples": 2098
        },
        "k": 1,
        "q_error": {
          "max": 0.00025683638523332775,
          "mean": 5.810701603387888e-05,
          "p50": 4.9391026550438255e-05,
          "p95": 0.0001532054848212283,
          "samples": 2098
        }
      },
      {
        "dq_error": {
          "max": 0.053464245051145554,
          "mean": 0.014031144963753623,
          "p50": 0.013185037765651941,
          "p95": 0.034210916608572,
          "samples": 2098
        },
        "k": 2,
        "q_error": {
          "max": 0.0007095588371157646,
          "mean": 0.00016305125180812255,
          "p50": 0.00014267704682424664,
          "p95": 0.0004252815866493618,
          "samples": 2098
        }
      },
      {
        "dq_error": {
          "max": 0.07664594054222107,
          "mean": 0.019135753102214374,
          "p50": 0.01757779438048601,
          "p95": 0.047257808968424776,
          "samples": 2098
        },
        "k": 3,
        "q_error": {
          "max": 0.0013974453322589397,
          "mean": 0.0003147146497319458,
          "p50": 0.0002804643154377118,
          "p95": 0.0007987537479493763,
          "samples": 2098
        }
      },
      {
        "dq_error": {
          "max": 0.09705939888954163,
          "mean": 0.022729343509952316,
          "p50": 0.02004215680062771,
          "p95": 0.05814623385667798,
          "samples": 2098
        },
        "k": 4,
        "q_error": {
          "max": 0.002297822618857026,
          "mean": 0.0004970495314873057,
          "p50": 0.0004401641199365258,
          "p95": 0.0012621908332221205,
          "samples": 2098
        }
      },
      {
        "dq_error": {
          "max": 0.11229080706834793,
          "mean": 0.024828256513100843,
          "p50": 0.02140038926154375,
          "p95": 0.06495270580053328,
          "samples": 2098
        },
        "k": 5,
        "q_error": {
          "max": 0.0032444752287119627,
          "mean": 0.0006912060875024278,
          "p50": 0.000618119171122089,
          "p95": 0.0017443706456106147,
          "samples": 2098
        }
      },
      {
        "dq_error": {
          "max": 0.12204471975564957,
          "mean": 0.02569010916158905,
          "p50": 0.021694808267056942,
          "p95": 0.06608179211616515,
          "samples": 2098
        },
        "k": 6,
        "q_error": {
          "max": 0.004119632299989462,
          "mean": 0.0008804571293742293,
          "p50": 0.0007689452613703907,
          "p95": 0.0022490984643809483,
          "samples": 2098
        }
      },
      {
        "dq_error": {
          "max": 0.12432838976383209,
          "mean": 0.025775976850716902,
          "p50": 0.02164311707019806,
          "p95": 0.06556131802499295,
          "samples": 2098
        },
        "k": 7,
        "q_error": {
          "max": 0.005091237835586071,
          "mean": 0.0010525984405837904,
          "p50": 0.0009043906757142395,
          "p95": 0.002650655736215411,
          "samples": 2098
        }
      },
      {
        "dq_error": {
          "max": 0.12114701420068741,
          "mean": 0.02558585702234327,
          "p50": 0.021720461547374725,
          "p95": 0.06357529722154139,
          "samples": 2098
        },
        "k": 8,
        "q_error": {
          "max": 0.005816988181322813,
          "mean": 0.0012018875916330826,
          "p50": 0.0009998877649195492,
          "p95": 0.0030741443275474002,
          "samples": 2098
        }
      },
      {
        "dq_error": {
          "max": 0.11547402292490005,
          "mean": 0.025444435942305468,
          "p50": 0.02180900238454342,
          "p95": 0.06172870714217424,
          "samples": 2098
        },
        "k": 9,
        "q_error": {
          "max": 0.006234534550458193,
          "mean": 0.0013290636604512533,
          "p50": 0.0010899855406023562,
          "p95": 0.0034065486630424856,
          "samples": 2098
        }
      },
      {
        "dq_error": {
          "max": 0.10367265343666077,
          "mean": 0.02545872359630697,
          "p50": 0.021917187608778477,
          "p95": 0.06214312966912982,
          "samples": 2098
        },
        "k": 10,
        "q_error": {
          "max": 0.006381935440003872,
          "mean": 0.0014373459154490276,
          "p50": 0.0011680249590426683,
          "p95": 0.003705193300265818,
          "samples": 2098
        }
      }
    ],
    "horizon": 10,
    "online_selected_next_dq_error": {
      "max": 0.027414847165346146,
      "mean": 0.007529740380633231,
      "p50": 0.0072485776618123055,
      "p95": 0.017920776642858977,
      "samples": 2107
    },
    "online_selected_next_q_error": {
      "max": 0.00025683638523332775,
      "mean": 5.789671138741869e-05,
      "p50": 4.908582559437491e-05,
      "p95": 0.00015319106896640732,
      "samples": 2107
    },
    "q_error_command_acceleration_corr": 0.6859724521636963,
    "q_error_command_velocity_corr": 0.808847188949585,
    "q_error_horizon_growth_ratio": 24.73618529320097,
    "status": "available",
    "valid_anchor_count": 2098
  },
  "mpc_policy": "residual",
  "recorded_steps": 2107,
  "residual": {
    "max_abs_rad": [
      0.00020781159400939941,
      0.0001641586422920227,
      0.000138748437166214,
      0.00045606493949890137,
      0.0003819465637207031,
      0.0005724430084228516
    ],
    "p95_abs_rad": [
      0.0002078041434288025,
      0.00016415119171142578,
      0.00013874471187591553,
      0.00045603513717651367,
      0.0003819465637207031,
      0.0005724430084228516
    ]
  },
  "safety": {
    "command_acceleration_violation_count": 1381,
    "command_velocity_violation_count": 0,
    "controller_failure_count": 0,
    "joint_limit_violation_count": 0,
    "recovery_active_step_count": 0,
    "recovery_trigger_count": 0,
    "recovery_trigger_counts": {}
  },
  "schema_version": 2,
  "smoothness": {
    "command_acceleration_p95_rad_s2": [
      1.039057970046997,
      0.8207656741142273,
      0.6937337934970855,
      2.280210018157959,
      1.9097328186035156,
      2.862215042114258
    ],
    "command_sign_flip_rate": {
      "overall": 0.0404522352453065,
      "per_joint": [
        0.031154551007941355,
        0.1069682151589242,
        0.0,
        0.020320197044334975,
        0.06060606060606061,
        0.02157829839704069
      ]
    },