{
  "actuator": {
    "torque_p95_nm": [
      9.362253475189208,
      18.43027477264403,
      7.416389465332031,
      2.2274389028549195,
      1.6213620305061336,
      1.5315882563591003
    ],
    "torque_rms_nm": 3.7089858055114746,
    "torque_slew_p95_nm_per_step": [
      0.4118712842464447,
      0.6956513524055481,
      0.5652206242084503,
      0.46351005136966705,
      0.13207541406154633,
      0.07161623239517212
    ]
  },
  "cem_sampling": {
    "baseline_cost": {
      "max": 0.6866423487663269,
      "mean": 0.07364724327456608,
      "p50": 0.014065294526517391,
      "p95": 0.5074323475360862,
      "samples": 2107
    },
    "reset_std_each_step": false,
    "std_end_mean": {
      "max": 0.5284199714660645,
      "mean": 0.3602494105208695,
      "p50": 0.3420608639717102,
      "p95": 0.497422969341278,
      "samples": 2107
    },
    "std_start_mean": {
      "max": 0.5284199714660645,
      "mean": 0.3602950267872088,
      "p50": 0.3420608639717102,
      "p95": 0.4976788073778152,
      "samples": 2107
    },
    "uniform_sample_count": 19,
    "uniform_sample_ratio": 0.15000000596046448
  },
  "controller_mode": "mpc",
  "cost_profile": "blackbox",
  "model_replay": {
    "by_horizon": [
      {
        "dq_error": {
          "max": 0.02503887377679348,
          "mean": 0.007140546866413605,
          "p50": 0.006867004791274667,
          "p95": 0.018009799998253584,
          "samples": 2098
        },
        "k": 1,
        "q_error": {
          "max": 0.0002678910968825221,
          "mean": 5.432877053477808e-05,
          "p50": 4.461323987925425e-05,
          "p95": 0.00014150140850688325,
          "samples": 2098
        }
      },
      {
        "dq_error": {
          "max": 0.04649270325899124,
          "mean": 0.013191708907326533,
          "p50": 0.011916415300220251,
          "p95": 0.03314234148710965,
          "samples": 2098
        },
        "k": 2,
        "q_error": {
          "max": 0.000697771436534822,
          "mean": 0.00015304039989019722,
          "p50": 0.0001408925309078768,
          "p95": 0.0003995166698587126,
          "samples": 2098
        }
      },
      {
        "dq_error": {
          "max": 0.06447768211364746,
          "mean": 0.017846123446513755,
          "p50": 0.015886420384049416,
          "p95": 0.045567722804844356,
          "samples": 2098
        },
        "k": 3,
        "q_error": {
          "max": 0.0012439180864021182,
          "mean": 0.00029349849383418925,
          "p50": 0.0002717845345614478,
          "p95": 0.0007437981868861241,
          "samples": 2098
        }
      },
      {
        "dq_error": {
          "max": 0.08034734427928925,
          "mean": 0.02099689699740933,
          "p50": 0.01772457268089056,
          "p95": 0.054779346287250515,
          "samples": 2098
        },
        "k": 4,
        "q_error": {
          "max": 0.001920330454595387,
          "mean": 0.0004602200755808398,
          "p50": 0.00041676461114548147,
          "p95": 0.001161570788826793,
          "samples": 2098
        }
      },
      {
        "dq_error": {
          "max": 0.0903768539428711,
          "mean": 0.02278662289256848,
          "p50": 0.018924932926893234,
          "p95": 0.06085387915372846,
          "samples": 2098
        },
        "k": 5,
        "q_error": {
          "max": 0.002740322845056653,
          "mean": 0.0006362273543596942,
          "p50": 0.000567051611142233,
          "p95": 0.0016319132701028138,
          "samples": 2098
        }
      },
      {
        "dq_error": {
          "max": 0.09697908163070679,
          "mean": 0.023465699015229186,
          "p50": 0.01945486105978489,
          "p95": 0.06217768508940935,
          "samples": 2098
        },
        "k": 6,
        "q_error": {
          "max": 0.0035155920777469873,
          "mean": 0.000806562878200058,
          "p50": 0.0007006022206041962,
          "p95": 0.0020804911153390997,
          "samples": 2098
        }
      },
      {
        "dq_error": {
          "max": 0.09842517226934433,
          "mean": 0.023498539820631294,
          "p50": 0.01944082323461771,
          "p95": 0.06104457136243578,
          "samples": 2098
        },
        "k": 7,
        "q_error": {
          "max": 0.004179462790489197,
          "mean": 0.0009606999445773359,
          "p50": 0.0008284635550808161,
          "p95": 0.002450619637966155,
          "samples": 2098
        }
      },
      {
        "dq_error": {
          "max": 0.09666978567838669,
          "mean": 0.023367222965614172,
          "p50": 0.01882399246096611,
          "p95": 0.06039898637682198,
          "samples": 2098
        },
        "k": 8,
        "q_error": {
          "max": 0.004686403553932905,
          "mean": 0.0010942661800669032,
          "p50": 0.0009364485449623317,
          "p95": 0.0027908924617804564,
          "samples": 2098
        }
      },
      {
        "dq_error": {
          "max": 0.0932052731513977,
          "mean": 0.023302136506058287,
          "p50": 0.01837243977934122,
          "p95": 0.05961426254361867,
          "samples": 2098
        },
        "k": 9,
        "q_error": {
          "max": 0.0049985796213150024,
          "mean": 0.0012082576313306528,
          "p50": 0.0010018256143666804,
          "p95": 0.003110646631103009,
          "samples": 2098
        }
      },
      {
        "dq_error": {
          "max": 0.0922333225607872,
          "mean": 0.023375285633780184,
          "p50": 0.01837414875626564,
          "p95": 0.05928054023534059,
          "samples": 2098
        },
        "k": 10,
        "q_error": {
          "max": 0.005227378103882074,
          "mean": 0.0013069580200681923,
          "p50": 0.0010569451842457056,
          "p95": 0.003342351200990378,
          "samples": 2098
        }
      }
    ],
    "horizon": 10,
    "online_selected_next_dq_error": {
      "max": 0.02503887377679348,
      "mean": 0.007113597055614339,
      "p50": 0.006829237565398216,
      "p95": 0.01800302881747484,
      "samples": 2107
    },
    "online_selected_next_q_error": {
      "max": 0.0002678910968825221,
      "mean": 5.413399607602428e-05,
      "p50": 4.445747981662862e-05,
      "p95": 0.00014143841108307242,
      "samples": 2107
    },
    "q_error_command_acceleration_corr": 0.7172145843505859,
    "q_error_command_velocity_corr": 0.7926774621009827,
    "q_error_horizon_growth_ratio": 24.056462298029636,
    "status": "available",
    "valid_anchor_count": 2098
  },
  "mpc_policy": "residual",
  "recorded_steps": 2107,
  "residual": {
    "max_abs_rad": [
      0.000181540846824646,
      0.0001641586422920227,
      0.00023772567510604858,
      0.0004909038543701172,
      0.0003819465637207031,
      0.0005724430084228516
    ],
    "p95_abs_rad": [
      0.00018152594566345215,
      0.00016415119171142578,
      0.00023771822452545166,
      0.0004909038543701172,
      0.0003819465637207031,
      0.0005724430084228516
    ]
  },
  "safety": {
    "command_acceleration_violation_count": 1212,
    "command_velocity_violation_count": 0,
    "controller_failure_count": 0,
    "joint_limit_violation_count": 0,
    "recovery_active_step_count": 0,
    "recovery_trigger_count": 0,
    "recovery_trigger_counts": {}
  },
  "schema_version": 2,
  "smoothness": {
    "command_acceleration_p95_rad_s2": [
      0.907646119594574,
      0.8207559585571289,
      1.1886014580726623,
      2.454519271850586,
      1.9097328186035156,
      2.862215042114258
    ],
    "command_sign_flip_rate": {
      "overall": 0.05402873204247345,
      "per_joint": [
        0.023058252427184466,
        0.10254816656308266,
        0.06140917905623788,
        0.027950310559006212,
        0.07452229299363057,
        0.036374845869297165
      ]
    },