{
  "actuator": {
    "torque_p95_nm": [
      28.23401699066162,
      25.720552825927733,
      18.55466556549072,
      6.151488971710203,
      1.7542607903480527,
      1.8398294568061822
    ],
    "torque_rms_nm": 7.554091453552246,
    "torque_slew_p95_nm_per_step": [
      1.0828680396080017,
      1.3172104358673096,
      1.2792752385139465,
      1.344736933708191,
      0.2008105218410492,
      0.19407138973474503
    ]
  },
  "cem_sampling": {
    "baseline_cost": {
      "max": 0.7150940299034119,
      "mean": 0.21359682061918758,
      "p50": 0.09835581481456757,
      "p95": 0.6445732355117797,
      "samples": 2107
    },
    "reset_std_each_step": false,
    "std_end_mean": {
      "max": 0.5298027992248535,
      "mean": 0.33273379542163384,
      "p50": 0.2740224301815033,
      "p95": 0.4859848201274871,
      "samples": 2107
    },
    "std_start_mean": {
      "max": 0.5298027992248535,
      "mean": 0.3327639706620233,
      "p50": 0.2740224301815033,
      "p95": 0.4861580997705459,
      "samples": 2107
    },
    "uniform_sample_count": 19,
    "uniform_sample_ratio": 0.15000000596046448
  },
  "controller_mode": "mpc",
  "cost_profile": "blackbox",
  "model_replay": {
    "by_horizon": [
      {
        "dq_error": {
          "max": 0.07055753469467163,
          "mean": 0.018356345206840024,
          "p50": 0.01804738398641348,
          "p95": 0.04287085048854349,
          "samples": 2098
        },
        "k": 1,
        "q_error": {
          "max": 0.000587529328186065,
          "mean": 0.00012834834741257765,
          "p50": 0.00011626079503912479,
          "p95": 0.0003312462431495077,
          "samples": 2098
        }
      },
      {
        "dq_error": {
          "max": 0.12758660316467285,
          "mean": 0.0332018614113393,
          "p50": 0.03208795562386513,
          "p95": 0.07800105027854443,
          "samples": 2098
        },
        "k": 2,
        "q_error": {
          "max": 0.0014973675133660436,
          "mean": 0.0003706315506371852,
          "p50": 0.00034756243985611945,
          "p95": 0.0009003668266814203,
          "samples": 2098
        }
      },
      {
        "dq_error": {
          "max": 0.16688990592956543,
          "mean": 0.04322475413739676,
          "p50": 0.04095770604908466,
          "p95": 0.10333472453057761,
          "samples": 2098
        },
        "k": 3,
        "q_error": {
          "max": 0.0025629315059632063,
          "mean": 0.0007031581793857016,
          "p50": 0.0006648525886703283,
          "p95": 0.0016751986346207556,
          "samples": 2098
        }
      },
      {
        "dq_error": {
          "max": 0.178865447640419,
          "mean": 0.04799732799587187,
          "p50": 0.045104315504431725,
          "p95": 0.11456885449588294,
          "samples": 2098
        },
        "k": 4,
        "q_error": {
          "max": 0.0037619981449097395,
          "mean": 0.0010664347705837364,
          "p50": 0.0010313603561371565,
          "p95": 0.0025451246532611545,
          "samples": 2098
        }
      },
      {
        "dq_error": {
          "max": 0.1764701008796692,
          "mean": 0.048068596497104835,
          "p50": 0.045910000801086426,
          "p95": 0.10655308216810222,
          "samples": 2098
        },
        "k": 5,
        "q_error": {
          "max": 0.004735853057354689,
          "mean": 0.001397900611283609,
          "p50": 0.0013504301314242184,
          "p95": 0.003245478181634096,
          "samples": 2098
        }
      },
      {
        "dq_error": {
          "max": 0.17581893503665924,
          "mean": 0.04663198098568716,
          "p50": 0.0458382535725832,
          "p95": 0.10034588612616059,
          "samples": 2098
        },
        "k": 6,
        "q_error": {
          "max": 0.005806833039969206,
          "mean": 0.0016634925065432396,
          "p50": 0.0016130396397784352,
          "p95": 0.0038272048463113603,
          "samples": 2098
        }
      },
      {
        "dq_error": {
          "max": 0.1630311757326126,
          "mean": 0.04569191523442299,
          "p50": 0.04500010795891285,
          "p95": 0.09695188589394084,
          "samples": 2098
        },
        "k": 7,
        "q_error": {
          "max": 0.006694945972412825,
          "mean": 0.0018514058983358052,
          "p50": 0.0017996365204453468,
          "p95": 0.004125691647641359,
          "samples": 2098
        }
      },
      {
        "dq_error": {
          "max": 0.1557234674692154,
          "mean": 0.045755772152249734,
          "p50": 0.045105861499905586,
          "p95": 0.09627332352101801,
          "samples": 2098
        },
        "k": 8,
        "q_error": {
          "max": 0.007104073651134968,
          "mean": 0.0019688709932777003,
          "p50": 0.0018956080893985927,
          "p95": 0.004267229279503226,
          "samples": 2098
        }
      },
      {
        "dq_error": {
          "max": 0.1601424515247345,
          "mean": 0.046427147246003185,
          "p50": 0.04465562850236893,
          "p95": 0.0973246019333601,
          "samples": 2098
        },
        "k": 9,
        "q_error": {
          "max": 0.007603793404996395,
          "mean": 0.002030524937521992,
          "p50": 0.0019222003757022321,
          "p95": 0.004401017376221716,
          "samples": 2098
        }
      },
      {
        "dq_error": {
          "max": 0.17074550688266754,
          "mean": 0.0470554715040645,
          "p50": 0.04509644769132137,
          "p95": 0.099799482524395,
          "samples": 2098
        },
        "k": 10,
        "q_error": {
          "max": 0.008234940469264984,
          "mean": 0.0020538831370879584,
          "p50": 0.0019422690384089947,
          "p95": 0.004378384351730346,
          "samples": 2098
        }
      }
    ],
    "horizon": 10,
    "online_selected_next_dq_error": {
      "max": 0.07055753469467163,
      "mean": 0.01828154470297989,
      "p50": 0.017895270138978958,
      "p95": 0.04283214397728442,
      "samples": 2107
    },
    "online_selected_next_q_error": {
      "max": 0.000587529328186065,
      "mean": 0.00012783808577201044,
      "p50": 0.00011583280866034329,
      "p95": 0.00033099809952545905,
      "samples": 2107
    },
    "q_error_command_acceleration_corr": 0.6824977993965149,
    "q_error_command_velocity_corr": 0.8102083802223206,
    "q_error_horizon_growth_ratio": 16.002412017707723,
    "status": "available",
    "valid_anchor_count": 2098
  },
  "mpc_policy": "residual",
  "recorded_steps": 2107,
  "residual": {
    "max_abs_rad": [
      0.0005199983716011047,
      0.0001641586422920227,
      0.0005108565092086792,
      0.0014175176620483398,
      0.0005788803100585938,
      0.0014900565147399902
    ],
    "p95_abs_rad": [
      0.0005199909210205078,
      0.00016415119171142578,
      0.0005108565092086792,
      0.0014175176620483398,
      0.0005788803100585938,
      0.0014899969100952148
    ]
  },
  "safety": {
    "command_acceleration_violation_count": 1345,
    "command_velocity_violation_count": 0,
    "controller_failure_count": 0,
    "joint_limit_violation_count": 0,
    "recovery_active_step_count": 0,
    "recovery_trigger_count": 0,
    "recovery_trigger_counts": {}
  },
  "schema_version": 2,
  "smoothness": {
    "command_acceleration_p95_rad_s2": [
      2.599973201751709,
      0.820782083272934,
      2.5542826652526855,
      7.087588310241699,
      2.8944015502929688,
      7.450124740600586
    ],
    "command_sign_flip_rate": {
      "overall": 0.045361667347772784,
      "per_joint": [
        0.06979542719614922,
        0.010725552050473186,
        0.024344569288389514,
        0.06723198061780739,
        0.042098840756558877,
        0.05579138872043663
      ]
    },