{
  "actuator": {
    "torque_p95_nm": [
      25.477156257629392,
      27.05598049163818,
      20.62621135711668,
      5.979258394241331,
      1.7819332003593438,
      1.8641132116317736
    ],
    "torque_rms_nm": 7.731025695800781,
    "torque_slew_p95_nm_per_step": [
      1.03248929977417,
      1.4297999143600464,
      1.3601891994476318,
      1.342797964811325,
      0.20048122853040695,
      0.18825959414243698
    ]
  },
  "cem_sampling": {
    "baseline_cost": {
      "max": 0.735409677028656,
      "mean": 0.212212741990943,
      "p50": 0.09724939614534378,
      "p95": 0.6519527554512021,
      "samples": 2107
    },
    "reset_std_each_step": false,
    "std_end_mean": {
      "max": 0.5616838335990906,
      "mean": 0.3576624939296842,
      "p50": 0.2595135569572449,
      "p95": 0.5466929376125336,
      "samples": 2107
    },
    "std_start_mean": {
      "max": 0.5616838335990906,
      "mean": 0.3576409732582561,
      "p50": 0.2595135569572449,
      "p95": 0.5466929376125336,
      "samples": 2107
    },
    "uniform_sample_count": 76,
    "uniform_sample_ratio": 0.15000000596046448
  },
  "controller_mode": "mpc",
  "cost_profile": "blackbox",
  "model_replay": {
    "by_horizon": [
      {
        "dq_error": {
          "max": 0.06408897787332535,
          "mean": 0.018286848233557605,
          "p50": 0.01765132136642933,
          "p95": 0.04365742113441229,
          "samples": 2098
        },
        "k": 1,
        "q_error": {
          "max": 0.0005520664271898568,
          "mean": 0.00012934668734411922,
          "p50": 0.00011889679080923088,
          "p95": 0.00032060172234196207,
          "samples": 2098
        }
      },
      {
        "dq_error": {
          "max": 0.11936719715595245,
          "mean": 0.033117771304854625,
          "p50": 0.03107432648539543,
          "p95": 0.07916595153510568,
          "samples": 2098
        },
        "k": 2,
        "q_error": {
          "max": 0.0014310207916423678,
          "mean": 0.000374187959766578,
          "p50": 0.00034399039577692747,
          "p95": 0.0009032555448357013,
          "samples": 2098
        }
      },
      {
        "dq_error": {
          "max": 0.17120423913002014,
          "mean": 0.04323005986235036,
          "p50": 0.038690464571118355,
          "p95": 0.10500433892011642,
          "samples": 2098
        },
        "k": 3,
        "q_error": {
          "max": 0.002571563236415386,
          "mean": 0.0007096766543694861,
          "p50": 0.0006544633361045271,
          "p95": 0.0016943617723882195,
          "samples": 2098
        }
      },
      {
        "dq_error": {
          "max": 0.1904599815607071,
          "mean": 0.04783765262986504,
          "p50": 0.044028736650943756,
          "p95": 0.11436164043843743,
          "samples": 2098
        },
        "k": 4,
        "q_error": {
          "max": 0.00396543787792325,
          "mean": 0.0010736013476762881,
          "p50": 0.0009901699959300458,
          "p95": 0.0025470485095866026,
          "samples": 2098
        }
      },
      {
        "dq_error": {
          "max": 0.19900690019130707,
          "mean": 0.048067040473544126,
          "p50": 0.04524025693535805,
          "p95": 0.11421769708395003,
          "samples": 2098
        },
        "k": 5,
        "q_error": {
          "max": 0.0054174503311514854,
          "mean": 0.0014072362856843274,
          "p50": 0.0012667060946114361,
          "p95": 0.003204922354780137,
          "samples": 2098
        }
      },
      {
        "dq_error": {
          "max": 0.19149249792099,
          "mean": 0.046684246075013786,
          "p50": 0.04473769851028919,
          "p95": 0.10570483356714247,
          "samples": 2098
        },
        "k": 6,
        "q_error": {
          "max": 0.006602639332413673,
          "mean": 0.0016768742700655653,
          "p50": 0.0015401470009237528,
          "p95": 0.003807137534022331,
          "samples": 2098
        }
      },
      {
        "dq_error": {
          "max": 0.19618967175483704,
          "mean": 0.04566494290147854,
          "p50": 0.04451681673526764,
          "p95": 0.10059439763426771,
          "samples": 2098
        },
        "k": 7,
        "q_error": {
          "max": 0.007583890575915575,
          "mean": 0.001869343762403699,
          "p50": 0.0017542009009048343,
          "p95": 0.004202916077338159,
          "samples": 2098
        }
      },
      {
        "dq_error": {
          "max": 0.1995086967945099,
          "mean": 0.04571119392278726,
          "p50": 0.043694302439689636,
          "p95": 0.10098363384604453,
          "samples": 2098
        },
        "k": 8,
        "q_error": {
          "max": 0.008159542456269264,
          "mean": 0.001988744856851023,
          "p50": 0.001832219772040844,
          "p95": 0.004426771611906588,
          "samples": 2098
        }
      },
      {
        "dq_error": {
          "max": 0.19659660756587982,
          "mean": 0.046321609682399956,
          "p50": 0.043692901730537415,
          "p95": 0.10328004360198971,
          "samples": 2098
        },
        "k": 9,
        "q_error": {
          "max": 0.008394437842071056,
          "mean": 0.0020488514101045744,
          "p50": 0.001886103767901659,
          "p95": 0.004507552739232778,
          "samples": 2098
        }
      },
      {
        "dq_error": {
          "max": 0.18437357246875763,
          "mean": 0.04686039505021254,
          "p50": 0.043839018791913986,
          "p95": 0.10411315262317654,
          "samples": 2098
        },
        "k": 10,
        "q_error": {
          "max": 0.008347611874341965,
          "mean": 0.00206926353964807,
          "p50": 0.0018747945432551205,
          "p95": 0.004600033001042901,
          "samples": 2098
        }
      }
    ],
    "horizon": 10,
    "online_selected_next_dq_error": {
      "max": 0.06408897787332535,
      "mean": 0.018212234367912403,
      "p50": 0.017527099698781967,
      "p95": 0.04364623464643955,
      "samples": 2107
    },
    "online_selected_next_q_error": {
      "max": 0.0005520664271898568,
      "mean": 0.0001288307336876074,
      "p50": 0.00011847008863696828,
      "p95": 0.00031999464554246485,
      "samples": 2107
    },
    "q_error_command_acceleration_corr": 0.6836062669754028,
    "q_error_command_velocity_corr": 0.8327986598014832,
    "q_error_horizon_growth_ratio": 15.997808541806075,
    "status": "available",
    "valid_anchor_count": 2098
  },
  "mpc_policy": "residual",
  "recorded_steps": 2107,
  "residual": {
    "max_abs_rad": [
      0.0005200058221817017,
      0.0001641586422920227,
      0.0005108565092086792,
      0.0014175176620483398,
      0.0005788803100585938,
      0.0014900565147399902
    ],
    "p95_abs_rad": [
      0.0005199909210205078,
      0.00016415119171142578,
      0.0005108565092086792,
      0.0014175176620483398,
      0.0005788803100585938,
      0.0014899969100952148
    ]
  },
  "safety": {
    "command_acceleration_violation_count": 1347,
    "command_velocity_violation_count": 0,
    "controller_failure_count": 0,
    "joint_limit_violation_count": 0,
    "recovery_active_step_count": 0,
    "recovery_trigger_count": 0,
    "recovery_trigger_counts": {}
  },
  "schema_version": 2,
  "smoothness": {
    "command_acceleration_p95_rad_s2": [
      2.599973201751709,
      0.8207814693450928,
      2.5542826652526855,
      7.087588310241699,
      2.8944015502929688,
      7.450133800506592
    ],
    "command_sign_flip_rate": {
      "overall": 0.04714080754252921,
      "per_joint": [
        0.051932367149758456,
        0.03784119106699752,
        0.039950062421972535,
        0.07775768535262206,
        0.021916092673763307,
        0.052083333333333336
      ]
    },