{
  "controller_mode": "mpc",
  "final": {
    "tcp_orientation_error_rad": 0.0009765625,
    "tcp_position_error_m": 0.0021706847473978996
  },
  "joint_tracking": {
    "final_position_error_inf_rad": 0.002660921076312661,
    "max_position_error_rad": 0.07804369926452637,
    "position_rmse_rad": 0.018251607194542885
  },
  "laps": {
    "0": {
      "max_orientation_error_rad": 0.07114951312541962,
      "max_position_error_m": 0.08191174268722534,
      "orientation_rmse_rad": 0.045312076807022095,
      "position_rmse_m": 0.05149145796895027,
      "samples": 401
    },
    "1": {
      "max_orientation_error_rad": 0.07129264622926712,
      "max_position_error_m": 0.08342468738555908,
      "orientation_rmse_rad": 0.04621447995305061,
      "position_rmse_m": 0.051912155002355576,
      "samples": 401
    },
    "2": {
      "max_orientation_error_rad": 0.0723564401268959,
      "max_position_error_m": 0.08502186834812164,
      "orientation_rmse_rad": 0.044073980301618576,
      "position_rmse_m": 0.050597112625837326,
      "samples": 401
    }
  },
  "overall": {
    "max_orientation_error_rad": 0.08637800067663193,
    "max_position_error_m": 0.1005546823143959,
    "orientation_rmse_rad": 0.04237345978617668,
    "position_rmse_m": 0.04876004159450531,
    "samples": 2107
  },
  "planning": {
    "command_acceleration_violation_count": 1347,
    "command_acceleration_violation_rate": 0.639297579496915,
    "command_velocity_violation_count": 0,
    "command_velocity_violation_rate": 0.0,
    "failure_count": 0,
    "failure_rate": 0.0,
    "joint_limit_violation_count": 0,
    "joint_limit_violation_rate": 0.0,
    "max_planning_time_s": 0.23110747337341309,
    "mean_planning_time_s": 0.09184018517904051
  },
  "recorded_steps": 2107,
  "segments": {
    "0": {
      "max_orientation_error_rad": 0.0,
      "max_position_error_m": 0.0,
      "orientation_rmse_rad": 0.0,
      "position_rmse_m": 0.0,
      "samples": 50
    },
    "1": {
      "max_orientation_error_rad": 0.08114390075206757,
      "max_position_error_m": 0.09552481770515442,
      "orientation_rmse_rad": 0.051786426454782486,
      "position_rmse_m": 0.0622897632420063,
      "samples": 201
    },
    "2": {
      "max_orientation_error_rad": 0.029523640871047974,
      "max_position_error_m": 0.033702000975608826,
      "orientation_rmse_rad": 0.019434887915849686,
      "position_rmse_m": 0.022675085812807083,
      "samples": 201
    },
    "3": {
      "max_orientation_error_rad": 0.0723564401268959,
      "max_position_error_m": 0.08502186834812164,
      "orientation_rmse_rad": 0.04520869255065918,
      "position_rmse_m": 0.05133650451898575,
      "samples": 1203
    },
    "4": {
      "max_orientation_error_rad": 0.0294940322637558,
      "max_position_error_m": 0.03452649712562561,
      "orientation_rmse_rad": 0.01917986571788788,
      "position_rmse_m": 0.022403640672564507,
      "samples": 201
    },
    "5": {
      "max_orientation_error_rad": 0.08637800067663193,
      "max_position_error_m": 0.1005546823143959,
      "orientation_rmse_rad": 0.05602746829390526,
      "position_rmse_m": 0.06494853645563126,
      "samples": 201
    },
    "6": {
      "max_orientation_error_rad": 0.02101350575685501,
      "max_position_error_m": 0.02477615885436535,
      "orientation_rmse_rad": 0.009541217237710953,
      "position_rmse_m": 0.011877422221004963,
      "samples": 50
    }
  }
}