condition,delta_joint_rmse_rad,delta_orientation_rmse_rad,delta_tcp_p95_m,delta_tcp_rmse_m,deterministic_ik,ik_joint_rmse_rad,ik_method,ik_orientation_rmse_rad,ik_tcp_p95_m,ik_tcp_rmse_m,level,mpc_joint_rmse_rad,mpc_method,mpc_orientation_rmse_rad,mpc_tcp_p95_m,mpc_tcp_rmse_m,perturbation,reference_sha256,seed,trajectory
actuator_gain_l3,-0.005493437875754051,-0.016012344503479298,-0.03952566310763356,-0.015849648128119547,True,0.017779104449862405,physical,0.04183777933674761,0.10363555774092668,0.046310004178645545,3,0.012285666574108354,IdealZeroDelay,0.02582543483326831,0.06410989463329313,0.030460356050525998,actuator_gain,c15a120662df139ed529a1c7d6ba9b078cca47bc7eb4bbfe9dd74464c976ce23,0,circle
actuator_gain_l3,-0.00611816050069054,-0.01675141366679373,-0.044821162149310076,-0.01701639831459652,True,0.017779104449862405,physical,0.04183777933674761,0.10363555774092668,0.046310004178645545,3,0.011660943949171864,IdealZeroDelay,0.025086365669953876,0.05881439559161661,0.029293605864049024,actuator_gain,c15a120662df139ed529a1c7d6ba9b078cca47bc7eb4bbfe9dd74464c976ce23,1,circle
actuator_gain_l3,-0.005335808698943069,-0.015912273477046664,-0.038211330771446214,-0.015634111242161422,True,0.017779104449862405,physical,0.04183777933674761,0.10363555774092668,0.046310004178645545,3,0.012443295750919335,IdealZeroDelay,0.025925505859700944,0.06542422696948047,0.030675892936484123,actuator_gain,c15a120662df139ed529a1c7d6ba9b078cca47bc7eb4bbfe9dd74464c976ce23,2,circle
actuator_gain_l3,-0.005563676045621297,-0.016940517513601025,-0.04403855316340918,-0.01642389984299214,True,0.017779104449862405,physical,0.04183777933674761,0.10363555774092668,0.046310004178645545,3,0.012215428404241108,IdealZeroDelay,0.024897261823146583,0.0595970045775175,0.029886104335653405,actuator_gain,c15a120662df139ed529a1c7d6ba9b078cca47bc7eb4bbfe9dd74464c976ce23,3,circle
actuator_gain_l3,-0.0054652404998681015,-0.01655262916396038,-0.039702043682336874,-0.016021953659671274,True,0.017779104449862405,physical,0.04183777933674761,0.10363555774092668,0.046310004178645545,3,0.012313863949994303,IdealZeroDelay,0.025285150172787228,0.06393351405858981,0.03028805051897427,actuator_gain,c15a120662df139ed529a1c7d6ba9b078cca47bc7eb4bbfe9dd74464c976ce23,4,circle
actuator_gain_l3,0.052459436183243086,0.10852910018663624,0.021773236244916963,0.018830076165932047,True,0.017779104449862405,physical,0.04183777933674761,0.10363555774092668,0.046310004178645545,3,0.07023854063310549,NaiveDelayed,0.15036687952338385,0.12540879398584365,0.06514008034457759,actuator_gain,c15a120662df139ed529a1c7d6ba9b078cca47bc7eb4bbfe9dd74464c976ce23,0,circle
actuator_gain_l3,0.0747889389277905,0.14632196018507526,0.05165024325251584,0.028439250520895798,True,0.017779104449862405,physical,0.04183777933674761,0.10363555774092668,0.046310004178645545,3,0.0925680433776529,NaiveDelayed,0.18815973952182288,0.15528580099344252,0.07474925469954134,actuator_gain,c15a120662df139ed529a1c7d6ba9b078cca47bc7eb4bbfe9dd74464c976ce23,1,circle
actuator_gain_l3,0.0534877441106489,0.12332270724847909,0.040557611733675045,0.024247411526166954,True,0.017779104449862405,physical,0.04183777933674761,0.10363555774092668,0.046310004178645545,3,0.0712668485605113,NaiveDelayed,0.1651604865852267,0.14419316947460173,0.0705574157048125,actuator_gain,c15a120662df139ed529a1c7d6ba9b078cca47bc7eb4bbfe9dd74464c976ce23,2,circle
actuator_gain_l3,0.0830424390079839,0.18344059701873838,0.03080973103642469,0.027167213932883114,True,0.017779104449862405,physical,0.04183777933674761,0.10363555774092668,0.046310004178645545,3,0.1008215434578463,NaiveDelayed,0.225278376355486,0.13444528877735137,0.07347721811152866,actuator_gain,c15a120662df139ed529a1c7d6ba9b078cca47bc7eb4bbfe9dd74464c976ce23,3,circle
actuator_gain_l3,0.07629201026606788,0.1722061205135807,0.040701130777597475,0.0329197224372136,True,0.017779104449862405,physical,0.04183777933674761,0.10363555774092668,0.046310004178645545,3,0.09407111471593028,NaiveDelayed,0.2140438998503283,0.14433668851852416,0.07922972661585914,actuator_gain,c15a120662df139ed529a1c7d6ba9b078cca47bc7eb4bbfe9dd74464c976ce23,4,circle
actuator_gain_l3,-0.005330720448979942,-0.014638935426914738,-0.03667676523327823,-0.015718480462265604,True,0.017779104449862405,physical,0.04183777933674761,0.10363555774092668,0.046310004178645545,3,0.012448384000882462,VirtualDelayAware,0.02719884390983287,0.06695879250764845,0.03059152371637994,actuator_gain,c15a120662df139ed529a1c7d6ba9b078cca47bc7eb4bbfe9dd74464c976ce23,0,circle
actuator_gain_l3,-0.005539965668387855,-0.014231659059046265,-0.03409102931618686,-0.014684917771675972,True,0.017779104449862405,physical,0.04183777933674761,0.10363555774092668,0.046310004178645545,3,0.01223913878147455,VirtualDelayAware,0.027606120277701342,0.06954452842473982,0.03162508640696957,actuator_gain,c15a120662df139ed529a1c7d6ba9b078cca47bc7eb4bbfe9dd74464c976ce23,1,circle
actuator_gain_l3,-0.004407326012402088,-0.012922233881938642,-0.035460849851369824,-0.014022955634481145,True,0.017779104449862405,physical,0.04183777933674761,0.10363555774092668,0.046310004178645545,3,0.013371778437460317,VirtualDelayAware,0.028915545454808966,0.06817470788955686,0.0322870485441644,actuator_gain,c15a120662df139ed529a1c7d6ba9b078cca47bc7eb4bbfe9dd74464c976ce23,2,circle
actuator_gain_l3,-0.004708145367803094,-0.014178684195318904,-0.0400183096528053,-0.01449819380743303,True,0.017779104449862405,physical,0.04183777933674761,0.10363555774092668,0.046310004178645545,3,0.01307095908205931,VirtualDelayAware,0.027659095141428704,0.06361724808812139,0.031811810371212515,actuator_gain,c15a120662df139ed529a1c7d6ba9b078cca47bc7eb4bbfe9dd74464c976ce23,3,circle
actuator_gain_l3,-0.005670901258297388,-0.015661394651894634,-0.04500152207911011,-0.0167620406459274,True,0.017779104449862405,physical,0.04183777933674761,0.10363555774092668,0.046310004178645545,3,0.012108203191565017,VirtualDelayAware,0.026176384684852973,0.058634035661816575,0.029547963532718144,actuator_gain,c15a120662df139ed529a1c7d6ba9b078cca47bc7eb4bbfe9dd74464c976ce23,4,circle
actuator_gain_l3,-0.0018574634949874158,-0.0046638081126163244,-0.01843127980828288,-0.0077129713789841695,True,0.017779104449862405,physical,0.04183777933674761,0.10363555774092668,0.046310004178645545,3,0.01592164095487499,ThreadedAsync,0.03717397122413128,0.0852042779326438,0.038597032799661375,actuator_gain,c15a120662df139ed529a1c7d6ba9b078cca47bc7eb4bbfe9dd74464c976ce23,0,circle
actuator_gain_l3,-0.0034621959272701577,-0.011184496006144115,-0.0331471115350723,-0.011511108828053104,True,0.017779104449862405,physical,0.04183777933674761,0.10363555774092668,0.046310004178645545,3,0.014316908522592247,ThreadedAsync,0.030653283330603492,0.07048844620585439,0.03479889535059244,actuator_gain,c15a120662df139ed529a1c7d6ba9b078cca47bc7eb4bbfe9dd74464c976ce23,1,circle
actuator_gain_l3,-0.003908224348702754,-0.012347395869817989,-0.03039138987660403,-0.012023761767227248,True,0.017779104449862405,physical,0.04183777933674761,0.10363555774092668,0.046310004178645545,3,0.01387088010115965,ThreadedAsync,0.02949038346692962,0.07324416786432265,0.0342862424114183,actuator_gain,c15a120662df139ed529a1c7d6ba9b078cca47bc7eb4bbfe9dd74464c976ce23,2,circle
actuator_gain_l3,-0.0028782650749323204,-0.008582714306339563,-0.02616409361362454,-0.008622532353808068,True,0.017779104449862405,physical,0.04183777933674761,0.10363555774092668,0.046310004178645545,3,0.014900839374930084,ThreadedAsync,0.033255065030408044,0.07747146412730214,0.037687471824837476,actuator_gain,c15a120662df139ed529a1c7d6ba9b078cca47bc7eb4bbfe9dd74464c976ce23,3,circle
actuator_gain_l3,-0.002301631393811756,-0.007771911605875502,-0.015220349282026258,-0.00821155959417992,True,0.017779104449862405,physical,0.04183777933674761,0.10363555774092668,0.046310004178645545,3,0.015477473056050649,ThreadedAsync,0.034065867730872106,0.08841520845890043,0.038098444584465624,actuator_gain,c15a120662df139ed529a1c7d6ba9b078cca47bc7eb4bbfe9dd74464c976ce23,4,circle
actuator_gain_l6,-0.007565286704000876,-0.020783969847942035,-0.0413199707865715,-0.01787469844264586,True,0.02504080649883189,physical,0.05828550809563131,0.14291496574878693,0.06274575393737125,6,0.017475519794831015,IdealZeroDelay,0.03750153824768927,0.10159499496221543,0.04487105549472539,actuator_gain,c15a120662df139ed529a1c7d6ba9b078cca47bc7eb4bbfe9dd74464c976ce23,0,circle
actuator_gain_l6,-0.00708381458500152,-0.02009206430810663,-0.0389799788594246,-0.017072099347428357,True,0.02504080649883189,physical,0.05828550809563131,0.14291496574878693,0.06274575393737125,6,0.01795699191383037,IdealZeroDelay,0.03819344378752468,0.10393498688936233,0.045673654589942894,actuator_gain,c15a120662df139ed529a1c7d6ba9b078cca47bc7eb4bbfe9dd74464c976ce23,1,circle
actuator_gain_l6,-0.006738614839588097,-0.020771826251530262,-0.04667785763740548,-0.01757421720731802,True,0.02504080649883189,physical,0.05828550809563131,0.14291496574878693,0.06274575393737125,6,0.018302191659243794,IdealZeroDelay,0.037513681844101046,0.09623710811138145,0.04517153673005323,actuator_gain,c15a120662df139ed529a1c7d6ba9b078cca47bc7eb4bbfe9dd74464c976ce23,2,circle
actuator_gain_l6,-0.007484254101768086,-0.02219372914703633,-0.05460706427693371,-0.01948792071802702,True,0.02504080649883189,physical,0.05828550809563131,0.14291496574878693,0.06274575393737125,6,0.017556552397063805,IdealZeroDelay,0.03609177894859498,0.08830790147185322,0.04325783321934423,actuator_gain,c15a120662df139ed529a1c7d6ba9b078cca47bc7eb4bbfe9dd74464c976ce23,3,circle
actuator_gain_l6,-0.007423664345266718,-0.022786172902368652,-0.05870050191879275,-0.020225143469086382,True,0.02504080649883189,physical,0.05828550809563131,0.14291496574878693,0.06274575393737125,6,0.017617142153565173,IdealZeroDelay,0.035499335193262656,0.08421446382999417,0.04252061046828487,actuator_gain,c15a120662df139ed529a1c7d6ba9b078cca47bc7eb4bbfe9dd74464c976ce23,4,circle
actuator_gain_l6,0.07337872487766318,0.17222695794773885,0.028578141331672663,0.019598225060717026,True,0.02504080649883189,physical,0.05828550809563131,0.14291496574878693,0.06274575393737125,6,0.09841953137649508,NaiveDelayed,0.23051246604337017,0.1714931070804596,0.08234397899808828,actuator_gain,c15a120662df139ed529a1c7d6ba9b078cca47bc7eb4bbfe9dd74464c976ce23,0,circle
actuator_gain_l6,0.07854938430161179,0.1753230861488102,0.026248636841773892,0.02106273740171105,True,0.02504080649883189,physical,0.05828550809563131,0.14291496574878693,0.06274575393737125,6,0.10359019080044368,NaiveDelayed,0.2336085942444415,0.16916360259056082,0.0838084913390823,actuator_gain,c15a120662df139ed529a1c7d6ba9b078cca47bc7eb4bbfe9dd74464c976ce23,1,circle
actuator_gain_l6,0.06186397422800648,0.11357914345830618,0.027165514230728133,0.02291779321071366,True,0.02504080649883189,physical,0.05828550809563131,0.14291496574878693,0.06274575393737125,6,0.08690478072683837,NaiveDelayed,0.1718646515539375,0.17008047997951506,0.08566354714808491,actuator_gain,c15a120662df139ed529a1c7d6ba9b078cca47bc7eb4bbfe9dd74464c976ce23,2,circle
actuator_gain_l6,0.05555072813635911,0.11166739634810423,0.025610756874084428,0.02162546615491466,True,0.02504080649883189,physical,0.05828550809563131,0.14291496574878693,0.06274575393737125,6,0.080591534635191,NaiveDelayed,0.16995290444373554,0.16852572262287135,0.08437122009228591,actuator_gain,c15a120662df139ed529a1c7d6ba9b078cca47bc7eb4bbfe9dd74464c976ce23,3,circle
actuator_gain_l6,0.08044670361864369,0.1684995458674451,0.04534708112478247,0.03156548185874848,True,0.02504080649883189,physical,0.05828550809563131,0.14291496574878693,0.06274575393737125,6,0.10548751011747558,NaiveDelayed,0.2267850539630764,0.1882620468735694,0.09431123579611973,actuator_gain,c15a120662df139ed529a1c7d6ba9b078cca47bc7eb4bbfe9dd74464c976ce23,4,circle
actuator_gain_l6,-0.006077520216363284,-0.01815401496005633,-0.04105492904782303,-0.01551707400571515,True,0.02504080649883189,physical,0.05828550809563131,0.14291496574878693,0.06274575393737125,6,0.018963286282468607,VirtualDelayAware,0.04013149313557498,0.1018600367009639,0.0472286799316561,actuator_gain,c15a120662df139ed529a1c7d6ba9b078cca47bc7eb4bbfe9dd74464c976ce23,0,circle
actuator_gain_l6,-0.007143595604148668,-0.019231862471427316,-0.042539946734905285,-0.017026505119285697,True,0.02504080649883189,physical,0.05828550809563131,0.14291496574878693,0.06274575393737125,6,0.017897210894683224,VirtualDelayAware,0.03905364562420399,0.10037501901388164,0.045719248818085555,actuator_gain,c15a120662df139ed529a1c7d6ba9b078cca47bc7eb4bbfe9dd74464c976ce23,1,circle
actuator_gain_l6,-0.006716706561534783,-0.019492695027728116,-0.0453637145459652,-0.016136577443469045,True,0.02504080649883189,physical,0.05828550809563131,0.14291496574878693,0.06274575393737125,6,0.018324099937297108,VirtualDelayAware,0.03879281306790319,0.09755125120282172,0.046609176493902206,actuator_gain,c15a120662df139ed529a1c7d6ba9b078cca47bc7eb4bbfe9dd74464c976ce23,2,circle
actuator_gain_l6,-0.00671834746743338,-0.018690393683462127,-0.04287835657596589,-0.01685572077206817,True,0.02504080649883189,physical,0.05828550809563131,0.14291496574878693,0.06274575393737125,6,0.01832245903139851,VirtualDelayAware,0.03959511441216918,0.10003660917282103,0.04589003316530308,actuator_gain,c15a120662df139ed529a1c7d6ba9b078cca47bc7eb4bbfe9dd74464c976ce23,3,circle
actuator_gain_l6,-0.00671257578294707,-0.01866922493306014,-0.03956468328833587,-0.016085285072329154,True,0.02504080649883189,physical,0.05828550809563131,0.14291496574878693,0.06274575393737125,6,0.01832823071588482,VirtualDelayAware,0.03961628316257117,0.10335028246045105,0.0466604688650421,actuator_gain,c15a120662df139ed529a1c7d6ba9b078cca47bc7eb4bbfe9dd74464c976ce23,4,circle
actuator_gain_l6,-0.004636300332368368,-0.013259386214468656,-0.024923714250326204,-0.009781806503886721,True,0.02504080649883189,physical,0.05828550809563131,0.14291496574878693,0.06274575393737125,6,0.020404506166463523,ThreadedAsync,0.04502612188116265,0.11799125149846072,0.05296394743348453,actuator_gain,c15a120662df139ed529a1c7d6ba9b078cca47bc7eb4bbfe9dd74464c976ce23,0,circle
actuator_gain_l6,-0.005614305926083633,-0.016743255068181653,-0.03857107385993008,-0.0136541356269742,True,0.02504080649883189,physical,0.05828550809563131,0.14291496574878693,0.06274575393737125,6,0.019426500572748258,ThreadedAsync,0.041542253027449655,0.10434389188885684,0.04909161831039705,actuator_gain,c15a120662df139ed529a1c7d6ba9b078cca47bc7eb4bbfe9dd74464c976ce23,1,circle
actuator_gain_l6,-0.006184312051374215,-0.01697491636594839,-0.03742168024182324,-0.014420588540582549,True,0.02504080649883189,physical,0.05828550809563131,0.14291496574878693,0.06274575393737125,6,0.018856494447457676,ThreadedAsync,0.04131059172968292,0.10549328550696369,0.0483251653967887,actuator_gain,c15a120662df139ed529a1c7d6ba9b078cca47bc7eb4bbfe9dd74464c976ce23,2,circle
actuator_gain_l6,-0.006265974045903826,-0.016899536942318043,-0.03197571411728861,-0.013919104937249967,True,0.02504080649883189,physical,0.05828550809563131,0.14291496574878693,0.06274575393737125,6,0.018774832452928065,ThreadedAsync,0.041385971153313265,0.11093925163149831,0.048826649000121285,actuator_gain,c15a120662df139ed529a1c7d6ba9b078cca47bc7eb4bbfe9dd74464c976ce23,3,circle
actuator_gain_l6,-0.005519753279335734,-0.017189353494404216,-0.03135404065251353,-0.012836342265128628,True,0.02504080649883189,physical,0.05828550809563131,0.14291496574878693,0.06274575393737125,6,0.019521053219496157,ThreadedAsync,0.04109615460122709,0.1115609250962734,0.04990941167224262,actuator_gain,c15a120662df139ed529a1c7d6ba9b078cca47bc7eb4bbfe9dd74464c976ce23,4,circle
force_pulse_l3,-0.005327449979967928,-0.015779844574715252,-0.03944994658231735,-0.016248780714029194,True,0.015156517768482106,physical,0.036033714628070944,0.08892745003104206,0.039854656751544974,3,0.009829067788514178,IdealZeroDelay,0.02025387005335569,0.049477503448724716,0.02360587603751578,force_pulse,c15a120662df139ed529a1c7d6ba9b078cca47bc7eb4bbfe9dd74464c976ce23,0,circle
force_pulse_l3,-0.003564780165811474,-0.010766594166293112,-0.02593396902084348,-0.010726598903725838,True,0.015156517768482106,physical,0.036033714628070944,0.08892745003104206,0.039854656751544974,3,0.011591737602670632,IdealZeroDelay,0.025267120461777832,0.06299348101019858,0.029128057847819137,force_pulse,c15a120662df139ed529a1c7d6ba9b078cca47bc7eb4bbfe9dd74464c976ce23,1,circle
force_pulse_l3,-0.0023295510545502662,-0.008459851417997485,-0.03374384008347998,-0.009388038484480495,True,0.015156517768482106,physical,0.036033714628070944,0.08892745003104206,0.039854656751544974,3,0.01282696671393184,IdealZeroDelay,0.02757386321007346,0.055183609947562086,0.03046661826706448,force_pulse,c15a120662df139ed529a1c7d6ba9b078cca47bc7eb4bbfe9dd74464c976ce23,2,circle
force_pulse_l3,-0.0033853680330619435,-0.0118188222143405,-0.03790044970810411,-0.012542975135483962,True,0.015156517768482106,physical,0.036033714628070944,0.08892745003104206,0.039854656751544974,3,0.011771149735420162,IdealZeroDelay,0.024214892413730444,0.05102700032293795,0.027311681616061012,force_pulse,c15a120662df139ed529a1c7d6ba9b078cca47bc7eb4bbfe9dd74464c976ce23,3,circle
force_pulse_l3,-0.005093441641120562,-0.015087471926009687,-0.04218094833195207,-0.015595977740076015,True,0.015156517768482106,physical,0.036033714628070944,0.08892745003104206,0.039854656751544974,3,0.010063076127361544,IdealZeroDelay,0.020946242702061257,0.04674650169908999,0.02425867901146896,force_pulse,c15a120662df139ed529a1c7d6ba9b078cca47bc7eb4bbfe9dd74464c976ce23,4,circle
force_pulse_l3,0.05048183562132447,0.11031455719702524,0.04846176579594598,0.03225023285434477,True,0.015156517768482106,physical,0.036033714628070944,0.08892745003104206,0.039854656751544974,3,0.06563835338980657,NaiveDelayed,0.1463482718250962,0.13738921582698804,0.07210488960588975,force_pulse,c15a120662df139ed529a1c7d6ba9b078cca47bc7eb4bbfe9dd74464c976ce23,0,circle
force_pulse_l3,0.07964775438975481,0.1550305860073265,0.05055081173777583,0.03396520539047284,True,0.015156517768482106,physical,0.036033714628070944,0.08892745003104206,0.039854656751544974,3,0.09480427215823692,NaiveDelayed,0.19106430063539745,0.1394782617688179,0.07381986214201781,force_pulse,c15a120662df139ed529a1c7d6ba9b078cca47bc7eb4bbfe9dd74464c976ce23,1,circle
force_pulse_l3,0.06730933256406822,0.161221267356162,0.04607066288590435,0.02622081176304724,True,0.015156517768482106,physical,0.036033714628070944,0.08892745003104206,0.039854656751544974,3,0.08246585033255033,NaiveDelayed,0.19725498198423294,0.1349981129169464,0.06607546851459221,force_pulse,c15a120662df139ed529a1c7d6ba9b078cca47bc7eb4bbfe9dd74464c976ce23,2,circle
force_pulse_l3,0.07937200459637696,0.1702045439870404,0.03682167455554007,0.0292727550692606,True,0.015156517768482106,physical,0.036033714628070944,0.08892745003104206,0.039854656751544974,3,0.09452852236485906,NaiveDelayed,0.20623825861511136,0.12574912458658213,0.06912741182080558,force_pulse,c15a120662df139ed529a1c7d6ba9b078cca47bc7eb4bbfe9dd74464c976ce23,3,circle
force_pulse_l3,0.07384456120374426,0.1618052479904479,0.05843302235007285,0.035936084048773013,True,0.015156517768482106,physical,0.036033714628070944,0.08892745003104206,0.039854656751544974,3,0.08900107897222637,NaiveDelayed,0.19783896261851885,0.1473604723811149,0.07579074080031799,force_pulse,c15a120662df139ed529a1c7d6ba9b078cca47bc7eb4bbfe9dd74464c976ce23,4,circle
force_pulse_l3,-0.002870374952084446,-0.009533397460600793,-0.027193735167384138,-0.010209936983257659,True,0.015156517768482106,physical,0.036033714628070944,0.08892745003104206,0.039854656751544974,3,0.01228614281639766,VirtualDelayAware,0.02650031716747015,0.061733714863657925,0.029644719768287316,force_pulse,c15a120662df139ed529a1c7d6ba9b078cca47bc7eb4bbfe9dd74464c976ce23,0,circle
force_pulse_l3,-0.003889340727492932,-0.011193955711601342,-0.03316162787377832,-0.012799177351006635,True,0.015156517768482106,physical,0.036033714628070944,0.08892745003104206,0.039854656751544974,3,0.011267177040989174,VirtualDelayAware,0.0248397589164696,0.05576582215726374,0.02705547940053834,force_pulse,c15a120662df139ed529a1c7d6ba9b078cca47bc7eb4bbfe9dd74464c976ce23,1,circle
force_pulse_l3,5.77450217043949e-05,-0.003264365060594916,-0.02416053637862202,-0.004969824751862188,True,0.015156517768482106,physical,0.036033714628070944,0.08892745003104206,0.039854656751544974,3,0.0152142627901865,VirtualDelayAware,0.03276934956747603,0.06476691365242004,0.034884831999682786,force_pulse,c15a120662df139ed529a1c7d6ba9b078cca47bc7eb4bbfe9dd74464c976ce23,2,circle
force_pulse_l3,-0.004024432225864188,-0.012336634603697244,-0.03655000813305375,-0.01298381428624202,True,0.015156517768482106,physical,0.036033714628070944,0.08892745003104206,0.039854656751544974,3,0.011132085542617918,VirtualDelayAware,0.0236970800243737,0.05237744189798831,0.026870842465302955,force_pulse,c15a120662df139ed529a1c7d6ba9b078cca47bc7eb4bbfe9dd74464c976ce23,3,circle
force_pulse_l3,-0.004053275108778729,-0.011912189919160859,-0.03512120023369787,-0.013199726880991535,True,0.015156517768482106,physical,0.036033714628070944,0.08892745003104206,0.039854656751544974,3,0.011103242659703376,VirtualDelayAware,0.024121524708910085,0.05380624979734419,0.02665492987055344,force_pulse,c15a120662df139ed529a1c7d6ba9b078cca47bc7eb4bbfe9dd74464c976ce23,4,circle
force_pulse_l3,-0.005045963161880768,-0.01374098336413547,-0.039969718456268274,-0.01453786068716676,True,0.015156517768482106,physical,0.036033714628070944,0.08892745003104206,0.039854656751544974,3,0.010110554606601338,ThreadedAsync,0.022292731263935474,0.04895773157477379,0.025316796064378214,force_pulse,c15a120662df139ed529a1c7d6ba9b078cca47bc7eb4bbfe9dd74464c976ce23,0,circle
force_pulse_l3,-0.0035077619351676793,-0.011252906768211179,-0.035491722822189306,-0.011222791056976756,True,0.015156517768482106,physical,0.036033714628070944,0.08892745003104206,0.039854656751544974,3,0.011648755833314426,ThreadedAsync,0.024780807859859765,0.05343572720885276,0.02863186569456822,force_pulse,c15a120662df139ed529a1c7d6ba9b078cca47bc7eb4bbfe9dd74464c976ce23,1,circle
force_pulse_l3,-0.004356914953909559,-0.013394905564926823,-0.032694084942340856,-0.0132614116283933,True,0.015156517768482106,physical,0.036033714628070944,0.08892745003104206,0.039854656751544974,3,0.010799602814572547,ThreadedAsync,0.02263880906314412,0.05623336508870121,0.026593245123151674,force_pulse,c15a120662df139ed529a1c7d6ba9b078cca47bc7eb4bbfe9dd74464c976ce23,2,circle
force_pulse_l3,-0.0005510658671110166,-0.00450708349806931,-0.023443059623241405,-0.006027468482515792,True,0.015156517768482106,physical,0.036033714628070944,0.08892745003104206,0.039854656751544974,3,0.014605451901371089,ThreadedAsync,0.031526631130001634,0.06548439040780066,0.03382718826902918,force_pulse,c15a120662df139ed529a1c7d6ba9b078cca47bc7eb4bbfe9dd74464c976ce23,3,circle
force_pulse_l3,-0.003478662802578405,-0.011356396219060167,-0.026703788340091718,-0.01086181425354053,True,0.015156517768482106,physical,0.036033714628070944,0.08892745003104206,0.039854656751544974,3,0.0116778549659037,ThreadedAsync,0.024677318409010777,0.062223661690950345,0.028992842498004445,force_pulse,c15a120662df139ed529a1c7d6ba9b078cca47bc7eb4bbfe9dd74464c976ce23,4,circle
force_pulse_l6,-0.004829819503753998,-0.015106101566115821,-0.04156421348452563,-0.015401002125640339,True,0.015715592459514628,physical,0.037821033193578886,0.09285449460148805,0.04129387333505724,6,0.01088577295576063,IdealZeroDelay,0.022714931627463065,0.05129028111696242,0.025892871209416902,force_pulse,c15a120662df139ed529a1c7d6ba9b078cca47bc7eb4bbfe9dd74464c976ce23,0,circle
force_pulse_l6,-0.0015191546400076389,-0.006837159725018183,-0.016594037413597107,-0.006102536799091077,True,0.015715592459514628,physical,0.037821033193578886,0.09285449460148805,0.04129387333505724,6,0.01419643781950699,IdealZeroDelay,0.030983873468560703,0.07626045718789094,0.035191336535966164,force_pulse,c15a120662df139ed529a1c7d6ba9b078cca47bc7eb4bbfe9dd74464c976ce23,1,circle
force_pulse_l6,-0.0026468910482142886,-0.010462684482803915,-0.036116721853613816,-0.010782997846751831,True,0.015715592459514628,physical,0.037821033193578886,0.09285449460148805,0.04129387333505724,6,0.01306870141130034,IdealZeroDelay,0.02735834871077497,0.056737772747874234,0.03051087548830541,force_pulse,c15a120662df139ed529a1c7d6ba9b078cca47bc7eb4bbfe9dd74464c976ce23,2,circle
force_pulse_l6,-0.0014112349666247689,-0.006947452038278724,-0.02881986424326892,-0.006670818423579673,True,0.015715592459514628,physical,0.037821033193578886,0.09285449460148805,0.04129387333505724,6,0.01430435749288986,IdealZeroDelay,0.030873581155300162,0.06403463035821913,0.03462305491147757,force_pulse,c15a120662df139ed529a1c7d6ba9b078cca47bc7eb4bbfe9dd74464c976ce23,3,circle
force_pulse_l6,-0.004115428889327158,-0.01298682088402553,-0.03538253717124458,-0.013314571490713332,True,0.015715592459514628,physical,0.037821033193578886,0.09285449460148805,0.04129387333505724,6,0.01160016357018747,IdealZeroDelay,0.024834212309553357,0.05747195743024347,0.02797930184434391,force_pulse,c15a120662df139ed529a1c7d6ba9b078cca47bc7eb4bbfe9dd74464c976ce23,4,circle
force_pulse_l6,0.05029252781016131,0.11446997354223482,0.045055036991834566,0.02892875239181915,True,0.015715592459514628,physical,0.037821033193578886,0.09285449460148805,0.04129387333505724,6,0.06600812026967594,NaiveDelayed,0.1522910067358137,0.13790953159332262,0.07022262572687639,force_pulse,c15a120662df139ed529a1c7d6ba9b078cca47bc7eb4bbfe9dd74464c976ce23,0,circle
force_pulse_l6,0.07727658467821957,0.16314678248785666,0.0656062521040439,0.038107881632015034,True,0.015715592459514628,physical,0.037821033193578886,0.09285449460148805,0.04129387333505724,6,0.09299217713773421,NaiveDelayed,0.20096781568143554,0.15846074670553195,0.07940175496707227,force_pulse,c15a120662df139ed529a1c7d6ba9b078cca47bc7eb4bbfe9dd74464c976ce23,1,circle
force_pulse_l6,0.06924260624848083,0.16846572657111214,0.04662280604243281,0.029314751937854003,True,0.015715592459514628,physical,0.037821033193578886,0.09285449460148805,0.04129387333505724,6,0.08495819870799547,NaiveDelayed,0.20628675976469102,0.13947730064392086,0.07060862527291124,force_pulse,c15a120662df139ed529a1c7d6ba9b078cca47bc7eb4bbfe9dd74464c976ce23,2,circle
force_pulse_l6,0.0875295445789874,0.1846610583656278,0.04522120431065553,0.02918984207534757,True,0.015715592459514628,physical,0.037821033193578886,0.09285449460148805,0.04129387333505724,6,0.10324513703850202,NaiveDelayed,0.22248209155920667,0.13807569891214358,0.07048371541040481,force_pulse,c15a120662df139ed529a1c7d6ba9b078cca47bc7eb4bbfe9dd74464c976ce23,3,circle
force_pulse_l6,0.07466500543903642,0.1612152605878518,0.0576876617968083,0.036531606804099365,True,0.015715592459514628,physical,0.037821033193578886,0.09285449460148805,0.04129387333505724,6,0.09038059789855105,NaiveDelayed,0.19903629378143067,0.15054215639829635,0.0778254801391566,force_pulse,c15a120662df139ed529a1c7d6ba9b078cca47bc7eb4bbfe9dd74464c976ce23,4,circle
force_pulse_l6,-0.003704402454189487,-0.010748761705777678,-0.026969970017671527,-0.01168749953025396,True,0.015715592459514628,physical,0.037821033193578886,0.09285449460148805,0.04129387333505724,6,0.012011190005325141,VirtualDelayAware,0.027072271487801208,0.06588452458381652,0.02960637380480328,force_pulse,c15a120662df139ed529a1c7d6ba9b078cca47bc7eb4bbfe9dd74464c976ce23,0,circle
force_pulse_l6,-0.0007983064734559519,-0.003977104553401299,-0.029585190117359203,-0.006952483829187575,True,0.015715592459514628,physical,0.037821033193578886,0.09285449460148805,0.04129387333505724,6,0.014917285986058676,VirtualDelayAware,0.03384392864017759,0.06326930448412885,0.034341389505869666,force_pulse,c15a120662df139ed529a1c7d6ba9b078cca47bc7eb4bbfe9dd74464c976ce23,1,circle
force_pulse_l6,0.0021783889332964747,0.0014634371722946696,-0.018264634907245572,-2.7088083818412045e-05,True,0.015715592459514628,physical,0.037821033193578886,0.09285449460148805,0.04129387333505724,6,0.017893981392811103,VirtualDelayAware,0.039284470365873556,0.07458985969424248,0.04126678525123883,force_pulse,c15a120662df139ed529a1c7d6ba9b078cca47bc7eb4bbfe9dd74464c976ce23,2,circle
force_pulse_l6,-0.0034140674725251837,-0.01159996766484293,-0.03437633886933322,-0.011460825500516195,True,0.015715592459514628,physical,0.037821033193578886,0.09285449460148805,0.04129387333505724,6,0.012301524986989444,VirtualDelayAware,0.026221065528735956,0.05847815573215483,0.029833047834541045,force_pulse,c15a120662df139ed529a1c7d6ba9b078cca47bc7eb4bbfe9dd74464c976ce23,3,circle
force_pulse_l6,-0.004289471136313774,-0.01172983240588869,-0.036629794165492,-0.01338209099432704,True,0.015715592459514628,physical,0.037821033193578886,0.09285449460148805,0.04129387333505724,6,0.011426121323200854,VirtualDelayAware,0.026091200787690196,0.05622470043599605,0.0279117823407302,force_pulse,c15a120662df139ed529a1c7d6ba9b078cca47bc7eb4bbfe9dd74464c976ce23,4,circle
force_pulse_l6,-0.00400719850716974,-0.012259619917127106,-0.027992118149995776,-0.012505446044154905,True,0.015715592459514628,physical,0.037821033193578886,0.09285449460148805,0.04129387333505724,6,0.011708393952344888,ThreadedAsync,0.02556141327645178,0.06486237645149227,0.028788427290902335,force_pulse,c15a120662df139ed529a1c7d6ba9b078cca47bc7eb4bbfe9dd74464c976ce23,0,circle
force_pulse_l6,-0.004065167469301254,-0.01318652486363468,-0.03532751202583312,-0.0128138213448868,True,0.015715592459514628,physical,0.037821033193578886,0.09285449460148805,0.04129387333505724,6,0.011650424990213374,ThreadedAsync,0.024634508329944207,0.05752698257565493,0.02848005199017044,force_pulse,c15a120662df139ed529a1c7d6ba9b078cca47bc7eb4bbfe9dd74464c976ce23,1,circle
force_pulse_l6,-0.003995441626135106,-0.01179770571714683,-0.03696647211909288,-0.012633106343489693,True,0.015715592459514628,physical,0.037821033193578886,0.09285449460148805,0.04129387333505724,6,0.011720150833379522,ThreadedAsync,0.026023327476432056,0.05588802248239517,0.028660766991567548,force_pulse,c15a120662df139ed529a1c7d6ba9b078cca47bc7eb4bbfe9dd74464c976ce23,2,circle
force_pulse_l6,-0.004022761564311415,-0.012397907101733923,-0.030661153048276837,-0.012065593942714399,True,0.015715592459514628,physical,0.037821033193578886,0.09285449460148805,0.04129387333505724,6,0.011692830895203213,ThreadedAsync,0.025423126091844963,0.06219334155321121,0.02922827939234284,force_pulse,c15a120662df139ed529a1c7d6ba9b078cca47bc7eb4bbfe9dd74464c976ce23,3,circle
force_pulse_l6,-0.004266484503699449,-0.012791296200409787,-0.03854232877492898,-0.012986039570906192,True,0.015715592459514628,physical,0.037821033193578886,0.09285449460148805,0.04129387333505724,6,0.011449107955815179,ThreadedAsync,0.0250297369931691,0.05431216582655907,0.02830783376415105,force_pulse,c15a120662df139ed529a1c7d6ba9b078cca47bc7eb4bbfe9dd74464c976ce23,4,circle
nominal,-0.005144545703506028,-0.01501172640297949,-0.04130348600447174,-0.015897610792173212,True,0.015249685278717225,physical,0.036029501136291,0.08892745003104206,0.04010962114423325,0,0.010105139575211197,IdealZeroDelay,0.021017774733311508,0.04762396402657032,0.024212010352060036,nominal,c15a120662df139ed529a1c7d6ba9b078cca47bc7eb4bbfe9dd74464c976ce23,0,circle
nominal,-0.004056224117521106,-0.011902380676520073,-0.034392860904335965,-0.012157470858424033,True,0.015249685278717225,physical,0.036029501136291,0.08892745003104206,0.04010962114423325,0,0.011193461161196119,IdealZeroDelay,0.024127120459770925,0.0545345891267061,0.027952150285809215,nominal,c15a120662df139ed529a1c7d6ba9b078cca47bc7eb4bbfe9dd74464c976ce23,1,circle
nominal,-0.002568488542618109,-0.009069756082042229,-0.03008947446942329,-0.009585905719314752,True,0.015249685278717225,physical,0.036029501136291,0.08892745003104206,0.04010962114423325,0,0.012681196736099116,IdealZeroDelay,0.02695974505424877,0.05883797556161877,0.030523715424918496,nominal,c15a120662df139ed529a1c7d6ba9b078cca47bc7eb4bbfe9dd74464c976ce23,2,circle
nominal,-0.0033019244291130623,-0.011614064324745661,-0.03506828881800177,-0.012146971196487898,True,0.015249685278717225,physical,0.036029501136291,0.08892745003104206,0.04010962114423325,0,0.011947760849604163,IdealZeroDelay,0.024415436811545337,0.053859161213040296,0.02796264994774535,nominal,c15a120662df139ed529a1c7d6ba9b078cca47bc7eb4bbfe9dd74464c976ce23,3,circle
nominal,-0.004475776789767643,-0.01304977935623523,-0.037687933072447756,-0.013560195290366797,True,0.015249685278717225,physical,0.036029501136291,0.08892745003104206,0.04010962114423325,0,0.010773908488949583,IdealZeroDelay,0.022979721780055768,0.05123951695859431,0.02654942585386645,nominal,c15a120662df139ed529a1c7d6ba9b078cca47bc7eb4bbfe9dd74464c976ce23,4,circle
nominal,0.049917995866033654,0.11557034834280805,0.039414746314287194,0.02808738076319732,True,0.015249685278717225,physical,0.036029501136291,0.08892745003104206,0.04010962114423325,0,0.06516768114475088,NaiveDelayed,0.15159984947909905,0.12834219634532926,0.06819700190743057,nominal,c15a120662df139ed529a1c7d6ba9b078cca47bc7eb4bbfe9dd74464c976ce23,0,circle
nominal,0.07953553573179137,0.16160266963804934,0.0487963028252124,0.03002711157457358,True,0.015249685278717225,physical,0.036029501136291,0.08892745003104206,0.04010962114423325,0,0.0947852210105086,NaiveDelayed,0.19763217077434034,0.13772375285625446,0.07013673271880683,nominal,c15a120662df139ed529a1c7d6ba9b078cca47bc7eb4bbfe9dd74464c976ce23,1,circle
nominal,0.0679151552214033,0.16438850366242408,0.02986461445689205,0.022276552161446125,True,0.015249685278717225,physical,0.036029501136291,0.08892745003104206,0.04010962114423325,0,0.08316484050012053,NaiveDelayed,0.20041800479871508,0.11879206448793411,0.062386173305679374,nominal,c15a120662df139ed529a1c7d6ba9b078cca47bc7eb4bbfe9dd74464c976ce23,2,circle
nominal,0.08120220091226067,0.1716818479230316,0.05711617991328234,0.0336226448112755,True,0.015249685278717225,physical,0.036029501136291,0.08892745003104206,0.04010962114423325,0,0.0964518861909779,NaiveDelayed,0.2077113490593226,0.1460436299443244,0.07373226595550875,nominal,c15a120662df139ed529a1c7d6ba9b078cca47bc7eb4bbfe9dd74464c976ce23,3,circle
nominal,0.07458520399037033,0.1617618327216834,0.044186361879110306,0.032402380103386724,True,0.015249685278717225,physical,0.036029501136291,0.08892745003104206,0.04010962114423325,0,0.08983488926908756,NaiveDelayed,0.1977913338579744,0.13311381191015237,0.07251200124761997,nominal,c15a120662df139ed529a1c7d6ba9b078cca47bc7eb4bbfe9dd74464c976ce23,4,circle
nominal,-0.0022037834273479218,-0.007507378952517182,-0.022284178435802424,-0.008035497914226225,True,0.015249685278717225,physical,0.036029501136291,0.08892745003104206,0.04010962114423325,0,0.013045901851369304,VirtualDelayAware,0.028522122183773816,0.06664327159523964,0.03207412323000702,nominal,c15a120662df139ed529a1c7d6ba9b078cca47bc7eb4bbfe9dd74464c976ce23,0,circle
nominal,-0.0043504938578694235,-0.011679308124027506,-0.03467807173728941,-0.01413277640584052,True,0.015249685278717225,physical,0.036029501136291,0.08892745003104206,0.04010962114423325,0,0.010899191420847802,VirtualDelayAware,0.02435019301226349,0.054249378293752655,0.025976844738392728,nominal,c15a120662df139ed529a1c7d6ba9b078cca47bc7eb4bbfe9dd74464c976ce23,1,circle
nominal,-0.0002646086924582101,-0.0037064502026907253,-0.023838960379362076,-0.0051939319731081,True,0.015249685278717225,physical,0.036029501136291,0.08892745003104206,0.04010962114423325,0,0.014985076586259015,VirtualDelayAware,0.03232305093360027,0.06508848965167999,0.03491568917112515,nominal,c15a120662df139ed529a1c7d6ba9b078cca47bc7eb4bbfe9dd74464c976ce23,2,circle
nominal,-0.004019746541013379,-0.01169081268072348,-0.037584104388952225,-0.013113303241687232,True,0.015249685278717225,physical,0.036029501136291,0.08892745003104206,0.04010962114423325,0,0.011229938737703846,VirtualDelayAware,0.02433868845556752,0.05134334564208984,0.026996317902546016,nominal,c15a120662df139ed529a1c7d6ba9b078cca47bc7eb4bbfe9dd74464c976ce23,3,circle
nominal,-0.003949531655352764,-0.011968969396051483,-0.03596458248794078,-0.013600655095747146,True,0.015249685278717225,physical,0.036029501136291,0.08892745003104206,0.04010962114423325,0,0.011300153623364461,VirtualDelayAware,0.024060531740239515,0.05296286754310128,0.026508966048486102,nominal,c15a120662df139ed529a1c7d6ba9b078cca47bc7eb4bbfe9dd74464c976ce23,4,circle
nominal,-0.002729498724754191,-0.009327778680359694,-0.027024108543992016,-0.01040498520624289,True,0.015249685278717225,physical,0.036029501136291,0.08892745003104206,0.04010962114423325,0,0.012520186553963034,ThreadedAsync,0.026701722455931304,0.06190334148705005,0.02970463593799036,nominal,c15a120662df139ed529a1c7d6ba9b078cca47bc7eb4bbfe9dd74464c976ce23,0,circle
nominal,-0.003926570312688456,-0.012210367730083854,-0.030095812305808045,-0.012325026020875325,True,0.015249685278717225,physical,0.036029501136291,0.08892745003104206,0.04010962114423325,0,0.01132311496602877,ThreadedAsync,0.023819133406207144,0.05883163772523402,0.027784595123357923,nominal,c15a120662df139ed529a1c7d6ba9b078cca47bc7eb4bbfe9dd74464c976ce23,1,circle
nominal,-0.0033749941623091965,-0.011030591868209056,-0.0243470400571823,-0.010685553820896535,True,0.015249685278717225,physical,0.036029501136291,0.08892745003104206,0.04010962114423325,0,0.011874691116408029,ThreadedAsync,0.024998909268081942,0.06458040997385976,0.029424067323336713,nominal,c15a120662df139ed529a1c7d6ba9b078cca47bc7eb4bbfe9dd74464c976ce23,2,circle
nominal,-0.004012387998369124,-0.011022424250051073,-0.02629310339689253,-0.011832140245789349,True,0.015249685278717225,physical,0.036029501136291,0.08892745003104206,0.04010962114423325,0,0.011237297280348101,ThreadedAsync,0.025007076886239925,0.06263434663414953,0.0282774808984439,nominal,c15a120662df139ed529a1c7d6ba9b078cca47bc7eb4bbfe9dd74464c976ce23,3,circle
nominal,-0.004333788480065635,-0.012439622011223967,-0.03387279435992238,-0.013293591447421524,True,0.015249685278717225,physical,0.036029501136291,0.08892745003104206,0.04010962114423325,0,0.01091589679865159,ThreadedAsync,0.02358987912506703,0.05505465567111968,0.026816029696811725,nominal,c15a120662df139ed529a1c7d6ba9b078cca47bc7eb4bbfe9dd74464c976ce23,4,circle
observation_noise_l3,-0.003445971757745723,-0.010697217136005698,-0.03736534342169763,-0.012623180544631261,True,0.015249685278717225,physical,0.036029501136291,0.08892745003104206,0.04010962114423325,3,0.011803713520971502,IdealZeroDelay,0.0253322840002853,0.05156210660934443,0.027486440599601987,observation_noise,c15a120662df139ed529a1c7d6ba9b078cca47bc7eb4bbfe9dd74464c976ce23,0,circle
observation_noise_l3,-0.003868354123125464,-0.011874587945101635,-0.03742010854184625,-0.013547955110259368,True,0.015249685278717225,physical,0.036029501136291,0.08892745003104206,0.04010962114423325,3,0.011381331155591761,IdealZeroDelay,0.024154913191189363,0.051507341489195814,0.02656166603397388,observation_noise,c15a120662df139ed529a1c7d6ba9b078cca47bc7eb4bbfe9dd74464c976ce23,1,circle
observation_noise_l3,-0.0006419730063956085,-0.004132695093471549,-0.023064378648996353,-0.0055325058157564624,True,0.015249685278717225,physical,0.036029501136291,0.08892745003104206,0.04010962114423325,3,0.014607712272321617,IdealZeroDelay,0.03189680604281945,0.06586307138204571,0.034577115328476786,observation_noise,c15a120662df139ed529a1c7d6ba9b078cca47bc7eb4bbfe9dd74464c976ce23,2,circle
observation_noise_l3,-0.004076545701080021,-0.013065468409614537,-0.03239625021815307,-0.013229365069580216,True,0.015249685278717225,physical,0.036029501136291,0.08892745003104206,0.04010962114423325,3,0.011173139577637204,IdealZeroDelay,0.02296403272667646,0.05653119981288899,0.026880256074653032,observation_noise,c15a120662df139ed529a1c7d6ba9b078cca47bc7eb4bbfe9dd74464c976ce23,3,circle
observation_noise_l3,-0.0019692266354041452,-0.008507118785052191,-0.032349509745836225,-0.010372463842298608,True,0.015249685278717225,physical,0.036029501136291,0.08892745003104206,0.04010962114423325,3,0.01328045864331308,IdealZeroDelay,0.027522382351238807,0.05657794028520584,0.02973715730193464,observation_noise,c15a120662df139ed529a1c7d6ba9b078cca47bc7eb4bbfe9dd74464c976ce23,4,circle
observation_noise_l3,0.07668462439186222,0.1638505045563612,0.05544985607266424,0.03181999543487368,True,0.015249685278717225,physical,0.036029501136291,0.08892745003104206,0.04010962114423325,3,0.09193430967057944,NaiveDelayed,0.19988000569265219,0.1443773061037063,0.07192961657910693,observation_noise,c15a120662df139ed529a1c7d6ba9b078cca47bc7eb4bbfe9dd74464c976ce23,0,circle
observation_noise_l3,0.08730580945409464,0.18570781221363564,0.06940635815262795,0.036959630932127716,True,0.015249685278717225,physical,0.036029501136291,0.08892745003104206,0.04010962114423325,3,0.10255549473281186,NaiveDelayed,0.22173731334992663,0.15833380818367002,0.07706925207636096,observation_noise,c15a120662df139ed529a1c7d6ba9b078cca47bc7eb4bbfe9dd74464c976ce23,1,circle
observation_noise_l3,0.06445413557630125,0.13578856818540555,0.05363746657967562,0.030345653702003372,True,0.015249685278717225,physical,0.036029501136291,0.08892745003104206,0.04010962114423325,3,0.07970382085501848,NaiveDelayed,0.17181806932169655,0.14256491661071768,0.07045527484623662,observation_noise,c15a120662df139ed529a1c7d6ba9b078cca47bc7eb4bbfe9dd74464c976ce23,2,circle
observation_noise_l3,0.0659540385474456,0.15884131913537433,0.05079739466309545,0.02779608022307871,True,0.015249685278717225,physical,0.036029501136291,0.08892745003104206,0.04010962114423325,3,0.08120372382616282,NaiveDelayed,0.19487082027166533,0.1397248446941375,0.06790570136731196,observation_noise,c15a120662df139ed529a1c7d6ba9b078cca47bc7eb4bbfe9dd74464c976ce23,3,circle
observation_noise_l3,0.08238695354201064,0.16308216260018568,0.053292756527662286,0.02898095098800897,True,0.015249685278717225,physical,0.036029501136291,0.08892745003104206,0.04010962114423325,3,0.09763663882072787,NaiveDelayed,0.19911166373647668,0.14222020655870435,0.06909057213224222,observation_noise,c15a120662df139ed529a1c7d6ba9b078cca47bc7eb4bbfe9dd74464c976ce23,4,circle
observation_noise_l3,-0.002165722447408123,-0.00847648130922642,-0.028323233127594098,-0.009160345392584836,True,0.015249685278717225,physical,0.036029501136291,0.08892745003104206,0.04010962114423325,3,0.013083962831309102,VirtualDelayAware,0.027553019827064578,0.060604216903447965,0.030949275751648412,observation_noise,c15a120662df139ed529a1c7d6ba9b078cca47bc7eb4bbfe9dd74464c976ce23,0,circle
observation_noise_l3,-0.0028973246055727583,-0.00974809200861786,-0.03730610236525534,-0.011604588121330153,True,0.015249685278717225,physical,0.036029501136291,0.08892745003104206,0.04010962114423325,3,0.012352360673144467,VirtualDelayAware,0.026281409127673138,0.05162134766578672,0.028505033022903095,observation_noise,c15a120662df139ed529a1c7d6ba9b078cca47bc7eb4bbfe9dd74464c976ce23,1,circle
observation_noise_l3,-0.0038756999484662377,-0.01081652520985767,-0.0333691906183958,-0.012484784625278321,True,0.015249685278717225,physical,0.036029501136291,0.08892745003104206,0.04010962114423325,3,0.011373985330250988,VirtualDelayAware,0.025212975926433328,0.05555825941264626,0.027624836518954927,observation_noise,c15a120662df139ed529a1c7d6ba9b078cca47bc7eb4bbfe9dd74464c976ce23,2,circle
observation_noise_l3,-0.0021978996610752533,-0.008012557358816383,-0.03615826927125452,-0.010754722554549005,True,0.015249685278717225,physical,0.036029501136291,0.08892745003104206,0.04010962114423325,3,0.013051785617641972,VirtualDelayAware,0.028016943777474615,0.052769180759787544,0.029354898589684243,observation_noise,c15a120662df139ed529a1c7d6ba9b078cca47bc7eb4bbfe9dd74464c976ce23,3,circle
observation_noise_l3,-0.004293234851075817,-0.012266072924165258,-0.03714784309267996,-0.013619514776609491,True,0.015249685278717225,physical,0.036029501136291,0.08892745003104206,0.04010962114423325,3,0.010956450427641408,VirtualDelayAware,0.02376342821212574,0.0517796069383621,0.026490106367623757,observation_noise,c15a120662df139ed529a1c7d6ba9b078cca47bc7eb4bbfe9dd74464c976ce23,4,circle
observation_noise_l3,-0.0006659796965150008,-0.002512175841038161,-0.018280563503503794,-0.0036554234491854645,True,0.015249685278717225,physical,0.036029501136291,0.08892745003104206,0.04010962114423325,3,0.014583705582202225,ThreadedAsync,0.03351732529525284,0.07064688652753827,0.036454197695047784,observation_noise,c15a120662df139ed529a1c7d6ba9b078cca47bc7eb4bbfe9dd74464c976ce23,0,circle
observation_noise_l3,-0.0026486616293411695,-0.007857811420892515,-0.015380280464887638,-0.007820056538348372,True,0.015249685278717225,physical,0.036029501136291,0.08892745003104206,0.04010962114423325,3,0.012601023649376056,ThreadedAsync,0.028171689715398483,0.07354716956615442,0.03228956460588488,observation_noise,c15a120662df139ed529a1c7d6ba9b078cca47bc7eb4bbfe9dd74464c976ce23,1,circle
observation_noise_l3,-0.0021891389105847345,-0.006451627848729807,-0.019503935426473593,-0.006931987565328118,True,0.015249685278717225,physical,0.036029501136291,0.08892745003104206,0.04010962114423325,3,0.01306054636813249,ThreadedAsync,0.02957787328756119,0.06942351460456847,0.03317763357890513,observation_noise,c15a120662df139ed529a1c7d6ba9b078cca47bc7eb4bbfe9dd74464c976ce23,2,circle
observation_noise_l3,-0.002529493509466999,-0.007110155930097558,-0.0243682481348515,-0.008745740050454691,True,0.015249685278717225,physical,0.036029501136291,0.08892745003104206,0.04010962114423325,3,0.012720191769250227,ThreadedAsync,0.02891934520619344,0.06455920189619056,0.03136388109377856,observation_noise,c15a120662df139ed529a1c7d6ba9b078cca47bc7eb4bbfe9dd74464c976ce23,3,circle
observation_noise_l3,-0.0021446821649010357,-0.006469728737391652,-0.02182175815105436,-0.007326827608022474,True,0.015249685278717225,physical,0.036029501136291,0.08892745003104206,0.04010962114423325,3,0.01310500311381619,ThreadedAsync,0.029559772398899346,0.0671056918799877,0.032782793536210775,observation_noise,c15a120662df139ed529a1c7d6ba9b078cca47bc7eb4bbfe9dd74464c976ce23,4,circle
observation_noise_l6,-0.000655329964964823,-0.004031740076400017,-0.023294076323509202,-0.005250681218302168,True,0.015249685278717225,physical,0.036029501136291,0.08892745003104206,0.04010962114423325,6,0.014594355313752402,IdealZeroDelay,0.03199776105989098,0.06563337370753286,0.03485893992593108,observation_noise,c15a120662df139ed529a1c7d6ba9b078cca47bc7eb4bbfe9dd74464c976ce23,0,circle
observation_noise_l6,0.0008128768173841748,-0.0027072709040503184,-0.01774447634816169,-0.00391724773535479,True,0.015249685278717225,physical,0.036029501136291,0.08892745003104206,0.04010962114423325,6,0.0160625620961014,IdealZeroDelay,0.03332223023224068,0.07118297368288037,0.03619237340887846,observation_noise,c15a120662df139ed529a1c7d6ba9b078cca47bc7eb4bbfe9dd74464c976ce23,1,circle
observation_noise_l6,0.001015987828113872,-0.0015498088747830721,-0.01976331770420077,-0.00322980156141478,True,0.015249685278717225,physical,0.036029501136291,0.08892745003104206,0.04010962114423325,6,0.016265673106831097,IdealZeroDelay,0.034479692261507926,0.0691641323268413,0.03687981958281847,observation_noise,c15a120662df139ed529a1c7d6ba9b078cca47bc7eb4bbfe9dd74464c976ce23,2,circle
observation_noise_l6,0.0001377839880005241,-0.004094233768750767,-0.023331579566001875,-0.005225543378358025,True,0.015249685278717225,physical,0.036029501136291,0.08892745003104206,0.04010962114423325,6,0.01538746926671775,IdealZeroDelay,0.03193526736754023,0.06559587046504019,0.034884077765875224,observation_noise,c15a120662df139ed529a1c7d6ba9b078cca47bc7eb4bbfe9dd74464c976ce23,3,circle
observation_noise_l6,0.00025389701084681075,-0.0031965991432086754,-0.02472727745771408,-0.005579712373062297,True,0.015249685278717225,physical,0.036029501136291,0.08892745003104206,0.04010962114423325,6,0.015503582289564036,IdealZeroDelay,0.03283290199308232,0.06420017257332798,0.03452990877117095,observation_noise,c15a120662df139ed529a1c7d6ba9b078cca47bc7eb4bbfe9dd74464c976ce23,4,circle
observation_noise_l6,0.08074497614655807,0.17899116231154652,0.0660256020724773,0.03462522433423473,True,0.015249685278717225,physical,0.036029501136291,0.08892745003104206,0.04010962114423325,6,0.0959946614252753,NaiveDelayed,0.21502066344783752,0.15495305210351937,0.07473484547846798,observation_noise,c15a120662df139ed529a1c7d6ba9b078cca47bc7eb4bbfe9dd74464c976ce23,0,circle
observation_noise_l6,0.06767356013029317,0.1473214166962066,0.07290738150477409,0.038112246736373714,True,0.015249685278717225,physical,0.036029501136291,0.08892745003104206,0.04010962114423325,6,0.0829232454090104,NaiveDelayed,0.1833509178324976,0.16183483153581615,0.07822186788060696,observation_noise,c15a120662df139ed529a1c7d6ba9b078cca47bc7eb4bbfe9dd74464c976ce23,1,circle
observation_noise_l6,0.06327537552987594,0.1251939243510396,0.02767454832792282,0.022393130710765707,True,0.015249685278717225,physical,0.036029501136291,0.08892745003104206,0.04010962114423325,6,0.07852506080859317,NaiveDelayed,0.1612234254873306,0.11660199835896488,0.06250275185499896,observation_noise,c15a120662df139ed529a1c7d6ba9b078cca47bc7eb4bbfe9dd74464c976ce23,2,circle
observation_noise_l6,0.08807511205935971,0.18889414611388608,0.0675734378397465,0.03677219366706433,True,0.015249685278717225,physical,0.036029501136291,0.08892745003104206,0.04010962114423325,6,0.10332479733807694,NaiveDelayed,0.22492364725017708,0.15650088787078856,0.07688181481129758,observation_noise,c15a120662df139ed529a1c7d6ba9b078cca47bc7eb4bbfe9dd74464c976ce23,3,circle
observation_noise_l6,0.06575326674000662,0.12315957742740039,0.049306861311197256,0.03446909434296022,True,0.015249685278717225,physical,0.036029501136291,0.08892745003104206,0.04010962114423325,6,0.08100295201872384,NaiveDelayed,0.15918907856369138,0.13823431134223932,0.07457871548719347,observation_noise,c15a120662df139ed529a1c7d6ba9b078cca47bc7eb4bbfe9dd74464c976ce23,4,circle
observation_noise_l6,0.0037003084024351887,0.004366446962169181,-0.010210020840167977,0.001243768892833591,True,0.015249685278717225,physical,0.036029501136291,0.08892745003104206,0.04010962114423325,6,0.018949993681152414,VirtualDelayAware,0.04039594809846018,0.07871742919087409,0.04135339003706684,observation_noise,c15a120662df139ed529a1c7d6ba9b078cca47bc7eb4bbfe9dd74464c976ce23,0,circle
observation_noise_l6,-0.0008003959093703019,-0.004813356346677622,-0.030292281880974735,-0.00854486882400099,True,0.015249685278717225,physical,0.036029501136291,0.08892745003104206,0.04010962114423325,6,0.014449289369346923,VirtualDelayAware,0.031216144789613376,0.05863516815006733,0.03156475232023226,observation_noise,c15a120662df139ed529a1c7d6ba9b078cca47bc7eb4bbfe9dd74464c976ce23,1,circle
observation_noise_l6,0.0004344006262349438,-0.002292946726875515,-0.02351916804909704,-0.006326332452971185,True,0.015249685278717225,physical,0.036029501136291,0.08892745003104206,0.04010962114423325,6,0.01568408590495217,VirtualDelayAware,0.03373655440941548,0.06540828198194502,0.03378328869126206,observation_noise,c15a120662df139ed529a1c7d6ba9b078cca47bc7eb4bbfe9dd74464c976ce23,2,circle
observation_noise_l6,0.0001870927250307089,-0.00206682014652472,-0.01844559609889984,-0.00420322251858693,True,0.015249685278717225,physical,0.036029501136291,0.08892745003104206,0.04010962114423325,6,0.015436778003747934,VirtualDelayAware,0.03396268098976628,0.07048185393214222,0.03590639862564632,observation_noise,c15a120662df139ed529a1c7d6ba9b078cca47bc7eb4bbfe9dd74464c976ce23,3,circle
observation_noise_l6,0.00040088603183255703,-0.003508799537554702,-0.020197436213493347,-0.006000351824904118,True,0.015249685278717225,physical,0.036029501136291,0.08892745003104206,0.04010962114423325,6,0.015650571310549782,VirtualDelayAware,0.032520701598736296,0.06873001381754872,0.03410926931932913,observation_noise,c15a120662df139ed529a1c7d6ba9b078cca47bc7eb4bbfe9dd74464c976ce23,4,circle
observation_noise_l6,-0.0007384729372320927,-0.004659237430181033,-0.02672903910279275,-0.008071038812718173,True,0.015249685278717225,physical,0.036029501136291,0.08892745003104206,0.04010962114423325,6,0.014511212341485133,ThreadedAsync,0.031370263706109965,0.06219841092824931,0.032038582331515075,observation_noise,c15a120662df139ed529a1c7d6ba9b078cca47bc7eb4bbfe9dd74464c976ce23,0,circle
observation_noise_l6,0.0009846509485768144,-0.0015029588323785675,-0.021377474069595323,-0.0037874959640580505,True,0.015249685278717225,physical,0.036029501136291,0.08892745003104206,0.04010962114423325,6,0.01623433622729404,ThreadedAsync,0.03452654230391243,0.06754997596144674,0.0363221251801752,observation_noise,c15a120662df139ed529a1c7d6ba9b078cca47bc7eb4bbfe9dd74464c976ce23,1,circle
observation_noise_l6,-0.001193538979263966,-0.005223790160453368,-0.03138361088931558,-0.007577880953356458,True,0.015249685278717225,physical,0.036029501136291,0.08892745003104206,0.04010962114423325,6,0.01405614629945326,ThreadedAsync,0.03080571097583763,0.057543839141726484,0.03253174019087679,observation_noise,c15a120662df139ed529a1c7d6ba9b078cca47bc7eb4bbfe9dd74464c976ce23,2,circle
observation_noise_l6,0.0016484547419916389,0.00015550205128837813,-0.02051467299461361,-0.0037715375455085465,True,0.015249685278717225,physical,0.036029501136291,0.08892745003104206,0.04010962114423325,6,0.016898140020708864,ThreadedAsync,0.036185003187579376,0.06841277703642845,0.0363380835987247,observation_noise,c15a120662df139ed529a1c7d6ba9b078cca47bc7eb4bbfe9dd74464c976ce23,3,circle
observation_noise_l6,0.0011178186345892037,-0.0010268034767613315,-0.01601721122860912,-0.002880722900355605,True,0.015249685278717225,physical,0.036029501136291,0.08892745003104206,0.04010962114423325,6,0.01636750391330643,ThreadedAsync,0.035002697659529666,0.07291023880243294,0.037228898243877644,observation_noise,c15a120662df139ed529a1c7d6ba9b078cca47bc7eb4bbfe9dd74464c976ce23,4,circle
payload_l3,0.0014764994229743943,-0.012307807691810599,-0.0011402256786822856,-0.0029889507297874013,True,0.021774978142982595,physical,0.06503747808922342,0.10364381149411198,0.05787398533158153,3,0.02325147756595699,IdealZeroDelay,0.05272967039741282,0.10250358581542969,0.05488503460179413,payload,c15a120662df139ed529a1c7d6ba9b078cca47bc7eb4bbfe9dd74464c976ce23,0,circle
payload_l3,-0.0016413617394302332,-0.019415864662927294,-0.019446235150098787,-0.011281577774097551,True,0.021774978142982595,physical,0.06503747808922342,0.10364381149411198,0.05787398533158153,3,0.02013361640355236,IdealZeroDelay,0.04562161342629612,0.08419757634401319,0.04659240755748398,payload,c15a120662df139ed529a1c7d6ba9b078cca47bc7eb4bbfe9dd74464c976ce23,1,circle
payload_l3,-0.0002827845393449692,-0.017520544846431153,-0.019985271245241132,-0.009468001339900639,True,0.021774978142982595,physical,0.06503747808922342,0.10364381149411198,0.05787398533158153,3,0.021492193603637626,IdealZeroDelay,0.04751693324279226,0.08365854024887084,0.04840598399168089,payload,c15a120662df139ed529a1c7d6ba9b078cca47bc7eb4bbfe9dd74464c976ce23,2,circle
payload_l3,-0.00040315455698566177,-0.017769896439099965,-0.01727282702922818,-0.008863451405526253,True,0.021774978142982595,physical,0.06503747808922342,0.10364381149411198,0.05787398533158153,3,0.021371823585996933,IdealZeroDelay,0.04726758165012345,0.0863709844648838,0.049010533926055276,payload,c15a120662df139ed529a1c7d6ba9b078cca47bc7eb4bbfe9dd74464c976ce23,3,circle
payload_l3,-0.001925210766895627,-0.019617152759318933,-0.011271168291568753,-0.011267740167414948,True,0.021774978142982595,physical,0.06503747808922342,0.10364381149411198,0.05787398533158153,3,0.019849767376086968,IdealZeroDelay,0.04542032532990448,0.09237264320254322,0.04660624516416658,payload,c15a120662df139ed529a1c7d6ba9b078cca47bc7eb4bbfe9dd74464c976ce23,4,circle
payload_l3,0.0883923039746199,0.16591909582090147,0.04600998982787133,0.01957156743595391,True,0.021774978142982595,physical,0.06503747808922342,0.10364381149411198,0.05787398533158153,3,0.1101672821176025,NaiveDelayed,0.2309565739101249,0.1496538013219833,0.07744555276753544,payload,c15a120662df139ed529a1c7d6ba9b078cca47bc7eb4bbfe9dd74464c976ce23,0,circle
payload_l3,0.06287412375870731,0.11217949758868781,0.04463033303618433,0.016517846195631875,True,0.021774978142982595,physical,0.06503747808922342,0.10364381149411198,0.05787398533158153,3,0.08464910190168991,NaiveDelayed,0.17721697567791123,0.1482741445302963,0.0743918315272134,payload,c15a120662df139ed529a1c7d6ba9b078cca47bc7eb4bbfe9dd74464c976ce23,1,circle
payload_l3,0.08491967994155745,0.18096748512427713,0.06731437668204299,0.016642405614524708,True,0.021774978142982595,physical,0.06503747808922342,0.10364381149411198,0.05787398533158153,3,0.10669465808454005,NaiveDelayed,0.24600496321350054,0.17095818817615496,0.07451639094610624,payload,c15a120662df139ed529a1c7d6ba9b078cca47bc7eb4bbfe9dd74464c976ce23,2,circle
payload_l3,0.054321735176944067,0.09639059513070641,0.07984531298279762,0.02595688025861123,True,0.021774978142982595,physical,0.06503747808922342,0.10364381149411198,0.05787398533158153,3,0.07609671331992666,NaiveDelayed,0.16142807321992983,0.1834891244769096,0.08383086559019276,payload,c15a120662df139ed529a1c7d6ba9b078cca47bc7eb4bbfe9dd74464c976ce23,3,circle
payload_l3,0.06583034308941853,0.13968304264067175,0.051099387556314435,0.013472603939024733,True,0.021774978142982595,physical,0.06503747808922342,0.10364381149411198,0.05787398533158153,3,0.08760532123240113,NaiveDelayed,0.20472052072989516,0.1547431990504264,0.07134658927060626,payload,c15a120662df139ed529a1c7d6ba9b078cca47bc7eb4bbfe9dd74464c976ce23,4,circle
payload_l3,-0.0047470289854360526,-0.021324535629170284,-0.03176676854491231,-0.015799310127521282,True,0.021774978142982595,physical,0.06503747808922342,0.10364381149411198,0.05787398533158153,3,0.017027949157546542,VirtualDelayAware,0.04371294246005313,0.07187704294919967,0.04207467520406025,payload,c15a120662df139ed529a1c7d6ba9b078cca47bc7eb4bbfe9dd74464c976ce23,0,circle
payload_l3,-0.004277190960775397,-0.02102961565912948,-0.018249870836734766,-0.015624051777203045,True,0.021774978142982595,physical,0.06503747808922342,0.10364381149411198,0.05787398533158153,3,0.017497787182207198,VirtualDelayAware,0.044007862430093934,0.08539394065737721,0.042249933554378484,payload,c15a120662df139ed529a1c7d6ba9b078cca47bc7eb4bbfe9dd74464c976ce23,1,circle
payload_l3,0.0014336211037253577,-0.00981339276939476,-0.0014368124306201602,-0.004358804358046996,True,0.021774978142982595,physical,0.06503747808922342,0.10364381149411198,0.05787398533158153,3,0.023208599246707953,VirtualDelayAware,0.055224085319828656,0.10220699906349182,0.05351518097353453,payload,c15a120662df139ed529a1c7d6ba9b078cca47bc7eb4bbfe9dd74464c976ce23,2,circle
payload_l3,-0.0030484820093365714,-0.019325507450954488,-0.03369462788105007,-0.014509288561548324,True,0.021774978142982595,physical,0.06503747808922342,0.10364381149411198,0.05787398533158153,3,0.018726496133646024,VirtualDelayAware,0.04571197063826893,0.0699491836130619,0.043364696770033205,payload,c15a120662df139ed529a1c7d6ba9b078cca47bc7eb4bbfe9dd74464c976ce23,3,circle
payload_l3,-0.0026230220825955546,-0.01779114644362767,-0.022011264413595175,-0.012051910373413091,True,0.021774978142982595,physical,0.06503747808922342,0.10364381149411198,0.05787398533158153,3,0.01915195606038704,VirtualDelayAware,0.047246331645595746,0.0816325470805168,0.04582207495816844,payload,c15a120662df139ed529a1c7d6ba9b078cca47bc7eb4bbfe9dd74464c976ce23,4,circle
payload_l3,-0.006033152767016332,-0.023965479392170537,-0.03196195736527439,-0.017525525233788072,True,0.021774978142982595,physical,0.06503747808922342,0.10364381149411198,0.05787398533158153,3,0.015741825375966263,ThreadedAsync,0.04107199869705288,0.07168185412883758,0.04034846009779346,payload,c15a120662df139ed529a1c7d6ba9b078cca47bc7eb4bbfe9dd74464c976ce23,0,circle
payload_l3,-0.0027949686233053606,-0.01773364782367145,-0.01749502047896384,-0.012527613025985027,True,0.021774978142982595,physical,0.06503747808922342,0.10364381149411198,0.05787398533158153,3,0.018980009519677234,ThreadedAsync,0.04730383026555197,0.08614879101514814,0.0453463723055965,payload,c15a120662df139ed529a1c7d6ba9b078cca47bc7eb4bbfe9dd74464c976ce23,1,circle
payload_l3,-0.005054080198326788,-0.02221037742246195,-0.020563185214996324,-0.015604017598805288,True,0.021774978142982595,physical,0.06503747808922342,0.10364381149411198,0.05787398533158153,3,0.016720897944655807,ThreadedAsync,0.042827100666761465,0.08308062627911565,0.04226996773277624,payload,c15a120662df139ed529a1c7d6ba9b078cca47bc7eb4bbfe9dd74464c976ce23,2,circle
payload_l3,-0.004232073005160177,-0.021956183856712386,-0.02305034026503565,-0.015037484938476238,True,0.021774978142982595,physical,0.06503747808922342,0.10364381149411198,0.05787398533158153,3,0.017542905137822418,ThreadedAsync,0.04308129423251103,0.08059347122907633,0.04283650039310529,payload,c15a120662df139ed529a1c7d6ba9b078cca47bc7eb4bbfe9dd74464c976ce23,3,circle
payload_l3,-0.0020519644261292637,-0.017877741027404498,-0.019371467828750683,-0.0114972660952328,True,0.021774978142982595,physical,0.06503747808922342,0.10364381149411198,0.05787398533158153,3,0.01972301371685333,ThreadedAsync,0.04715973706181892,0.0842723436653613,0.04637671923634873,payload,c15a120662df139ed529a1c7d6ba9b078cca47bc7eb4bbfe9dd74464c976ce23,4,circle
payload_l6,-0.014714553286595877,-0.0753947140083707,-0.044420129060745245,-0.04179097760895624,True,0.04621244042334707,physical,0.16200907432528527,0.1834427163004875,0.12698628905725276,6,0.031497887136751196,IdealZeroDelay,0.08661436031691458,0.13902258723974226,0.08519531144829652,payload,c15a120662df139ed529a1c7d6ba9b078cca47bc7eb4bbfe9dd74464c976ce23,0,circle
payload_l6,-0.011726026671055503,-0.07190707242590318,-0.028770343959331646,-0.036632063511002094,True,0.04621244042334707,physical,0.16200907432528527,0.1834427163004875,0.12698628905725276,6,0.03448641375229157,IdealZeroDelay,0.0901020018993821,0.15467237234115586,0.09035422554625067,payload,c15a120662df139ed529a1c7d6ba9b078cca47bc7eb4bbfe9dd74464c976ce23,1,circle
payload_l6,-0.012635521921282186,-0.07329645584288351,-0.03507610708475112,-0.037828403526704774,True,0.04621244042334707,physical,0.16200907432528527,0.1834427163004875,0.12698628905725276,6,0.03357691850206489,IdealZeroDelay,0.08871261848240176,0.14836660921573638,0.08915788553054799,payload,c15a120662df139ed529a1c7d6ba9b078cca47bc7eb4bbfe9dd74464c976ce23,2,circle
payload_l6,-0.013102314894132605,-0.07306940317734884,-0.04165592789649966,-0.03964631834748926,True,0.04621244042334707,physical,0.16200907432528527,0.1834427163004875,0.12698628905725276,6,0.03311012552921447,IdealZeroDelay,0.08893967114793644,0.14178678840398784,0.0873399707097635,payload,c15a120662df139ed529a1c7d6ba9b078cca47bc7eb4bbfe9dd74464c976ce23,3,circle
payload_l6,-0.009562824979462516,-0.06536656077852508,-0.029198993742465984,-0.02898743919838684,True,0.04621244042334707,physical,0.16200907432528527,0.1834427163004875,0.12698628905725276,6,0.03664961544388456,IdealZeroDelay,0.09664251354676019,0.15424372255802152,0.09799884985886592,payload,c15a120662df139ed529a1c7d6ba9b078cca47bc7eb4bbfe9dd74464c976ce23,4,circle
payload_l6,0.04488982441254845,0.05547045823964136,0.025319875776767586,-0.03133067728324837,True,0.04621244042334707,physical,0.16200907432528527,0.1834427163004875,0.12698628905725276,6,0.09110226483589552,NaiveDelayed,0.21747953256492664,0.2087625920772551,0.09565561177400439,payload,c15a120662df139ed529a1c7d6ba9b078cca47bc7eb4bbfe9dd74464c976ce23,0,circle
payload_l6,0.058906014314848404,0.05816258500368482,-0.0020198643207550437,-0.032069146557078376,True,0.04621244042334707,physical,0.16200907432528527,0.1834427163004875,0.12698628905725276,6,0.10511845473819548,NaiveDelayed,0.2201716593289701,0.18142285197973246,0.09491714250017438,payload,c15a120662df139ed529a1c7d6ba9b078cca47bc7eb4bbfe9dd74464c976ce23,1,circle
payload_l6,0.058952737744740386,0.08037799235639864,0.03774201571941371,-0.026644800663694124,True,0.04621244042334707,physical,0.16200907432528527,0.1834427163004875,0.12698628905725276,6,0.10516517816808746,NaiveDelayed,0.24238706668168392,0.22118473201990121,0.10034148839355864,payload,c15a120662df139ed529a1c7d6ba9b078cca47bc7eb4bbfe9dd74464c976ce23,2,circle
payload_l6,0.04079451757835255,0.02170254394546814,-0.020830269157886522,-0.036341204771160054,True,0.04621244042334707,physical,0.16200907432528527,0.1834427163004875,0.12698628905725276,6,0.08700695800169962,NaiveDelayed,0.1837116182707534,0.16261244714260098,0.0906450842860927,payload,c15a120662df139ed529a1c7d6ba9b078cca47bc7eb4bbfe9dd74464c976ce23,3,circle
payload_l6,0.03781653171544569,0.0007640459593910021,0.016137047111987907,-0.02873678460153367,True,0.04621244042334707,physical,0.16200907432528527,0.1834427163004875,0.12698628905725276,6,0.08402897213879276,NaiveDelayed,0.16277312028467628,0.1995797634124754,0.09824950445571909,payload,c15a120662df139ed529a1c7d6ba9b078cca47bc7eb4bbfe9dd74464c976ce23,4,circle
payload_l6,-0.013538782333074421,-0.06473794628744438,-0.04268643558025362,-0.03859704239462568,True,0.04621244042334707,physical,0.16200907432528527,0.1834427163004875,0.12698628905725276,6,0.03267365809027265,VirtualDelayAware,0.0972711280378409,0.14075628072023388,0.08838924666262708,payload,c15a120662df139ed529a1c7d6ba9b078cca47bc7eb4bbfe9dd74464c976ce23,0,circle
payload_l6,-0.0129806640704044,-0.06361876115216795,-0.03555781096220023,-0.03669881134965733,True,0.04621244042334707,physical,0.16200907432528527,0.1834427163004875,0.12698628905725276,6,0.03323177635294267,VirtualDelayAware,0.09839031317311732,0.14788490533828727,0.09028747770759543,payload,c15a120662df139ed529a1c7d6ba9b078cca47bc7eb4bbfe9dd74464c976ce23,1,circle
payload_l6,-0.012854825703031585,-0.06383060660271754,-0.03883160799741758,-0.03699100171122996,True,0.04621244042334707,physical,0.16200907432528527,0.1834427163004875,0.12698628905725276,6,0.03335761472031549,VirtualDelayAware,0.09817846772256773,0.14461110830306992,0.0899952873460228,payload,c15a120662df139ed529a1c7d6ba9b078cca47bc7eb4bbfe9dd74464c976ce23,2,circle
payload_l6,-0.014665771101335462,-0.06707256959186744,-0.04176313132047654,-0.03936550228860643,True,0.04621244042334707,physical,0.16200907432528527,0.1834427163004875,0.12698628905725276,6,0.03154666932201161,VirtualDelayAware,0.09493650473341783,0.14167958498001096,0.08762078676864633,payload,c15a120662df139ed529a1c7d6ba9b078cca47bc7eb4bbfe9dd74464c976ce23,3,circle
payload_l6,-0.014950368747704605,-0.0684832977039398,-0.05529190301895143,-0.041778164780769234,True,0.04621244042334707,physical,0.16200907432528527,0.1834427163004875,0.12698628905725276,6,0.03126207167564247,VirtualDelayAware,0.09352577662134548,0.12815081328153607,0.08520812427648353,payload,c15a120662df139ed529a1c7d6ba9b078cca47bc7eb4bbfe9dd74464c976ce23,4,circle
payload_l6,-0.01578185119808588,-0.06892661400150049,-0.05424543917179106,-0.04029248409781286,True,0.04621244042334707,physical,0.16200907432528527,0.1834427163004875,0.12698628905725276,6,0.030430589225261193,ThreadedAsync,0.09308246032378478,0.12919727712869644,0.0866938049594399,payload,c15a120662df139ed529a1c7d6ba9b078cca47bc7eb4bbfe9dd74464c976ce23,0,circle
payload_l6,-0.013191855912431522,-0.06378944871293307,-0.037963424623012554,-0.034181803351519754,True,0.04621244042334707,physical,0.16200907432528527,0.1834427163004875,0.12698628905725276,6,0.03302058451091555,ThreadedAsync,0.0982196256123522,0.14547929167747495,0.092804485705733,payload,c15a120662df139ed529a1c7d6ba9b078cca47bc7eb4bbfe9dd74464c976ce23,1,circle
payload_l6,-0.012677244949422836,-0.06450561418515104,-0.022620381414890284,-0.03519716309546421,True,0.04621244042334707,physical,0.16200907432528527,0.1834427163004875,0.12698628905725276,6,0.03353519547392424,ThreadedAsync,0.09750346014013424,0.16082233488559722,0.09178912596178855,payload,c15a120662df139ed529a1c7d6ba9b078cca47bc7eb4bbfe9dd74464c976ce23,2,circle
payload_l6,-0.014178590878201114,-0.06734948689418126,-0.04894109666347504,-0.037694276995001955,True,0.04621244042334707,physical,0.16200907432528527,0.1834427163004875,0.12698628905725276,6,0.03203384954514596,ThreadedAsync,0.09465958743110402,0.13450161963701246,0.0892920120622508,payload,c15a120662df139ed529a1c7d6ba9b078cca47bc7eb4bbfe9dd74464c976ce23,3,circle
payload_l6,-0.012761546030094884,-0.060901264323941426,-0.034901034832000744,-0.03206739757573934,True,0.04621244042334707,physical,0.16200907432528527,0.1834427163004875,0.12698628905725276,6,0.03345089439325219,ThreadedAsync,0.10110781000134385,0.14854168146848676,0.09491889148151342,payload,c15a120662df139ed529a1c7d6ba9b078cca47bc7eb4bbfe9dd74464c976ce23,4,circle
actuator_gain_l3,-0.004414109021369078,-0.012175733988905639,-0.03400435447692869,-0.012900761337980238,True,0.019473294371279135,physical,0.04446065829749258,0.10663941353559495,0.04992842641560935,3,0.015059185349910057,IdealZeroDelay,0.03228492430858694,0.07263505905866625,0.03702766507762911,actuator_gain,a84ffca02433ad64f0319e8491bdfb45dc33c2b92cc508e1e0adeeff8df170e0,0,fast_ellipse
actuator_gain_l3,-0.005547219061847212,-0.01583493165220631,-0.04035600125789643,-0.015961530732575925,True,0.019473294371279135,physical,0.04446065829749258,0.10663941353559495,0.04992842641560935,3,0.013926075309431922,IdealZeroDelay,0.02862572664528627,0.06628341227769852,0.033966895683033425,actuator_gain,a84ffca02433ad64f0319e8491bdfb45dc33c2b92cc508e1e0adeeff8df170e0,1,fast_ellipse
actuator_gain_l3,-0.004334268158334556,-0.012603105383925721,-0.03397577106952668,-0.013230312141841158,True,0.019473294371279135,physical,0.04446065829749258,0.10663941353559495,0.04992842641560935,3,0.015139026212944579,IdealZeroDelay,0.03185755291356686,0.07266364246606827,0.03669811427376819,actuator_gain,a84ffca02433ad64f0319e8491bdfb45dc33c2b92cc508e1e0adeeff8df170e0,2,fast_ellipse
actuator_gain_l3,-0.004971386499488823,-0.013940301753470673,-0.038727244734764105,-0.014949359899391945,True,0.019473294371279135,physical,0.04446065829749258,0.10663941353559495,0.04992842641560935,3,0.014501907871790311,IdealZeroDelay,0.030520356544021906,0.06791216880083084,0.034979066516217405,actuator_gain,a84ffca02433ad64f0319e8491bdfb45dc33c2b92cc508e1e0adeeff8df170e0,3,fast_ellipse
actuator_gain_l3,-0.004270106910468396,-0.012180570927265509,-0.0327370584011078,-0.01272781049129397,True,0.019473294371279135,physical,0.04446065829749258,0.10663941353559495,0.04992842641560935,3,0.015203187460810738,IdealZeroDelay,0.03228008737022707,0.07390235513448715,0.03720061592431538,actuator_gain,a84ffca02433ad64f0319e8491bdfb45dc33c2b92cc508e1e0adeeff8df170e0,4,fast_ellipse
actuator_gain_l3,0.08681394114174541,0.20232887859093363,0.012986577302217472,0.013194885961679975,True,0.019473294371279135,physical,0.04446065829749258,0.10663941353559495,0.04992842641560935,3,0.10628723551302455,NaiveDelayed,0.2467895368884262,0.11962599083781242,0.06312331237728933,actuator_gain,a84ffca02433ad64f0319e8491bdfb45dc33c2b92cc508e1e0adeeff8df170e0,0,fast_ellipse
actuator_gain_l3,0.07916135864918601,0.16992259111170127,0.05336954742670058,0.029940408184454273,True,0.019473294371279135,physical,0.04446065829749258,0.10663941353559495,0.04992842641560935,3,0.09863465302046515,NaiveDelayed,0.21438324940919384,0.16000896096229553,0.07986883460006362,actuator_gain,a84ffca02433ad64f0319e8491bdfb45dc33c2b92cc508e1e0adeeff8df170e0,1,fast_ellipse
actuator_gain_l3,0.08963308013740558,0.15863313472195215,0.04591568112373351,0.027668088639987015,True,0.019473294371279135,physical,0.04446065829749258,0.10663941353559495,0.04992842641560935,3,0.10910637450868471,NaiveDelayed,0.20309379301944472,0.15255509465932846,0.07759651505559637,actuator_gain,a84ffca02433ad64f0319e8491bdfb45dc33c2b92cc508e1e0adeeff8df170e0,2,fast_ellipse
actuator_gain_l3,0.0661497350597488,0.13811631721167747,0.03528209179639816,0.023673037826370938,True,0.019473294371279135,physical,0.04446065829749258,0.10663941353559495,0.04992842641560935,3,0.08562302943102794,NaiveDelayed,0.18257697550917004,0.1419215053319931,0.07360146424198029,actuator_gain,a84ffca02433ad64f0319e8491bdfb45dc33c2b92cc508e1e0adeeff8df170e0,3,fast_ellipse
actuator_gain_l3,0.08149234783738328,0.1370389089209364,0.06831714808940886,0.03921666144758505,True,0.019473294371279135,physical,0.04446065829749258,0.10663941353559495,0.04992842641560935,3,0.10096564220866242,NaiveDelayed,0.18149956721842897,0.1749565616250038,0.0891450878631944,actuator_gain,a84ffca02433ad64f0319e8491bdfb45dc33c2b92cc508e1e0adeeff8df170e0,4,fast_ellipse
actuator_gain_l3,-0.004769653813608422,-0.012904445448791477,-0.0352906420826912,-0.013307666490409945,True,0.019473294371279135,physical,0.04446065829749258,0.10663941353559495,0.04992842641560935,3,0.014703640557670712,VirtualDelayAware,0.0315562128487011,0.07134877145290375,0.036620759925199406,actuator_gain,a84ffca02433ad64f0319e8491bdfb45dc33c2b92cc508e1e0adeeff8df170e0,0,fast_ellipse
actuator_gain_l3,-0.004328048582609703,-0.010552315312012825,-0.027807180583477017,-0.01231929420261451,True,0.019473294371279135,physical,0.04446065829749258,0.10663941353559495,0.04992842641560935,3,0.015145245788669432,VirtualDelayAware,0.033908342985479754,0.07883223295211793,0.03760913221299484,actuator_gain,a84ffca02433ad64f0319e8491bdfb45dc33c2b92cc508e1e0adeeff8df170e0,1,fast_ellipse
actuator_gain_l3,-0.004258570347381526,-0.011719063646219052,-0.03158926665782928,-0.01248371212863015,True,0.019473294371279135,physical,0.04446065829749258,0.10663941353559495,0.04992842641560935,3,0.015214724023897609,VirtualDelayAware,0.03274159465127353,0.07505014687776566,0.0374447142869792,actuator_gain,a84ffca02433ad64f0319e8491bdfb45dc33c2b92cc508e1e0adeeff8df170e0,2,fast_ellipse
actuator_gain_l3,-0.004449432376597284,-0.010859601588201984,-0.03668779507279396,-0.012286629919372814,True,0.019473294371279135,physical,0.04446065829749258,0.10663941353559495,0.04992842641560935,3,0.01502386199468185,VirtualDelayAware,0.033601056709290596,0.06995161846280099,0.037641796496236536,actuator_gain,a84ffca02433ad64f0319e8491bdfb45dc33c2b92cc508e1e0adeeff8df170e0,3,fast_ellipse
actuator_gain_l3,-0.004717557903276184,-0.012351095259799383,-0.03585916087031364,-0.01350991099555425,True,0.019473294371279135,physical,0.04446065829749258,0.10663941353559495,0.04992842641560935,3,0.01475573646800295,VirtualDelayAware,0.032109563037693196,0.0707802526652813,0.0364185154200551,actuator_gain,a84ffca02433ad64f0319e8491bdfb45dc33c2b92cc508e1e0adeeff8df170e0,4,fast_ellipse
actuator_gain_l3,-0.0018182853880620957,-0.005506425256038623,-0.019581854343414293,-0.005860999505255628,True,0.019473294371279135,physical,0.04446065829749258,0.10663941353559495,0.04992842641560935,3,0.01765500898321704,ThreadedAsync,0.038954233041453956,0.08705755919218065,0.04406742691035372,actuator_gain,a84ffca02433ad64f0319e8491bdfb45dc33c2b92cc508e1e0adeeff8df170e0,0,fast_ellipse
actuator_gain_l3,-0.002361595070470922,-0.004744942651896823,-0.01633429825305939,-0.006838687358644027,True,0.019473294371279135,physical,0.04446065829749258,0.10663941353559495,0.04992842641560935,3,0.017111699300808213,ThreadedAsync,0.039715715645595756,0.09030511528253556,0.04308973905696532,actuator_gain,a84ffca02433ad64f0319e8491bdfb45dc33c2b92cc508e1e0adeeff8df170e0,1,fast_ellipse
actuator_gain_l3,-0.0026115960549120305,-0.007111251593175952,-0.017948020994663236,-0.007626737971439167,True,0.019473294371279135,physical,0.04446065829749258,0.10663941353559495,0.04992842641560935,3,0.016861698316367104,ThreadedAsync,0.03734940670431663,0.08869139254093171,0.042301688444170184,actuator_gain,a84ffca02433ad64f0319e8491bdfb45dc33c2b92cc508e1e0adeeff8df170e0,2,fast_ellipse
actuator_gain_l3,-0.004417587345721112,-0.011580704305391036,-0.03059394285082817,-0.011851943912825173,True,0.019473294371279135,physical,0.04446065829749258,0.10663941353559495,0.04992842641560935,3,0.015055707025558022,ThreadedAsync,0.03287995399210154,0.07604547068476677,0.03807648250278418,actuator_gain,a84ffca02433ad64f0319e8491bdfb45dc33c2b92cc508e1e0adeeff8df170e0,3,fast_ellipse
actuator_gain_l3,-0.0033994486610487464,-0.009274110031863653,-0.026157498359680176,-0.010532345326233476,True,0.019473294371279135,physical,0.04446065829749258,0.10663941353559495,0.04992842641560935,3,0.016073845710230388,ThreadedAsync,0.03518654826562893,0.08048191517591477,0.039396081089375874,actuator_gain,a84ffca02433ad64f0319e8491bdfb45dc33c2b92cc508e1e0adeeff8df170e0,4,fast_ellipse
actuator_gain_l6,-0.0074461738272613605,-0.018154738579798088,-0.043523852527141596,-0.016547451541802267,True,0.026831181687548528,physical,0.060680929103294264,0.1466924771666527,0.06565905340480606,6,0.019385007860287167,IdealZeroDelay,0.042526190523496175,0.10316862463951111,0.04911160186300379,actuator_gain,a84ffca02433ad64f0319e8491bdfb45dc33c2b92cc508e1e0adeeff8df170e0,0,fast_ellipse
actuator_gain_l6,-0.006292858854932144,-0.018095110770566344,-0.04630530476570131,-0.014773909849637189,True,0.026831181687548528,physical,0.060680929103294264,0.1466924771666527,0.06565905340480606,6,0.020538322832616383,IdealZeroDelay,0.04258581833272792,0.1003871724009514,0.05088514355516887,actuator_gain,a84ffca02433ad64f0319e8491bdfb45dc33c2b92cc508e1e0adeeff8df170e0,1,fast_ellipse
actuator_gain_l6,-0.007376300609068149,-0.019812157583377774,-0.04625028967857363,-0.01753645749465505,True,0.026831181687548528,physical,0.060680929103294264,0.1466924771666527,0.06565905340480606,6,0.01945488107848038,IdealZeroDelay,0.04086877151991649,0.10044218748807908,0.04812259591015101,actuator_gain,a84ffca02433ad64f0319e8491bdfb45dc33c2b92cc508e1e0adeeff8df170e0,2,fast_ellipse
actuator_gain_l6,-0.007057293460298354,-0.018994525259978128,-0.04732463806867601,-0.017168297465890006,True,0.026831181687548528,physical,0.060680929103294264,0.1466924771666527,0.06565905340480606,6,0.019773888227250173,IdealZeroDelay,0.041686403843316136,0.0993678390979767,0.04849075593891605,actuator_gain,a84ffca02433ad64f0319e8491bdfb45dc33c2b92cc508e1e0adeeff8df170e0,3,fast_ellipse
actuator_gain_l6,-0.005614758425862544,-0.014829627783260559,-0.03556670248508456,-0.012165694009463213,True,0.026831181687548528,physical,0.060680929103294264,0.1466924771666527,0.06565905340480606,6,0.021216423261685984,IdealZeroDelay,0.045851301320033705,0.11112577468156815,0.053493359395342846,actuator_gain,a84ffca02433ad64f0319e8491bdfb45dc33c2b92cc508e1e0adeeff8df170e0,4,fast_ellipse
actuator_gain_l6,0.0672612420924844,0.14341001950916862,0.014275172352790827,0.012469152261721878,True,0.026831181687548528,physical,0.060680929103294264,0.1466924771666527,0.06565905340480606,6,0.09409242378003292,NaiveDelayed,0.20409094861246288,0.16096764951944353,0.07812820566652794,actuator_gain,a84ffca02433ad64f0319e8491bdfb45dc33c2b92cc508e1e0adeeff8df170e0,0,fast_ellipse
actuator_gain_l6,0.08575485718589983,0.15662071156878046,0.03479640781879423,0.025001506812099034,True,0.026831181687548528,physical,0.060680929103294264,0.1466924771666527,0.06565905340480606,6,0.11258603887344835,NaiveDelayed,0.21730164067207472,0.18148888498544694,0.09066056021690509,actuator_gain,a84ffca02433ad64f0319e8491bdfb45dc33c2b92cc508e1e0adeeff8df170e0,1,fast_ellipse
actuator_gain_l6,0.06998613661630816,0.12553905443437477,0.033650808036327334,0.02901346395086722,True,0.026831181687548528,physical,0.060680929103294264,0.1466924771666527,0.06565905340480606,6,0.09681731830385669,NaiveDelayed,0.18621998353766903,0.18034328520298004,0.09467251735567328,actuator_gain,a84ffca02433ad64f0319e8491bdfb45dc33c2b92cc508e1e0adeeff8df170e0,2,fast_ellipse
actuator_gain_l6,0.06589562789566976,0.14192499887347246,0.02663358598947524,0.01878582651265133,True,0.026831181687548528,physical,0.060680929103294264,0.1466924771666527,0.06565905340480606,6,0.09272680958321829,NaiveDelayed,0.20260592797676671,0.17332606315612795,0.08444487991745739,actuator_gain,a84ffca02433ad64f0319e8491bdfb45dc33c2b92cc508e1e0adeeff8df170e0,3,fast_ellipse
actuator_gain_l6,0.0760367968291993,0.13602112962193028,0.02719085812568664,0.017388365899434488,True,0.026831181687548528,physical,0.060680929103294264,0.1466924771666527,0.06565905340480606,6,0.10286797851674782,NaiveDelayed,0.19670205872522453,0.17388333529233935,0.08304741930424055,actuator_gain,a84ffca02433ad64f0319e8491bdfb45dc33c2b92cc508e1e0adeeff8df170e0,4,fast_ellipse
actuator_gain_l6,-0.007158093465226278,-0.01786139799854162,-0.04759472087025644,-0.01636324652851011,True,0.026831181687548528,physical,0.060680929103294264,0.1466924771666527,0.06565905340480606,6,0.01967308822232225,VirtualDelayAware,0.042819531104752645,0.09909775629639626,0.04929580687629595,actuator_gain,a84ffca02433ad64f0319e8491bdfb45dc33c2b92cc508e1e0adeeff8df170e0,0,fast_ellipse
actuator_gain_l6,-0.006194817908412201,-0.017269662184133963,-0.043250473588705096,-0.01457658028363934,True,0.026831181687548528,physical,0.060680929103294264,0.1466924771666527,0.06565905340480606,6,0.020636363779136326,VirtualDelayAware,0.0434112669191603,0.10344200357794761,0.05108247312116672,actuator_gain,a84ffca02433ad64f0319e8491bdfb45dc33c2b92cc508e1e0adeeff8df170e0,1,fast_ellipse
actuator_gain_l6,-0.005869223741185044,-0.014844346317247029,-0.04031248316168787,-0.013050845662007239,True,0.026831181687548528,physical,0.060680929103294264,0.1466924771666527,0.06565905340480606,6,0.020961957946363484,VirtualDelayAware,0.045836582786047235,0.10637999400496484,0.05260820774279882,actuator_gain,a84ffca02433ad64f0319e8491bdfb45dc33c2b92cc508e1e0adeeff8df170e0,2,fast_ellipse
actuator_gain_l6,-0.0059160247490294415,-0.017186505901142776,-0.04347943961620333,-0.01461108406245485,True,0.026831181687548528,physical,0.060680929103294264,0.1466924771666527,0.06565905340480606,6,0.020915156938519086,VirtualDelayAware,0.04349442320215149,0.10321303755044937,0.05104796934235121,actuator_gain,a84ffca02433ad64f0319e8491bdfb45dc33c2b92cc508e1e0adeeff8df170e0,3,fast_ellipse
actuator_gain_l6,-0.005491366888002034,-0.01468250870801912,-0.03619709908962253,-0.013102325169109898,True,0.026831181687548528,physical,0.060680929103294264,0.1466924771666527,0.06565905340480606,6,0.021339814799546494,VirtualDelayAware,0.045998420395275144,0.11049537807703018,0.05255672823569616,actuator_gain,a84ffca02433ad64f0319e8491bdfb45dc33c2b92cc508e1e0adeeff8df170e0,4,fast_ellipse
actuator_gain_l6,-0.006078806603024595,-0.015784848914341107,-0.034374213218688984,-0.013060095473000723,True,0.026831181687548528,physical,0.060680929103294264,0.1466924771666527,0.06565905340480606,6,0.020752375084523933,ThreadedAsync,0.04489608018895316,0.11231826394796372,0.052598957931805336,actuator_gain,a84ffca02433ad64f0319e8491bdfb45dc33c2b92cc508e1e0adeeff8df170e0,0,fast_ellipse
actuator_gain_l6,-0.006570189027217586,-0.01626693860980749,-0.039110423624515556,-0.014106694124896485,True,0.026831181687548528,physical,0.060680929103294264,0.1466924771666527,0.06565905340480606,6,0.02026099266033094,ThreadedAsync,0.04441399049348677,0.10758205354213715,0.051552359279909574,actuator_gain,a84ffca02433ad64f0319e8491bdfb45dc33c2b92cc508e1e0adeeff8df170e0,1,fast_ellipse
actuator_gain_l6,-0.006340427419723144,-0.015479511323643481,-0.03831270560622217,-0.013179737688899622,True,0.026831181687548528,physical,0.060680929103294264,0.1466924771666527,0.06565905340480606,6,0.020490754267825383,ThreadedAsync,0.04520141777965078,0.10837977156043054,0.05247931571590644,actuator_gain,a84ffca02433ad64f0319e8491bdfb45dc33c2b92cc508e1e0adeeff8df170e0,2,fast_ellipse
actuator_gain_l6,-0.006967882715853097,-0.017624858286130647,-0.040669408440589916,-0.015061674566818659,True,0.026831181687548528,physical,0.060680929103294264,0.1466924771666527,0.06565905340480606,6,0.01986329897169543,ThreadedAsync,0.043056070817163616,0.10602306872606279,0.0505973788379874,actuator_gain,a84ffca02433ad64f0319e8491bdfb45dc33c2b92cc508e1e0adeeff8df170e0,3,fast_ellipse
actuator_gain_l6,-0.006493330214833417,-0.017281183818856044,-0.03711655065417292,-0.014646848817723289,True,0.026831181687548528,physical,0.060680929103294264,0.1466924771666527,0.06565905340480606,6,0.02033785147271511,ThreadedAsync,0.04339974528443822,0.10957592651247978,0.05101220458708277,actuator_gain,a84ffca02433ad64f0319e8491bdfb45dc33c2b92cc508e1e0adeeff8df170e0,4,fast_ellipse
force_pulse_l3,-0.00358611827596088,-0.010307082565831557,-0.027900156378746016,-0.010829769620802586,True,0.016725906759879942,physical,0.038591966154265994,0.09173670932650566,0.043361361678702526,3,0.013139788483919062,IdealZeroDelay,0.028284883588434437,0.06383655294775964,0.03253159205789994,force_pulse,a84ffca02433ad64f0319e8491bdfb45dc33c2b92cc508e1e0adeeff8df170e0,0,fast_ellipse
force_pulse_l3,-0.004005336199837103,-0.012705547038526388,-0.036365876719355573,-0.014377396943948895,True,0.016725906759879942,physical,0.038591966154265994,0.09173670932650566,0.043361361678702526,3,0.012720570560042839,IdealZeroDelay,0.025886419115739606,0.05537083260715008,0.02898396473475363,force_pulse,a84ffca02433ad64f0319e8491bdfb45dc33c2b92cc508e1e0adeeff8df170e0,1,fast_ellipse
force_pulse_l3,0.001655327385446187,0.001670298610775306,-0.004913152009248717,0.0006600885133603226,True,0.016725906759879942,physical,0.038591966154265994,0.09173670932650566,0.043361361678702526,3,0.01838123414532613,IdealZeroDelay,0.0402622647650413,0.08682355731725694,0.04402145019206285,force_pulse,a84ffca02433ad64f0319e8491bdfb45dc33c2b92cc508e1e0adeeff8df170e0,2,fast_ellipse
force_pulse_l3,-0.005438450905009469,-0.014486144225494726,-0.03694495558738708,-0.01573708282816589,True,0.016725906759879942,physical,0.038591966154265994,0.09173670932650566,0.043361361678702526,3,0.011287455854870473,IdealZeroDelay,0.024105821928771268,0.05479175373911858,0.027624278850536636,force_pulse,a84ffca02433ad64f0319e8491bdfb45dc33c2b92cc508e1e0adeeff8df170e0,3,fast_ellipse
force_pulse_l3,-0.0016534044438909143,-0.006999430695217489,-0.01684901192784309,-0.0076826140648963565,True,0.016725906759879942,physical,0.038591966154265994,0.09173670932650566,0.043361361678702526,3,0.015072502315989028,IdealZeroDelay,0.031592535459048506,0.07488769739866256,0.03567874761380617,force_pulse,a84ffca02433ad64f0319e8491bdfb45dc33c2b92cc508e1e0adeeff8df170e0,4,fast_ellipse
force_pulse_l3,0.09396803186669081,0.2084425755070065,0.06503008380532266,0.03704363355038558,True,0.016725906759879942,physical,0.038591966154265994,0.09173670932650566,0.043361361678702526,3,0.11069393862657075,NaiveDelayed,0.2470345416612725,0.1567667931318283,0.0804049952290881,force_pulse,a84ffca02433ad64f0319e8491bdfb45dc33c2b92cc508e1e0adeeff8df170e0,0,fast_ellipse
force_pulse_l3,0.08485986627142206,0.18834478825319473,0.054774988442659406,0.026864329005385323,True,0.016725906759879942,physical,0.038591966154265994,0.09173670932650566,0.043361361678702526,3,0.10158577303130199,NaiveDelayed,0.22693675440746072,0.14651169776916506,0.07022569068408785,force_pulse,a84ffca02433ad64f0319e8491bdfb45dc33c2b92cc508e1e0adeeff8df170e0,1,fast_ellipse
force_pulse_l3,0.09813016070084205,0.19017494345723043,0.05384579673409465,0.026673527394276725,True,0.016725906759879942,physical,0.038591966154265994,0.09173670932650566,0.043361361678702526,3,0.114856067460722,NaiveDelayed,0.22876690961149643,0.1455825060606003,0.07003488907297925,force_pulse,a84ffca02433ad64f0319e8491bdfb45dc33c2b92cc508e1e0adeeff8df170e0,2,fast_ellipse
force_pulse_l3,0.068850266965053,0.17092834470917417,0.054914063960313814,0.02931328306578683,True,0.016725906759879942,physical,0.038591966154265994,0.09173670932650566,0.043361361678702526,3,0.08557617372493295,NaiveDelayed,0.20952031086344017,0.14665077328681947,0.07267464474448936,force_pulse,a84ffca02433ad64f0319e8491bdfb45dc33c2b92cc508e1e0adeeff8df170e0,3,fast_ellipse
force_pulse_l3,0.08844972990281219,0.1829486977205733,0.08379642143845559,0.042623837841001475,True,0.016725906759879942,physical,0.038591966154265994,0.09173670932650566,0.043361361678702526,3,0.10517563666269213,NaiveDelayed,0.22154066387483928,0.17553313076496124,0.085985199519704,force_pulse,a84ffca02433ad64f0319e8491bdfb45dc33c2b92cc508e1e0adeeff8df170e0,4,fast_ellipse
force_pulse_l3,-0.0032001354999313253,-0.008159437305519181,-0.023448339104652396,-0.009859479742478285,True,0.016725906759879942,physical,0.038591966154265994,0.09173670932650566,0.043361361678702526,3,0.013525771259948617,VirtualDelayAware,0.030432528848746813,0.06828837022185326,0.03350188193622424,force_pulse,a84ffca02433ad64f0319e8491bdfb45dc33c2b92cc508e1e0adeeff8df170e0,0,fast_ellipse
force_pulse_l3,-0.00438182823910825,-0.010830334972007558,-0.03393125757575034,-0.013401395196676977,True,0.016725906759879942,physical,0.038591966154265994,0.09173670932650566,0.043361361678702526,3,0.012344078520771693,VirtualDelayAware,0.027761631182258436,0.05780545175075531,0.02995996648202555,force_pulse,a84ffca02433ad64f0319e8491bdfb45dc33c2b92cc508e1e0adeeff8df170e0,1,fast_ellipse
force_pulse_l3,-0.0031028012455818522,-0.00839890241840949,-0.023383623361587502,-0.010324423534487141,True,0.016725906759879942,physical,0.038591966154265994,0.09173670932650566,0.043361361678702526,3,0.01362310551429809,VirtualDelayAware,0.030193063735856503,0.06835308596491815,0.033036938144215384,force_pulse,a84ffca02433ad64f0319e8491bdfb45dc33c2b92cc508e1e0adeeff8df170e0,2,fast_ellipse
force_pulse_l3,-0.004002838658528855,-0.010489427949513314,-0.028692238777875897,-0.01199857801488663,True,0.016725906759879942,physical,0.038591966154265994,0.09173670932650566,0.043361361678702526,3,0.012723068101351088,VirtualDelayAware,0.02810253820475268,0.06304447054862976,0.031362783663815896,force_pulse,a84ffca02433ad64f0319e8491bdfb45dc33c2b92cc508e1e0adeeff8df170e0,3,fast_ellipse
force_pulse_l3,-0.004149937450152137,-0.009087886131172597,-0.03043226078152656,-0.011990849691221557,True,0.016725906759879942,physical,0.038591966154265994,0.09173670932650566,0.043361361678702526,3,0.012575969309727805,VirtualDelayAware,0.029504080023093397,0.061304448544979094,0.03137051198748097,force_pulse,a84ffca02433ad64f0319e8491bdfb45dc33c2b92cc508e1e0adeeff8df170e0,4,fast_ellipse
force_pulse_l3,-0.0013365309153915827,-0.004897102299182637,-0.021520712226629254,-0.0069613352288397864,True,0.016725906759879942,physical,0.038591966154265994,0.09173670932650566,0.043361361678702526,3,0.01538937584448836,ThreadedAsync,0.03369486385508336,0.0702159970998764,0.03640002644986274,force_pulse,a84ffca02433ad64f0319e8491bdfb45dc33c2b92cc508e1e0adeeff8df170e0,0,fast_ellipse
force_pulse_l3,-0.004150808905632665,-0.01088024724006913,-0.03070016875863075,-0.012413286817432069,True,0.016725906759879942,physical,0.038591966154265994,0.09173670932650566,0.043361361678702526,3,0.012575097854247277,ThreadedAsync,0.027711718914196864,0.06103654056787491,0.030948074861270457,force_pulse,a84ffca02433ad64f0319e8491bdfb45dc33c2b92cc508e1e0adeeff8df170e0,1,fast_ellipse
force_pulse_l3,-0.004204167324405388,-0.011283298319003637,-0.03163524977862834,-0.012536159361315507,True,0.016725906759879942,physical,0.038591966154265994,0.09173670932650566,0.043361361678702526,3,0.012521739435474554,ThreadedAsync,0.027308667835262358,0.060101459547877316,0.03082520231738702,force_pulse,a84ffca02433ad64f0319e8491bdfb45dc33c2b92cc508e1e0adeeff8df170e0,2,fast_ellipse
force_pulse_l3,-0.004075248972263312,-0.012119160868520537,-0.0329473428428173,-0.012919918187634188,True,0.016725906759879942,physical,0.038591966154265994,0.09173670932650566,0.043361361678702526,3,0.01265065778761663,ThreadedAsync,0.026472805285745457,0.058789366483688356,0.030441443491068337,force_pulse,a84ffca02433ad64f0319e8491bdfb45dc33c2b92cc508e1e0adeeff8df170e0,3,fast_ellipse
force_pulse_l3,-0.004897973343395557,-0.012538844711700858,-0.032370232045650475,-0.014079858539058826,True,0.016725906759879942,physical,0.038591966154265994,0.09173670932650566,0.043361361678702526,3,0.011827933416484386,ThreadedAsync,0.026053121442565136,0.05936647728085518,0.0292815031396437,force_pulse,a84ffca02433ad64f0319e8491bdfb45dc33c2b92cc508e1e0adeeff8df170e0,4,fast_ellipse
force_pulse_l6,-0.003996249252195251,-0.011429120566806089,-0.03167847022414208,-0.01177530290428111,True,0.017181611071799448,physical,0.04028649041344055,0.09418253749608994,0.04455680642182465,6,0.013185361819604197,IdealZeroDelay,0.028857369846634458,0.06250406727194786,0.03278150351754354,force_pulse,a84ffca02433ad64f0319e8491bdfb45dc33c2b92cc508e1e0adeeff8df170e0,0,fast_ellipse
force_pulse_l6,-0.005246556031391059,-0.01519716452938772,-0.039101140573620796,-0.016609193465868737,True,0.017181611071799448,physical,0.04028649041344055,0.09418253749608994,0.04455680642182465,6,0.011935055040408388,IdealZeroDelay,0.025089325884052827,0.05508139692246915,0.027947612955955912,force_pulse,a84ffca02433ad64f0319e8491bdfb45dc33c2b92cc508e1e0adeeff8df170e0,1,fast_ellipse
force_pulse_l6,0.0007092859908938189,-0.0011689089335346209,-0.007466344535350805,-0.002299246617043206,True,0.017181611071799448,physical,0.04028649041344055,0.09418253749608994,0.04455680642182465,6,0.017890897062693267,IdealZeroDelay,0.039117581479905926,0.08671619296073914,0.04225755980478144,force_pulse,a84ffca02433ad64f0319e8491bdfb45dc33c2b92cc508e1e0adeeff8df170e0,2,fast_ellipse
force_pulse_l6,-0.005610910494449528,-0.015329423484163714,-0.042236180230975154,-0.0170004863498851,True,0.017181611071799448,physical,0.04028649041344055,0.09418253749608994,0.04455680642182465,6,0.01157070057734992,IdealZeroDelay,0.024957066929276833,0.05194635726511479,0.02755632007193955,force_pulse,a84ffca02433ad64f0319e8491bdfb45dc33c2b92cc508e1e0adeeff8df170e0,3,fast_ellipse
force_pulse_l6,-0.0016455646225828641,-0.007042437885661834,-0.01683932393789292,-0.007462414918034697,True,0.017181611071799448,physical,0.04028649041344055,0.09418253749608994,0.04455680642182465,6,0.015536046449216584,IdealZeroDelay,0.03324405252777871,0.07734321355819702,0.03709439150378995,force_pulse,a84ffca02433ad64f0319e8491bdfb45dc33c2b92cc508e1e0adeeff8df170e0,4,fast_ellipse
force_pulse_l6,0.08795690642582271,0.18352795898903454,0.055018787086009976,0.03417308127300814,True,0.017181611071799448,physical,0.04028649041344055,0.09418253749608994,0.04455680642182465,6,0.10513851749762215,NaiveDelayed,0.22381444940247508,0.14920132458209992,0.07872988769483279,force_pulse,a84ffca02433ad64f0319e8491bdfb45dc33c2b92cc508e1e0adeeff8df170e0,0,fast_ellipse
force_pulse_l6,0.08886401694761945,0.19010633510029126,0.061757777631282804,0.033530248021659353,True,0.017181611071799448,physical,0.04028649041344055,0.09418253749608994,0.04455680642182465,6,0.1060456280194189,NaiveDelayed,0.2303928255137318,0.15594031512737275,0.078087054443484,force_pulse,a84ffca02433ad64f0319e8491bdfb45dc33c2b92cc508e1e0adeeff8df170e0,1,fast_ellipse
force_pulse_l6,0.09058531239004708,0.17567272083492066,0.036588555574417106,0.022714280327471637,True,0.017181611071799448,physical,0.04028649041344055,0.09418253749608994,0.04455680642182465,6,0.10776692346184652,NaiveDelayed,0.2159592112483612,0.13077109307050705,0.06727108674929629,force_pulse,a84ffca02433ad64f0319e8491bdfb45dc33c2b92cc508e1e0adeeff8df170e0,2,fast_ellipse
force_pulse_l6,0.0675299096208285,0.1585167756395852,0.041842210292816165,0.025613953851116825,True,0.017181611071799448,physical,0.04028649041344055,0.09418253749608994,0.04455680642182465,6,0.08471152069262794,NaiveDelayed,0.19880326605302573,0.1360247477889061,0.07017076027294147,force_pulse,a84ffca02433ad64f0319e8491bdfb45dc33c2b92cc508e1e0adeeff8df170e0,3,fast_ellipse
force_pulse_l6,0.08423489456669814,0.1775861985165212,0.07638643980026245,0.04045630669487438,True,0.017181611071799448,physical,0.04028649041344055,0.09418253749608994,0.04455680642182465,6,0.10141650563849758,NaiveDelayed,0.21787268892996173,0.1705689772963524,0.08501311311669903,force_pulse,a84ffca02433ad64f0319e8491bdfb45dc33c2b92cc508e1e0adeeff8df170e0,4,fast_ellipse
force_pulse_l6,-0.0036802208692308797,-0.00970143573100241,-0.025595501810312254,-0.01144062005347729,True,0.017181611071799448,physical,0.04028649041344055,0.09418253749608994,0.04455680642182465,6,0.013501390202568568,VirtualDelayAware,0.030585054682438138,0.06858703568577769,0.03311618636834736,force_pulse,a84ffca02433ad64f0319e8491bdfb45dc33c2b92cc508e1e0adeeff8df170e0,0,fast_ellipse
force_pulse_l6,-0.004750668797614738,-0.012586589570321785,-0.03504652678966523,-0.013880995179517179,True,0.017181611071799448,physical,0.04028649041344055,0.09418253749608994,0.04455680642182465,6,0.01243094227418471,VirtualDelayAware,0.027699900843118762,0.05913601070642471,0.03067581124230747,force_pulse,a84ffca02433ad64f0319e8491bdfb45dc33c2b92cc508e1e0adeeff8df170e0,1,fast_ellipse
force_pulse_l6,-0.0038062788397264253,-0.00996247190955242,-0.02440609857439996,-0.011456390100222008,True,0.017181611071799448,physical,0.04028649041344055,0.09418253749608994,0.04455680642182465,6,0.013375332232073022,VirtualDelayAware,0.030324018503888127,0.06977643892168998,0.03310041632160264,force_pulse,a84ffca02433ad64f0319e8491bdfb45dc33c2b92cc508e1e0adeeff8df170e0,2,fast_ellipse
force_pulse_l6,-0.004034919194453909,-0.011017301833314102,-0.02780769020318985,-0.012230201795982838,True,0.017181611071799448,physical,0.04028649041344055,0.09418253749608994,0.04455680642182465,6,0.013146691877345539,VirtualDelayAware,0.029269188580126445,0.0663748472929001,0.03232660462584181,force_pulse,a84ffca02433ad64f0319e8491bdfb45dc33c2b92cc508e1e0adeeff8df170e0,3,fast_ellipse
force_pulse_l6,-0.004878604281158506,-0.011396546945786252,-0.03433861061930657,-0.013929007918563982,True,0.017181611071799448,physical,0.04028649041344055,0.09418253749608994,0.04455680642182465,6,0.012303006790640942,VirtualDelayAware,0.028889943467654295,0.059843926876783374,0.030627798503260667,force_pulse,a84ffca02433ad64f0319e8491bdfb45dc33c2b92cc508e1e0adeeff8df170e0,4,fast_ellipse
force_pulse_l6,-0.0030653446847517182,-0.008890325723008248,-0.01744236275553704,-0.009263517594416758,True,0.017181611071799448,physical,0.04028649041344055,0.09418253749608994,0.04455680642182465,6,0.01411626638704773,ThreadedAsync,0.0313961646904323,0.0767401747405529,0.03529328882740789,force_pulse,a84ffca02433ad64f0319e8491bdfb45dc33c2b92cc508e1e0adeeff8df170e0,0,fast_ellipse
force_pulse_l6,-0.0024763122684233595,-0.007897849754396336,-0.030173149704933164,-0.010348203379116343,True,0.017181611071799448,physical,0.04028649041344055,0.09418253749608994,0.04455680642182465,6,0.014705298803376088,ThreadedAsync,0.03238864065904421,0.06400938779115678,0.034208603042708306,force_pulse,a84ffca02433ad64f0319e8491bdfb45dc33c2b92cc508e1e0adeeff8df170e0,1,fast_ellipse
force_pulse_l6,-0.003029959654154455,-0.008615765816389162,-0.023519543558359154,-0.009399107154744402,True,0.017181611071799448,physical,0.04028649041344055,0.09418253749608994,0.04455680642182465,6,0.014151651417644993,ThreadedAsync,0.031670724597051385,0.07066299393773079,0.03515769926708025,force_pulse,a84ffca02433ad64f0319e8491bdfb45dc33c2b92cc508e1e0adeeff8df170e0,2,fast_ellipse
force_pulse_l6,-0.0033521334238065265,-0.00973623378600802,-0.0245810054242611,-0.01058827149130518,True,0.017181611071799448,physical,0.04028649041344055,0.09418253749608994,0.04455680642182465,6,0.013829477647992921,ThreadedAsync,0.030550256627432527,0.06960153207182884,0.03396853493051947,force_pulse,a84ffca02433ad64f0319e8491bdfb45dc33c2b92cc508e1e0adeeff8df170e0,3,fast_ellipse
force_pulse_l6,-0.0015719671720518646,-0.004971433456074099,-0.008771359920501709,-0.004816407611562087,True,0.017181611071799448,physical,0.04028649041344055,0.09418253749608994,0.04455680642182465,6,0.015609643899747583,ThreadedAsync,0.03531505695736645,0.08541117757558823,0.03974039881026256,force_pulse,a84ffca02433ad64f0319e8491bdfb45dc33c2b92cc508e1e0adeeff8df170e0,4,fast_ellipse
nominal,-0.0022969270461793596,-0.007291886321302794,-0.016975379735231375,-0.00796625587961483,True,0.016932322624065736,physical,0.03881079360640571,0.09173670932650566,0.04392514063894601,0,0.014635395577886377,IdealZeroDelay,0.03151890728510291,0.07476132959127428,0.03595888475933118,nominal,a84ffca02433ad64f0319e8491bdfb45dc33c2b92cc508e1e0adeeff8df170e0,0,fast_ellipse
nominal,-0.004592313411003525,-0.012987327473706164,-0.035344779118895525,-0.014697194305387414,True,0.016932322624065736,physical,0.03881079360640571,0.09173670932650566,0.04392514063894601,0,0.012340009213062211,IdealZeroDelay,0.025823466132699542,0.05639193020761013,0.029227946333558595,nominal,a84ffca02433ad64f0319e8491bdfb45dc33c2b92cc508e1e0adeeff8df170e0,1,fast_ellipse
nominal,0.0014619528385975133,0.0011967078132828143,-0.007130735367536514,5.427735814290263e-05,True,0.016932322624065736,physical,0.03881079360640571,0.09173670932650566,0.04392514063894601,0,0.01839427546266325,IdealZeroDelay,0.04000750141968852,0.08460597395896914,0.04397941799708891,nominal,a84ffca02433ad64f0319e8491bdfb45dc33c2b92cc508e1e0adeeff8df170e0,2,fast_ellipse
nominal,-0.005100038874312268,-0.013724763976363526,-0.03932268247008322,-0.01546490631710086,True,0.016932322624065736,physical,0.03881079360640571,0.09173670932650566,0.04392514063894601,0,0.011832283749753468,IdealZeroDelay,0.02508602963004218,0.052414026856422435,0.02846023432184515,nominal,a84ffca02433ad64f0319e8491bdfb45dc33c2b92cc508e1e0adeeff8df170e0,3,fast_ellipse
nominal,-0.0017480938245910977,-0.00729926766731985,-0.01583044379949569,-0.008088243831395892,True,0.016932322624065736,physical,0.03881079360640571,0.09173670932650566,0.04392514063894601,0,0.015184228799474639,IdealZeroDelay,0.031511525939085856,0.07590626552700996,0.03583689680755012,nominal,a84ffca02433ad64f0319e8491bdfb45dc33c2b92cc508e1e0adeeff8df170e0,4,fast_ellipse
nominal,0.07938461806767722,0.1593026705272471,0.061141145974397654,0.03328484558003254,True,0.016932322624065736,physical,0.03881079360640571,0.09173670932650566,0.04392514063894601,0,0.09631694069174296,NaiveDelayed,0.1981134641336528,0.1528778553009033,0.07720998621897855,nominal,a84ffca02433ad64f0319e8491bdfb45dc33c2b92cc508e1e0adeeff8df170e0,0,fast_ellipse
nominal,0.08299047419973674,0.1842690523087377,0.05645629093050958,0.0317662077943896,True,0.016932322624065736,physical,0.03881079360640571,0.09173670932650566,0.04392514063894601,0,0.09992279682380248,NaiveDelayed,0.2230798459151434,0.14819300025701523,0.07569134843333561,nominal,a84ffca02433ad64f0319e8491bdfb45dc33c2b92cc508e1e0adeeff8df170e0,1,fast_ellipse
nominal,0.09093541610845149,0.19315676673692866,0.03560332879424097,0.02032513960153705,True,0.016932322624065736,physical,0.03881079360640571,0.09173670932650566,0.04392514063894601,0,0.10786773873251722,NaiveDelayed,0.23196756034333438,0.12734003812074662,0.06425028024048306,nominal,a84ffca02433ad64f0319e8491bdfb45dc33c2b92cc508e1e0adeeff8df170e0,2,fast_ellipse
nominal,0.06850840103829606,0.17074378524060696,0.05458195284008982,0.027928162701112244,True,0.016932322624065736,physical,0.03881079360640571,0.09173670932650566,0.04392514063894601,0,0.08544072366236179,NaiveDelayed,0.20955457884701267,0.14631866216659548,0.07185330334005825,nominal,a84ffca02433ad64f0319e8491bdfb45dc33c2b92cc508e1e0adeeff8df170e0,3,fast_ellipse
nominal,0.08449207038612633,0.18060214204842553,0.07030787393450738,0.036614754753376846,True,0.016932322624065736,physical,0.03881079360640571,0.09173670932650566,0.04392514063894601,0,0.10142439301019207,NaiveDelayed,0.21941293565483125,0.16204458326101304,0.08053989539232285,nominal,a84ffca02433ad64f0319e8491bdfb45dc33c2b92cc508e1e0adeeff8df170e0,4,fast_ellipse
nominal,-0.003255399754885804,-0.009129365384933648,-0.023736328631639464,-0.010519860632180154,True,0.016932322624065736,physical,0.03881079360640571,0.09173670932650566,0.04392514063894601,0,0.013676922869179932,VirtualDelayAware,0.02968142822147206,0.06800038069486619,0.033405280006765854,nominal,a84ffca02433ad64f0319e8491bdfb45dc33c2b92cc508e1e0adeeff8df170e0,0,fast_ellipse
nominal,-0.003329361213092078,-0.008629829437636245,-0.030269006267189973,-0.010948976853345692,True,0.016932322624065736,physical,0.03881079360640571,0.09173670932650566,0.04392514063894601,0,0.013602961410973658,VirtualDelayAware,0.03018096416876946,0.06146770305931568,0.03297616378560032,nominal,a84ffca02433ad64f0319e8491bdfb45dc33c2b92cc508e1e0adeeff8df170e0,1,fast_ellipse
nominal,-0.002346825903855789,-0.006606759078870192,-0.018785097450017885,-0.007982411968475753,True,0.016932322624065736,physical,0.03881079360640571,0.09173670932650566,0.04392514063894601,0,0.014585496720209947,VirtualDelayAware,0.032204034527535515,0.07295161187648777,0.035942728670470256,nominal,a84ffca02433ad64f0319e8491bdfb45dc33c2b92cc508e1e0adeeff8df170e0,2,fast_ellipse
nominal,-0.003303133014755138,-0.008141744710425568,-0.02619928792119025,-0.01046157170618893,True,0.016932322624065736,physical,0.03881079360640571,0.09173670932650566,0.04392514063894601,0,0.013629189609310598,VirtualDelayAware,0.030669048895980138,0.0655374214053154,0.03346356893275708,nominal,a84ffca02433ad64f0319e8491bdfb45dc33c2b92cc508e1e0adeeff8df170e0,3,fast_ellipse
nominal,-0.003609195697942068,-0.008541491540745547,-0.030355599522590627,-0.011138475322759661,True,0.016932322624065736,physical,0.03881079360640571,0.09173670932650566,0.04392514063894601,0,0.013323126926123668,VirtualDelayAware,0.03026930206566016,0.06138110980391503,0.03278666531618635,nominal,a84ffca02433ad64f0319e8491bdfb45dc33c2b92cc508e1e0adeeff8df170e0,4,fast_ellipse
nominal,-0.004496568598010573,-0.011758939527804484,-0.03158526793122291,-0.013188090954561648,True,0.016932322624065736,physical,0.03881079360640571,0.09173670932650566,0.04392514063894601,0,0.012435754026055163,ThreadedAsync,0.027051854078601223,0.060151441395282744,0.03073704968438436,nominal,a84ffca02433ad64f0319e8491bdfb45dc33c2b92cc508e1e0adeeff8df170e0,0,fast_ellipse
nominal,-0.0023372699490978224,-0.007206444682614076,-0.01838903948664662,-0.008198062857185162,True,0.016932322624065736,physical,0.03881079360640571,0.09173670932650566,0.04392514063894601,0,0.014595052674967914,ThreadedAsync,0.03160434892379163,0.07334766983985903,0.035727077781760846,nominal,a84ffca02433ad64f0319e8491bdfb45dc33c2b92cc508e1e0adeeff8df170e0,1,fast_ellipse
nominal,-0.002479423350470529,-0.008016981746820168,-0.02487136721611022,-0.009487589776865403,True,0.016932322624065736,physical,0.03881079360640571,0.09173670932650566,0.04392514063894601,0,0.014452899273595207,ThreadedAsync,0.03079381185958554,0.06686534211039544,0.034437550862080606,nominal,a84ffca02433ad64f0319e8491bdfb45dc33c2b92cc508e1e0adeeff8df170e0,2,fast_ellipse
nominal,-0.0045935183263881366,-0.011938403005726246,-0.03208066597580908,-0.013569084770056226,True,0.016932322624065736,physical,0.03881079360640571,0.09173670932650566,0.04392514063894601,0,0.0123388042976776,ThreadedAsync,0.02687239060067946,0.059656043350696575,0.030356055868889783,nominal,a84ffca02433ad64f0319e8491bdfb45dc33c2b92cc508e1e0adeeff8df170e0,3,fast_ellipse
nominal,-0.0028510289576390707,-0.008510398192415725,-0.02725176066160201,-0.010595464584693605,True,0.016932322624065736,physical,0.03881079360640571,0.09173670932650566,0.04392514063894601,0,0.014081293666426666,ThreadedAsync,0.030300395413989982,0.06448494866490365,0.033329676054252404,nominal,a84ffca02433ad64f0319e8491bdfb45dc33c2b92cc508e1e0adeeff8df170e0,4,fast_ellipse
observation_noise_l3,-0.001874975482516793,-0.00679665250741885,-0.02856809124350547,-0.009442431916109828,True,0.016932322624065736,physical,0.03881079360640571,0.09173670932650566,0.04392514063894601,3,0.015057347141548943,IdealZeroDelay,0.032014141098986856,0.06316861808300019,0.03448270872283618,observation_noise,a84ffca02433ad64f0319e8491bdfb45dc33c2b92cc508e1e0adeeff8df170e0,0,fast_ellipse
observation_noise_l3,-0.0015237960223328136,-0.005891040937988694,-0.022370536625385254,-0.007845424546841465,True,0.016932322624065736,physical,0.03881079360640571,0.09173670932650566,0.04392514063894601,3,0.015408526601732923,IdealZeroDelay,0.03291975266841701,0.0693661727011204,0.036079716092104544,observation_noise,a84ffca02433ad64f0319e8491bdfb45dc33c2b92cc508e1e0adeeff8df170e0,1,fast_ellipse
observation_noise_l3,-0.0039033424492107473,-0.01176938418483086,-0.03677301406860351,-0.013360690554981174,True,0.016932322624065736,physical,0.03881079360640571,0.09173670932650566,0.04392514063894601,3,0.013028980174854989,IdealZeroDelay,0.027041409421574847,0.054963695257902144,0.030564450083964835,observation_noise,a84ffca02433ad64f0319e8491bdfb45dc33c2b92cc508e1e0adeeff8df170e0,2,fast_ellipse
observation_noise_l3,-0.0009226116510720854,-0.002775285319980045,-0.002856511622667285,-0.003451202033208485,True,0.016932322624065736,physical,0.03881079360640571,0.09173670932650566,0.04392514063894601,3,0.01600971097299365,IdealZeroDelay,0.03603550828642566,0.08888019770383837,0.040473938605737524,observation_noise,a84ffca02433ad64f0319e8491bdfb45dc33c2b92cc508e1e0adeeff8df170e0,3,fast_ellipse
observation_noise_l3,0.0008336074502809411,-0.00131838310508757,-0.01300094574689864,-0.0027153365079840702,True,0.016932322624065736,physical,0.03881079360640571,0.09173670932650566,0.04392514063894601,3,0.017765930074346677,IdealZeroDelay,0.03749241050131814,0.07873576357960702,0.04120980413096194,observation_noise,a84ffca02433ad64f0319e8491bdfb45dc33c2b92cc508e1e0adeeff8df170e0,4,fast_ellipse
observation_noise_l3,0.10558553320407321,0.2477667743010385,0.04101811572909356,0.022852778890108394,True,0.016932322624065736,physical,0.03881079360640571,0.09173670932650566,0.04392514063894601,3,0.12251785582813894,NaiveDelayed,0.2865775679074442,0.1327548250555992,0.0667779195290544,observation_noise,a84ffca02433ad64f0319e8491bdfb45dc33c2b92cc508e1e0adeeff8df170e0,0,fast_ellipse
observation_noise_l3,0.09433283991765123,0.19068325350526052,0.06573405191302303,0.031043236821517037,True,0.016932322624065736,physical,0.03881079360640571,0.09173670932650566,0.04392514063894601,3,0.11126516254171698,NaiveDelayed,0.22949404711166624,0.1574707612395287,0.07496837746046305,observation_noise,a84ffca02433ad64f0319e8491bdfb45dc33c2b92cc508e1e0adeeff8df170e0,1,fast_ellipse
observation_noise_l3,0.0871281199958279,0.16669362964562243,0.05277106389403344,0.02838639219064641,True,0.016932322624065736,physical,0.03881079360640571,0.09173670932650566,0.04392514063894601,3,0.10406044261989363,NaiveDelayed,0.20550442325202814,0.1445077732205391,0.07231153282959242,observation_noise,a84ffca02433ad64f0319e8491bdfb45dc33c2b92cc508e1e0adeeff8df170e0,2,fast_ellipse
observation_noise_l3,0.067064397241348,0.16017952257396315,0.02970216944813729,0.020247890667932436,True,0.016932322624065736,physical,0.03881079360640571,0.09173670932650566,0.04392514063894601,3,0.08399671986541374,NaiveDelayed,0.19899031618036886,0.12143887877464295,0.06417303130687844,observation_noise,a84ffca02433ad64f0319e8491bdfb45dc33c2b92cc508e1e0adeeff8df170e0,3,fast_ellipse
observation_noise_l3,0.08362752503265802,0.1706909206005677,0.044847664982080454,0.023420902510681407,True,0.016932322624065736,physical,0.03881079360640571,0.09173670932650566,0.04392514063894601,3,0.10055984765672375,NaiveDelayed,0.20950171420697342,0.1365843743085861,0.06734604314962742,observation_noise,a84ffca02433ad64f0319e8491bdfb45dc33c2b92cc508e1e0adeeff8df170e0,4,fast_ellipse
observation_noise_l3,-0.0023662687137856898,-0.007244736867045118,-0.02635725438594816,-0.009363861610902115,True,0.016932322624065736,physical,0.03881079360640571,0.09173670932650566,0.04392514063894601,3,0.014566053910280046,VirtualDelayAware,0.03156605673936059,0.0653794549405575,0.034561279028043894,observation_noise,a84ffca02433ad64f0319e8491bdfb45dc33c2b92cc508e1e0adeeff8df170e0,0,fast_ellipse
observation_noise_l3,-0.00032626299762576055,-0.003077297334748305,-0.020369359850883464,-0.004283431651239088,True,0.016932322624065736,physical,0.03881079360640571,0.09173670932650566,0.04392514063894601,3,0.016606059626439976,VirtualDelayAware,0.0357334962716574,0.07136734947562219,0.03964170898770692,observation_noise,a84ffca02433ad64f0319e8491bdfb45dc33c2b92cc508e1e0adeeff8df170e0,1,fast_ellipse
observation_noise_l3,-0.002381991713070346,-0.007246769466230568,-0.023832178115844718,-0.009714738754057116,True,0.016932322624065736,physical,0.03881079360640571,0.09173670932650566,0.04392514063894601,3,0.01455033091099539,VirtualDelayAware,0.03156402414017514,0.06790453121066094,0.03421040188488889,observation_noise,a84ffca02433ad64f0319e8491bdfb45dc33c2b92cc508e1e0adeeff8df170e0,2,fast_ellipse
observation_noise_l3,-0.004268251009010333,-0.011312186890826283,-0.032360139489173885,-0.012786910688361866,True,0.016932322624065736,physical,0.03881079360640571,0.09173670932650566,0.04392514063894601,3,0.012664071615055403,VirtualDelayAware,0.027498606715579424,0.05937656983733177,0.031138229950584143,observation_noise,a84ffca02433ad64f0319e8491bdfb45dc33c2b92cc508e1e0adeeff8df170e0,3,fast_ellipse
observation_noise_l3,-0.0034759587368228973,-0.00915718608345931,-0.02158935219049453,-0.010079272542581279,True,0.016932322624065736,physical,0.03881079360640571,0.09173670932650566,0.04392514063894601,3,0.013456363887242839,VirtualDelayAware,0.029653607522946396,0.07014735713601113,0.03384586809636473,observation_noise,a84ffca02433ad64f0319e8491bdfb45dc33c2b92cc508e1e0adeeff8df170e0,4,fast_ellipse
observation_noise_l3,-0.00033936187586360717,-0.002178909506777918,-0.008223448693752272,-0.004089623045789012,True,0.016932322624065736,physical,0.03881079360640571,0.09173670932650566,0.04392514063894601,3,0.01659296074820213,ThreadedAsync,0.03663188409962779,0.08351326063275338,0.039835517593157,observation_noise,a84ffca02433ad64f0319e8491bdfb45dc33c2b92cc508e1e0adeeff8df170e0,0,fast_ellipse
observation_noise_l3,-0.002152387101741019,-0.004543261505814522,-0.023708226531743995,-0.008040075415000125,True,0.016932322624065736,physical,0.03881079360640571,0.09173670932650566,0.04392514063894601,3,0.014779935522324717,ThreadedAsync,0.034267532100591185,0.06802848279476166,0.03588506522394588,observation_noise,a84ffca02433ad64f0319e8491bdfb45dc33c2b92cc508e1e0adeeff8df170e0,1,fast_ellipse
observation_noise_l3,-0.0008496062042167747,-0.003089768228457114,-0.018463235348463045,-0.005890765800111664,True,0.016932322624065736,physical,0.03881079360640571,0.09173670932650566,0.04392514063894601,3,0.01608271641984896,ThreadedAsync,0.03572102537794859,0.07327347397804261,0.038034374838834345,observation_noise,a84ffca02433ad64f0319e8491bdfb45dc33c2b92cc508e1e0adeeff8df170e0,2,fast_ellipse
observation_noise_l3,-0.0014062219400882755,-0.004773114416083926,-0.018546089529991136,-0.005714273784202653,True,0.016932322624065736,physical,0.03881079360640571,0.09173670932650566,0.04392514063894601,3,0.01552610068397746,ThreadedAsync,0.03403767919032178,0.07319061979651452,0.038210866854743356,observation_noise,a84ffca02433ad64f0319e8491bdfb45dc33c2b92cc508e1e0adeeff8df170e0,3,fast_ellipse
observation_noise_l3,-0.0013556237556125467,-0.0031325500008458768,-0.010911270976066562,-0.0051830687047111496,True,0.016932322624065736,physical,0.03881079360640571,0.09173670932650566,0.04392514063894601,3,0.01557669886845319,ThreadedAsync,0.03567824360555983,0.0808254383504391,0.03874207193423486,observation_noise,a84ffca02433ad64f0319e8491bdfb45dc33c2b92cc508e1e0adeeff8df170e0,4,fast_ellipse
observation_noise_l6,0.0031127620431582667,0.004253939481770802,0.0018963083624840144,0.0036197677963023395,True,0.016932322624065736,physical,0.03881079360640571,0.09173670932650566,0.04392514063894601,6,0.020045084667224003,IdealZeroDelay,0.04306473308817651,0.09363301768898967,0.04754490843524835,observation_noise,a84ffca02433ad64f0319e8491bdfb45dc33c2b92cc508e1e0adeeff8df170e0,0,fast_ellipse
observation_noise_l6,0.002524339292748475,0.001014299862706937,-0.013846147060394276,-0.001905196994615506,True,0.016932322624065736,physical,0.03881079360640571,0.09173670932650566,0.04392514063894601,6,0.01945666191681421,IdealZeroDelay,0.039825093469112643,0.07789056226611138,0.0420199436443305,observation_noise,a84ffca02433ad64f0319e8491bdfb45dc33c2b92cc508e1e0adeeff8df170e0,1,fast_ellipse
observation_noise_l6,0.005483917891901245,0.01040596112482272,0.013001482188701646,0.008708464350432599,True,0.016932322624065736,physical,0.03881079360640571,0.09173670932650566,0.04392514063894601,6,0.02241624051596698,IdealZeroDelay,0.049216754731228426,0.1047381915152073,0.05263360498937861,observation_noise,a84ffca02433ad64f0319e8491bdfb45dc33c2b92cc508e1e0adeeff8df170e0,2,fast_ellipse
observation_noise_l6,-0.0011064098113630003,-0.00508468029029778,-0.020183300971984827,-0.007579503735591617,True,0.016932322624065736,physical,0.03881079360640571,0.09173670932650566,0.04392514063894601,6,0.015825912812702736,IdealZeroDelay,0.03372611331610793,0.07155340835452083,0.03634563690335439,observation_noise,a84ffca02433ad64f0319e8491bdfb45dc33c2b92cc508e1e0adeeff8df170e0,3,fast_ellipse
observation_noise_l6,-0.0008990183893945285,-0.004178736814982376,-0.020489341765642155,-0.00667836507875573,True,0.016932322624065736,physical,0.03881079360640571,0.09173670932650566,0.04392514063894601,6,0.016033304234671208,IdealZeroDelay,0.03463205679142333,0.0712473675608635,0.03724677556019028,observation_noise,a84ffca02433ad64f0319e8491bdfb45dc33c2b92cc508e1e0adeeff8df170e0,4,fast_ellipse
observation_noise_l6,0.07106464981739122,0.1503407885594981,0.06880513951182368,0.026819546002711706,True,0.016932322624065736,physical,0.03881079360640571,0.09173670932650566,0.04392514063894601,6,0.08799697244145696,NaiveDelayed,0.1891515821659038,0.16054184883832934,0.07074468664165771,observation_noise,a84ffca02433ad64f0319e8491bdfb45dc33c2b92cc508e1e0adeeff8df170e0,0,fast_ellipse
observation_noise_l6,0.0860970838068294,0.2076099061602814,0.07647126689553263,0.029383025519427494,True,0.016932322624065736,physical,0.03881079360640571,0.09173670932650566,0.04392514063894601,6,0.10302940643089514,NaiveDelayed,0.24642069976668712,0.16820797622203829,0.0733081661583735,observation_noise,a84ffca02433ad64f0319e8491bdfb45dc33c2b92cc508e1e0adeeff8df170e0,1,fast_ellipse
observation_noise_l6,0.07548904514031657,0.14032893885638917,0.04710057601332668,0.026680833238194437,True,0.016932322624065736,physical,0.03881079360640571,0.09173670932650566,0.04392514063894601,6,0.0924213677643823,NaiveDelayed,0.17913973246279488,0.13883728533983233,0.07060597387714045,observation_noise,a84ffca02433ad64f0319e8491bdfb45dc33c2b92cc508e1e0adeeff8df170e0,2,fast_ellipse
observation_noise_l6,0.08525912265612567,0.16690641736764197,0.07636863663792612,0.0401701367761942,True,0.016932322624065736,physical,0.03881079360640571,0.09173670932650566,0.04392514063894601,6,0.1021914452801914,NaiveDelayed,0.2057172109740477,0.16810534596443177,0.08409527741514021,observation_noise,a84ffca02433ad64f0319e8491bdfb45dc33c2b92cc508e1e0adeeff8df170e0,3,fast_ellipse
observation_noise_l6,0.08827466811820436,0.17733889173840117,0.06198609098792077,0.034860908020581574,True,0.016932322624065736,physical,0.03881079360640571,0.09173670932650566,0.04392514063894601,6,0.10520699074227009,NaiveDelayed,0.21614968534480689,0.15372280031442642,0.07878604865952758,observation_noise,a84ffca02433ad64f0319e8491bdfb45dc33c2b92cc508e1e0adeeff8df170e0,4,fast_ellipse
observation_noise_l6,0.004657916408633847,0.00805293259565807,-0.001146771013736711,0.00592467681065003,True,0.016932322624065736,physical,0.03881079360640571,0.09173670932650566,0.04392514063894601,6,0.021590239032699583,VirtualDelayAware,0.04686372620206378,0.09058993831276894,0.04984981744959604,observation_noise,a84ffca02433ad64f0319e8491bdfb45dc33c2b92cc508e1e0adeeff8df170e0,0,fast_ellipse
observation_noise_l6,0.010269768678170917,0.0216629232804793,0.052407655864953995,0.020391279291792658,True,0.016932322624065736,physical,0.03881079360640571,0.09173670932650566,0.04392514063894601,6,0.027202091302236654,VirtualDelayAware,0.06047371688688501,0.14414436519145965,0.06431641993073867,observation_noise,a84ffca02433ad64f0319e8491bdfb45dc33c2b92cc508e1e0adeeff8df170e0,1,fast_ellipse
observation_noise_l6,0.004126124996227623,0.009050081527433938,0.0011791877448558974,0.005626690621378612,True,0.016932322624065736,physical,0.03881079360640571,0.09173670932650566,0.04392514063894601,6,0.02105844762029336,VirtualDelayAware,0.047860875133839645,0.09291589707136155,0.04955183126032462,observation_noise,a84ffca02433ad64f0319e8491bdfb45dc33c2b92cc508e1e0adeeff8df170e0,2,fast_ellipse
observation_noise_l6,-0.0012287899827561066,-0.005940361092620645,-0.021957620233297337,-0.008855171626555178,True,0.016932322624065736,physical,0.03881079360640571,0.09173670932650566,0.04392514063894601,6,0.01570353264130963,VirtualDelayAware,0.03287043251378506,0.06977908909320832,0.03506996901239083,observation_noise,a84ffca02433ad64f0319e8491bdfb45dc33c2b92cc508e1e0adeeff8df170e0,3,fast_ellipse
observation_noise_l6,-0.001005314070153189,-0.004390477154560542,-0.01889753416180609,-0.007110136229504432,True,0.016932322624065736,physical,0.03881079360640571,0.09173670932650566,0.04392514063894601,6,0.015927008553912547,VirtualDelayAware,0.034420316451845165,0.07283917516469957,0.036815004409441576,observation_noise,a84ffca02433ad64f0319e8491bdfb45dc33c2b92cc508e1e0adeeff8df170e0,4,fast_ellipse
observation_noise_l6,0.004382093616819006,0.006153325026158486,-0.000283949077129364,0.0034093160902125344,True,0.016932322624065736,physical,0.03881079360640571,0.09173670932650566,0.04392514063894601,6,0.021314416240884742,ThreadedAsync,0.04496411863256419,0.09145276024937629,0.04733445672915854,observation_noise,a84ffca02433ad64f0319e8491bdfb45dc33c2b92cc508e1e0adeeff8df170e0,0,fast_ellipse
observation_noise_l6,0.004192894046449087,0.004666335545095747,7.816180586815713e-05,0.0013406427347071315,True,0.016932322624065736,physical,0.03881079360640571,0.09173670932650566,0.04392514063894601,6,0.021125216670514823,ThreadedAsync,0.043477129151501454,0.09181487113237381,0.04526578337365314,observation_noise,a84ffca02433ad64f0319e8491bdfb45dc33c2b92cc508e1e0adeeff8df170e0,1,fast_ellipse
observation_noise_l6,-0.0019150668767770468,-0.007042024763513614,-0.025437197089195243,-0.00909314480272895,True,0.016932322624065736,physical,0.03881079360640571,0.09173670932650566,0.04392514063894601,6,0.01501725574728869,ThreadedAsync,0.03176876884289209,0.06629951223731041,0.03483199583621706,observation_noise,a84ffca02433ad64f0319e8491bdfb45dc33c2b92cc508e1e0adeeff8df170e0,2,fast_ellipse
observation_noise_l6,-0.0023064543775743913,-0.005447751040411772,-0.019754236191511135,-0.008499393420379954,True,0.016932322624065736,physical,0.03881079360640571,0.09173670932650566,0.04392514063894601,6,0.014625868246491345,ThreadedAsync,0.033363042565993935,0.07198247313499452,0.035425747218566055,observation_noise,a84ffca02433ad64f0319e8491bdfb45dc33c2b92cc508e1e0adeeff8df170e0,3,fast_ellipse
observation_noise_l6,0.0016088630423469717,0.0005546878126218915,-0.016318687796592707,-0.0029922319762173966,True,0.016932322624065736,physical,0.03881079360640571,0.09173670932650566,0.04392514063894601,6,0.018541185666412708,ThreadedAsync,0.0393654814190276,0.07541802152991295,0.04093290866272861,observation_noise,a84ffca02433ad64f0319e8491bdfb45dc33c2b92cc508e1e0adeeff8df170e0,4,fast_ellipse
payload_l3,-0.0029854225077496008,-0.021512668730664534,-0.02845343425869945,-0.014571043305255785,True,0.023070193718540494,physical,0.06644195689366376,0.11331817060709004,0.06056987705289226,3,0.020084771210790893,IdealZeroDelay,0.04492928816299923,0.08486473634839059,0.045998833747636476,payload,a84ffca02433ad64f0319e8491bdfb45dc33c2b92cc508e1e0adeeff8df170e0,0,fast_ellipse
payload_l3,-0.002420989027714565,-0.016976174726488352,0.0006985992193222074,-0.010373621826771713,True,0.023070193718540494,physical,0.06644195689366376,0.11331817060709004,0.06056987705289226,3,0.02064920469082593,IdealZeroDelay,0.04946578216717541,0.11401676982641225,0.05019625522612055,payload,a84ffca02433ad64f0319e8491bdfb45dc33c2b92cc508e1e0adeeff8df170e0,1,fast_ellipse
payload_l3,-0.00012271729334347586,-0.015010219190931047,-0.00894406214356426,-0.006006609636316211,True,0.023070193718540494,physical,0.06644195689366376,0.11331817060709004,0.06056987705289226,3,0.022947476425197018,IdealZeroDelay,0.05143173770273272,0.10437410846352578,0.05456326741657605,payload,a84ffca02433ad64f0319e8491bdfb45dc33c2b92cc508e1e0adeeff8df170e0,2,fast_ellipse
payload_l3,0.0014584402195574296,-0.011750525471496645,-0.004074050486087846,-0.004491122739660312,True,0.023070193718540494,physical,0.06644195689366376,0.11331817060709004,0.06056987705289226,3,0.024528633938097923,IdealZeroDelay,0.05469143142216712,0.1092441201210022,0.05607875431323195,payload,a84ffca02433ad64f0319e8491bdfb45dc33c2b92cc508e1e0adeeff8df170e0,3,fast_ellipse
payload_l3,-0.0025084037987932184,-0.02129791395398014,-0.02032195627689365,-0.012781892739840282,True,0.023070193718540494,physical,0.06644195689366376,0.11331817060709004,0.06056987705289226,3,0.020561789919747275,IdealZeroDelay,0.045144042939683625,0.09299621433019639,0.04778798431305198,payload,a84ffca02433ad64f0319e8491bdfb45dc33c2b92cc508e1e0adeeff8df170e0,4,fast_ellipse
payload_l3,0.08320357573170106,0.1504733611354333,0.05772233307361599,0.01924983162369242,True,0.023070193718540494,physical,0.06644195689366376,0.11331817060709004,0.06056987705289226,3,0.10627376945024156,NaiveDelayed,0.21691531802909708,0.17104050368070603,0.07981970867658468,payload,a84ffca02433ad64f0319e8491bdfb45dc33c2b92cc508e1e0adeeff8df170e0,0,fast_ellipse
payload_l3,0.0664656225570308,0.12604756109671028,0.0436385467648506,0.016121488991194317,True,0.023070193718540494,physical,0.06644195689366376,0.11331817060709004,0.06056987705289226,3,0.08953581627557129,NaiveDelayed,0.19248951799037406,0.15695671737194064,0.07669136604408658,payload,a84ffca02433ad64f0319e8491bdfb45dc33c2b92cc508e1e0adeeff8df170e0,1,fast_ellipse
payload_l3,0.072712022974293,0.14196905392883907,0.043518599867820695,0.018412939940782712,True,0.023070193718540494,physical,0.06644195689366376,0.11331817060709004,0.06056987705289226,3,0.09578221669283349,NaiveDelayed,0.20841101082250285,0.15683677047491074,0.07898281699367497,payload,a84ffca02433ad64f0319e8491bdfb45dc33c2b92cc508e1e0adeeff8df170e0,2,fast_ellipse
payload_l3,0.08778801817389588,0.2104796590351129,0.046870172023773166,0.015463634432227848,True,0.023070193718540494,physical,0.06644195689366376,0.11331817060709004,0.06056987705289226,3,0.11085821189243637,NaiveDelayed,0.2769216159287767,0.1601883426308632,0.07603351148512011,payload,a84ffca02433ad64f0319e8491bdfb45dc33c2b92cc508e1e0adeeff8df170e0,3,fast_ellipse
payload_l3,0.06336016966770508,0.09250647410373732,0.039597405493259435,0.017291403832933462,True,0.023070193718540494,physical,0.06644195689366376,0.11331817060709004,0.06056987705289226,3,0.08643036338624557,NaiveDelayed,0.15894843099740108,0.15291557610034948,0.07786128088582572,payload,a84ffca02433ad64f0319e8491bdfb45dc33c2b92cc508e1e0adeeff8df170e0,4,fast_ellipse
payload_l3,-0.0017781886937062764,-0.014040768980138653,-0.009448739886283905,-0.008374092883241119,True,0.023070193718540494,physical,0.06644195689366376,0.11331817060709004,0.06056987705289226,3,0.021292005024834217,VirtualDelayAware,0.05240118791352511,0.10386943072080614,0.05219578416965114,payload,a84ffca02433ad64f0319e8491bdfb45dc33c2b92cc508e1e0adeeff8df170e0,0,fast_ellipse
payload_l3,-0.0024030905278884795,-0.016604394664657914,-0.015473955124616648,-0.011255164937869863,True,0.023070193718540494,physical,0.06644195689366376,0.11331817060709004,0.06056987705289226,3,0.020667103190652014,VirtualDelayAware,0.04983756222900585,0.09784421548247339,0.0493147121150224,payload,a84ffca02433ad64f0319e8491bdfb45dc33c2b92cc508e1e0adeeff8df170e0,1,fast_ellipse
payload_l3,-0.0003942414310550771,-0.014402726148017436,-0.01584537923336031,-0.009030776245066749,True,0.023070193718540494,physical,0.06644195689366376,0.11331817060709004,0.06056987705289226,3,0.022675952287485417,VirtualDelayAware,0.05203923074564633,0.09747279137372973,0.05153910080782551,payload,a84ffca02433ad64f0319e8491bdfb45dc33c2b92cc508e1e0adeeff8df170e0,2,fast_ellipse
payload_l3,-0.0024580053420920275,-0.016949130749124283,-0.02157781943678859,-0.012235437601221998,True,0.023070193718540494,physical,0.06644195689366376,0.11331817060709004,0.06056987705289226,3,0.020612188376448466,VirtualDelayAware,0.04949282614453948,0.09174035117030145,0.048334439451670264,payload,a84ffca02433ad64f0319e8491bdfb45dc33c2b92cc508e1e0adeeff8df170e0,3,fast_ellipse
payload_l3,-0.003146465472827334,-0.017175314799455464,-0.017808759957551976,-0.011750375300568293,True,0.023070193718540494,physical,0.06644195689366376,0.11331817060709004,0.06056987705289226,3,0.01992372824571316,VirtualDelayAware,0.0492666420942083,0.09550941064953807,0.04881950175232397,payload,a84ffca02433ad64f0319e8491bdfb45dc33c2b92cc508e1e0adeeff8df170e0,4,fast_ellipse
payload_l3,-0.0026482620104368894,-0.016660728189401924,-0.016916221380233798,-0.011357883290857962,True,0.023070193718540494,physical,0.06644195689366376,0.11331817060709004,0.06056987705289226,3,0.020421931708103604,ThreadedAsync,0.04978122870426184,0.09640194922685624,0.0492119937620343,payload,a84ffca02433ad64f0319e8491bdfb45dc33c2b92cc508e1e0adeeff8df170e0,0,fast_ellipse
payload_l3,-0.003334646503484622,-0.017671810603882433,-0.019331851601600683,-0.01083303653208055,True,0.023070193718540494,physical,0.06644195689366376,0.11331817060709004,0.06056987705289226,3,0.01973554721505587,ThreadedAsync,0.04877014628978133,0.09398631900548936,0.04973684052081171,payload,a84ffca02433ad64f0319e8491bdfb45dc33c2b92cc508e1e0adeeff8df170e0,1,fast_ellipse
payload_l3,-0.003407268771450679,-0.018666955047625902,-0.026408910006284758,-0.012853558630455834,True,0.023070193718540494,physical,0.06644195689366376,0.11331817060709004,0.06056987705289226,3,0.019662924947089815,ThreadedAsync,0.04777500184603786,0.08690926060080528,0.04771631842243643,payload,a84ffca02433ad64f0319e8491bdfb45dc33c2b92cc508e1e0adeeff8df170e0,2,fast_ellipse
payload_l3,-0.004301982065009681,-0.01968347057001698,-0.016629810631275208,-0.013156159393437013,True,0.023070193718540494,physical,0.06644195689366376,0.11331817060709004,0.06056987705289226,3,0.018768211653530813,ThreadedAsync,0.046758486323646785,0.09668835997581483,0.04741371765945525,payload,a84ffca02433ad64f0319e8491bdfb45dc33c2b92cc508e1e0adeeff8df170e0,3,fast_ellipse
payload_l3,-0.0027867643629164857,-0.016524877740966656,-0.024617699533700993,-0.011063732595509648,True,0.023070193718540494,physical,0.06644195689366376,0.11331817060709004,0.06056987705289226,3,0.020283429355624008,ThreadedAsync,0.04991707915269711,0.08870047107338905,0.04950614445738261,payload,a84ffca02433ad64f0319e8491bdfb45dc33c2b92cc508e1e0adeeff8df170e0,4,fast_ellipse
payload_l6,-0.0068616055524607575,-0.05727474875134657,-0.017756952345371252,-0.023845083582880552,True,0.04668619948534627,physical,0.1617588286773528,0.19325976669788364,0.12800461713926495,6,0.03982459393288551,IdealZeroDelay,0.10448407992600624,0.1755028143525124,0.1041595335563844,payload,a84ffca02433ad64f0319e8491bdfb45dc33c2b92cc508e1e0adeeff8df170e0,0,fast_ellipse
payload_l6,-0.010791832132854562,-0.06815152265581667,-0.027771404385566717,-0.0342068720064604,True,0.04668619948534627,physical,0.1617588286773528,0.19325976669788364,0.12800461713926495,6,0.035894367352491706,IdealZeroDelay,0.09360730602153614,0.16548836231231692,0.09379774513280455,payload,a84ffca02433ad64f0319e8491bdfb45dc33c2b92cc508e1e0adeeff8df170e0,1,fast_ellipse
payload_l6,-0.011224422630671096,-0.0692355716075497,-0.0300075635313988,-0.03678909837614178,True,0.04668619948534627,physical,0.1617588286773528,0.19325976669788364,0.12800461713926495,6,0.03546177685467517,IdealZeroDelay,0.0925232570698031,0.16325220316648484,0.09121551876312317,payload,a84ffca02433ad64f0319e8491bdfb45dc33c2b92cc508e1e0adeeff8df170e0,2,fast_ellipse
payload_l6,-0.010029802710096437,-0.06575945122756018,-0.04190739691257481,-0.034745444871514694,True,0.04668619948534627,physical,0.1617588286773528,0.19325976669788364,0.12800461713926495,6,0.03665639677524983,IdealZeroDelay,0.09599937744979263,0.15135236978530883,0.09325917226775025,payload,a84ffca02433ad64f0319e8491bdfb45dc33c2b92cc508e1e0adeeff8df170e0,3,fast_ellipse
payload_l6,-0.012204443245862305,-0.06825321482344836,-0.03153017610311512,-0.03564095093783075,True,0.04668619948534627,physical,0.1617588286773528,0.19325976669788364,0.12800461713926495,6,0.03448175623948396,IdealZeroDelay,0.09350561385390445,0.16172959059476852,0.0923636662014342,payload,a84ffca02433ad64f0319e8491bdfb45dc33c2b92cc508e1e0adeeff8df170e0,4,fast_ellipse
payload_l6,0.09611880488036129,0.1637986837410234,-0.0051893070340156555,-0.028052308933330383,True,0.04668619948534627,physical,0.1617588286773528,0.19325976669788364,0.12800461713926495,6,0.14280500436570756,NaiveDelayed,0.3255575124183762,0.18807045966386798,0.09995230820593456,payload,a84ffca02433ad64f0319e8491bdfb45dc33c2b92cc508e1e0adeeff8df170e0,0,fast_ellipse
payload_l6,0.0879194853926665,0.13168727759213827,0.015433557331562014,-0.02855851206431148,True,0.04668619948534627,physical,0.1617588286773528,0.19325976669788364,0.12800461713926495,6,0.13460568487801278,NaiveDelayed,0.2934461062694911,0.20869332402944565,0.09944610507495347,payload,a84ffca02433ad64f0319e8491bdfb45dc33c2b92cc508e1e0adeeff8df170e0,1,fast_ellipse
payload_l6,0.0525346701023524,0.0766747800448074,0.0015070945024490134,-0.03351062407776982,True,0.04668619948534627,physical,0.1617588286773528,0.19325976669788364,0.12800461713926495,6,0.09922086958769867,NaiveDelayed,0.2384336087221602,0.19476686120033265,0.09449399306149513,payload,a84ffca02433ad64f0319e8491bdfb45dc33c2b92cc508e1e0adeeff8df170e0,2,fast_ellipse
payload_l6,0.053326049767344695,0.08014745064145026,-0.003734068572521204,-0.03277569749384088,True,0.04668619948534627,physical,0.1617588286773528,0.19325976669788364,0.12800461713926495,6,0.10001224925269096,NaiveDelayed,0.24190627931880307,0.18952569812536244,0.09522891964542407,payload,a84ffca02433ad64f0319e8491bdfb45dc33c2b92cc508e1e0adeeff8df170e0,3,fast_ellipse
payload_l6,0.05577328729772272,0.06787846111019347,-0.022796729207038846,-0.03512955029223143,True,0.04668619948534627,physical,0.1617588286773528,0.19325976669788364,0.12800461713926495,6,0.10245948678306899,NaiveDelayed,0.22963728978754627,0.1704630374908448,0.09287506684703352,payload,a84ffca02433ad64f0319e8491bdfb45dc33c2b92cc508e1e0adeeff8df170e0,4,fast_ellipse
payload_l6,-0.009475097328997685,-0.05302410013045976,-0.027111728489398995,-0.027105800977788044,True,0.04668619948534627,physical,0.1617588286773528,0.19325976669788364,0.12800461713926495,6,0.03721110215634858,VirtualDelayAware,0.10873472854689305,0.16614803820848464,0.1008988161614769,payload,a84ffca02433ad64f0319e8491bdfb45dc33c2b92cc508e1e0adeeff8df170e0,0,fast_ellipse
payload_l6,-0.014414481112725731,-0.06406596005969656,-0.03720626980066294,-0.038065333497288245,True,0.04668619948534627,physical,0.1617588286773528,0.19325976669788364,0.12800461713926495,6,0.032271718372620536,VirtualDelayAware,0.09769286861765625,0.1560534968972207,0.0899392836419767,payload,a84ffca02433ad64f0319e8491bdfb45dc33c2b92cc508e1e0adeeff8df170e0,1,fast_ellipse
payload_l6,-0.009430357847288233,-0.05607909980805795,-0.03512189090251924,-0.02732843185402835,True,0.04668619948534627,physical,0.1617588286773528,0.19325976669788364,0.12800461713926495,6,0.037255841638058035,VirtualDelayAware,0.10567972886929486,0.1581378757953644,0.1006761852852366,payload,a84ffca02433ad64f0319e8491bdfb45dc33c2b92cc508e1e0adeeff8df170e0,2,fast_ellipse
payload_l6,-0.010664341046293074,-0.057183629167662786,-0.03223034143447878,-0.030963679766704902,True,0.04668619948534627,physical,0.1617588286773528,0.19325976669788364,0.12800461713926495,6,0.03602185843905319,VirtualDelayAware,0.10457519950969002,0.16102942526340486,0.09704093737256005,payload,a84ffca02433ad64f0319e8491bdfb45dc33c2b92cc508e1e0adeeff8df170e0,3,fast_ellipse
payload_l6,-0.010114051447441048,-0.0537977576582154,-0.010989266633987443,-0.02593082090224172,True,0.04668619948534627,physical,0.1617588286773528,0.19325976669788364,0.12800461713926495,6,0.03657214803790522,VirtualDelayAware,0.1079610710191374,0.1822705000638962,0.10207379623702323,payload,a84ffca02433ad64f0319e8491bdfb45dc33c2b92cc508e1e0adeeff8df170e0,4,fast_ellipse
payload_l6,-0.013931539528675596,-0.062004376211714646,-0.05007659792900085,-0.03681173515689441,True,0.04668619948534627,physical,0.1617588286773528,0.19325976669788364,0.12800461713926495,6,0.03275465995667067,ThreadedAsync,0.09975445246563816,0.1431831687688828,0.09119288198237054,payload,a84ffca02433ad64f0319e8491bdfb45dc33c2b92cc508e1e0adeeff8df170e0,0,fast_ellipse
payload_l6,-0.013059992526972104,-0.06068673907687419,-0.038804195821285276,-0.034634680027918266,True,0.04668619948534627,physical,0.1617588286773528,0.19325976669788364,0.12800461713926495,6,0.033626206958374164,ThreadedAsync,0.10107208960047862,0.15445557087659836,0.09336993711134668,payload,a84ffca02433ad64f0319e8491bdfb45dc33c2b92cc508e1e0adeeff8df170e0,1,fast_ellipse
payload_l6,-0.013078736972566264,-0.060678249002075565,-0.036602734029293066,-0.034070351394873785,True,0.04668619948534627,physical,0.1617588286773528,0.19325976669788364,0.12800461713926495,6,0.033607462512780004,ThreadedAsync,0.10108057967527724,0.15665703266859057,0.09393426574439116,payload,a84ffca02433ad64f0319e8491bdfb45dc33c2b92cc508e1e0adeeff8df170e0,2,fast_ellipse
payload_l6,-0.01390914027406602,-0.06575768295037164,-0.05244547575712208,-0.03875927223869599,True,0.04668619948534627,physical,0.1617588286773528,0.19325976669788364,0.12800461713926495,6,0.03277705921128025,ThreadedAsync,0.09600114572698117,0.14081429094076156,0.08924534490056896,payload,a84ffca02433ad64f0319e8491bdfb45dc33c2b92cc508e1e0adeeff8df170e0,3,fast_ellipse
payload_l6,-0.011514726237548019,-0.05836366591277818,-0.031018869578838315,-0.029512358122873894,True,0.04668619948534627,physical,0.1617588286773528,0.19325976669788364,0.12800461713926495,6,0.03517147324779825,ThreadedAsync,0.10339516276457462,0.16224089711904532,0.09849225901639105,payload,a84ffca02433ad64f0319e8491bdfb45dc33c2b92cc508e1e0adeeff8df170e0,4,fast_ellipse
actuator_gain_l3,-0.005397489877446817,-0.014516304171056288,-0.0366205751895904,-0.015098517076024526,True,0.016633118444393663,physical,0.039011729930448824,0.10363560467958445,0.043867831741421975,3,0.011235628566946846,IdealZeroDelay,0.024495425759392536,0.06701502948999405,0.02876931466539745,actuator_gain,fc025a1f6ab9fdf644127a3000f4fa2244f35d77ef570ff282c34eafdba01260,0,figure8
actuator_gain_l3,-0.005346008815742865,-0.014820428755751281,-0.04460243508219714,-0.01550654899556838,True,0.016633118444393663,physical,0.039011729930448824,0.10363560467958445,0.043867831741421975,3,0.011287109628650798,IdealZeroDelay,0.024191301174697543,0.05903316959738731,0.028361282745853596,actuator_gain,fc025a1f6ab9fdf644127a3000f4fa2244f35d77ef570ff282c34eafdba01260,1,figure8
actuator_gain_l3,-0.0054800426295375775,-0.015798559245788543,-0.04797637201845642,-0.016860644865972944,True,0.016633118444393663,physical,0.039011729930448824,0.10363560467958445,0.043867831741421975,3,0.011153075814856086,IdealZeroDelay,0.02321317068466028,0.05565923266112803,0.02700718687544903,actuator_gain,fc025a1f6ab9fdf644127a3000f4fa2244f35d77ef570ff282c34eafdba01260,2,figure8
actuator_gain_l3,-0.0037040233050651423,-0.011279068144249529,-0.034844359010457945,-0.013133220920400007,True,0.016633118444393663,physical,0.039011729930448824,0.10363560467958445,0.043867831741421975,3,0.01292909513932852,IdealZeroDelay,0.027732661786199295,0.0687912456691265,0.030734610821021968,actuator_gain,fc025a1f6ab9fdf644127a3000f4fa2244f35d77ef570ff282c34eafdba01260,3,figure8
actuator_gain_l3,-0.004824314937479396,-0.01349243941075835,-0.04389838986098771,-0.014209702019295042,True,0.016633118444393663,physical,0.039011729930448824,0.10363560467958445,0.043867831741421975,3,0.011808803506914267,IdealZeroDelay,0.025519290519690475,0.05973721481859674,0.029658129722126933,actuator_gain,fc025a1f6ab9fdf644127a3000f4fa2244f35d77ef570ff282c34eafdba01260,4,figure8
actuator_gain_l3,0.0662165982695662,0.13770304546614343,0.03137463182210924,0.01606272357447487,True,0.016633118444393663,physical,0.039011729930448824,0.10363560467958445,0.043867831741421975,3,0.08284971671395987,NaiveDelayed,0.17671477539659225,0.1350102365016937,0.05993055531589685,actuator_gain,fc025a1f6ab9fdf644127a3000f4fa2244f35d77ef570ff282c34eafdba01260,0,figure8
actuator_gain_l3,0.07515707564640346,0.1807138337163531,0.06636843234300617,0.03384323112562891,True,0.016633118444393663,physical,0.039011729930448824,0.10363560467958445,0.043867831741421975,3,0.09179019409079713,NaiveDelayed,0.21972556364680193,0.17000403702259062,0.07771106286705089,actuator_gain,fc025a1f6ab9fdf644127a3000f4fa2244f35d77ef570ff282c34eafdba01260,1,figure8
actuator_gain_l3,0.08075508578498622,0.20182313058935084,0.042219775915145905,0.023237679402579203,True,0.016633118444393663,physical,0.039011729930448824,0.10363560467958445,0.043867831741421975,3,0.09738820422937988,NaiveDelayed,0.24083486051979966,0.14585538059473035,0.06710551114400118,actuator_gain,fc025a1f6ab9fdf644127a3000f4fa2244f35d77ef570ff282c34eafdba01260,2,figure8
actuator_gain_l3,0.08223868614617082,0.17792296390784806,0.03309010416269299,0.018965753249625433,True,0.016633118444393663,physical,0.039011729930448824,0.10363560467958445,0.043867831741421975,3,0.09887180459056448,NaiveDelayed,0.2169346938382969,0.13672570884227744,0.06283358499104741,actuator_gain,fc025a1f6ab9fdf644127a3000f4fa2244f35d77ef570ff282c34eafdba01260,3,figure8
actuator_gain_l3,0.07040094583784037,0.13039014281045205,0.05340758413076403,0.029197306626729078,True,0.016633118444393663,physical,0.039011729930448824,0.10363560467958445,0.043867831741421975,3,0.08703406428223404,NaiveDelayed,0.16940187274090088,0.15704318881034848,0.07306513836815105,actuator_gain,fc025a1f6ab9fdf644127a3000f4fa2244f35d77ef570ff282c34eafdba01260,4,figure8
actuator_gain_l3,-0.004148761840819158,-0.011682620507161474,-0.032900042086839734,-0.013019163197680261,True,0.016633118444393663,physical,0.039011729930448824,0.10363560467958445,0.043867831741421975,3,0.012484356603574505,VirtualDelayAware,0.02732910942328735,0.07073556259274472,0.030848668543741714,actuator_gain,fc025a1f6ab9fdf644127a3000f4fa2244f35d77ef570ff282c34eafdba01260,0,figure8
actuator_gain_l3,-0.003802700002273814,-0.009643812467651641,-0.034911735355854026,-0.011933509977411355,True,0.016633118444393663,physical,0.039011729930448824,0.10363560467958445,0.043867831741421975,3,0.012830418442119849,VirtualDelayAware,0.029367917462797183,0.06872386932373042,0.03193432176401062,actuator_gain,fc025a1f6ab9fdf644127a3000f4fa2244f35d77ef570ff282c34eafdba01260,1,figure8
actuator_gain_l3,-0.0044607687949090626,-0.013063367761444122,-0.03493989929556844,-0.013164345247375517,True,0.016633118444393663,physical,0.039011729930448824,0.10363560467958445,0.043867831741421975,3,0.0121723496494846,VirtualDelayAware,0.0259483621690047,0.06869570538401601,0.03070348649404646,actuator_gain,fc025a1f6ab9fdf644127a3000f4fa2244f35d77ef570ff282c34eafdba01260,2,figure8
actuator_gain_l3,-0.00474749287664088,-0.01261576512396807,-0.04336807951331134,-0.01374815059019251,True,0.016633118444393663,physical,0.039011729930448824,0.10363560467958445,0.043867831741421975,3,0.011885625567752783,VirtualDelayAware,0.026395964806480755,0.06026752516627311,0.030119681151229465,actuator_gain,fc025a1f6ab9fdf644127a3000f4fa2244f35d77ef570ff282c34eafdba01260,3,figure8
actuator_gain_l3,-0.004718192790839326,-0.013674345023073731,-0.04414282739162444,-0.014780717594020124,True,0.016633118444393663,physical,0.039011729930448824,0.10363560467958445,0.043867831741421975,3,0.011914925653554337,VirtualDelayAware,0.025337384907375093,0.059492777287960014,0.029087114147401852,actuator_gain,fc025a1f6ab9fdf644127a3000f4fa2244f35d77ef570ff282c34eafdba01260,4,figure8
actuator_gain_l3,-0.0019901652968204227,-0.005635428667219,-0.017988432198762852,-0.006713535081137256,True,0.016633118444393663,physical,0.039011729930448824,0.10363560467958445,0.043867831741421975,3,0.01464295314757324,ThreadedAsync,0.033376301263229824,0.0856471724808216,0.03715429666028472,actuator_gain,fc025a1f6ab9fdf644127a3000f4fa2244f35d77ef570ff282c34eafdba01260,0,figure8
actuator_gain_l3,-0.002465450729138032,-0.006052630014320222,-0.020414568483829443,-0.007022443456485769,True,0.016633118444393663,physical,0.039011729930448824,0.10363560467958445,0.043867831741421975,3,0.014167667715255631,ThreadedAsync,0.0329590999161286,0.08322103619575501,0.036845388284936206,actuator_gain,fc025a1f6ab9fdf644127a3000f4fa2244f35d77ef570ff282c34eafdba01260,1,figure8
actuator_gain_l3,-0.0031742645978559813,-0.008823133600193104,-0.03151395395398139,-0.01027059513268444,True,0.016633118444393663,physical,0.039011729930448824,0.10363560467958445,0.043867831741421975,3,0.013458853846537682,ThreadedAsync,0.03018859633025572,0.07212165072560306,0.033597236608737535,actuator_gain,fc025a1f6ab9fdf644127a3000f4fa2244f35d77ef570ff282c34eafdba01260,2,figure8
actuator_gain_l3,-0.0022272233493101177,-0.006452594694323327,-0.023419000208377783,-0.007345475432424579,True,0.016633118444393663,physical,0.039011729930448824,0.10363560467958445,0.043867831741421975,3,0.014405895095083545,ThreadedAsync,0.0325591352361255,0.08021660447120667,0.036522356308997396,actuator_gain,fc025a1f6ab9fdf644127a3000f4fa2244f35d77ef570ff282c34eafdba01260,3,figure8
actuator_gain_l3,-0.0018761096704549424,-0.0035655726674230157,-0.018264764547348017,-0.006458327037049134,True,0.016633118444393663,physical,0.039011729930448824,0.10363560467958445,0.043867831741421975,3,0.01475700877393872,ThreadedAsync,0.03544615726302581,0.08537084013223643,0.03740950470437284,actuator_gain,fc025a1f6ab9fdf644127a3000f4fa2244f35d77ef570ff282c34eafdba01260,4,figure8
actuator_gain_l6,-0.00632865376157201,-0.016152280815099895,-0.03853881284594536,-0.014631557297492825,True,0.023585091822338283,physical,0.05498891315563669,0.14291554987430571,0.05973808289657048,6,0.017256438060766273,IdealZeroDelay,0.038836632340536796,0.10437673702836035,0.04510652559907766,actuator_gain,fc025a1f6ab9fdf644127a3000f4fa2244f35d77ef570ff282c34eafdba01260,0,figure8
actuator_gain_l6,-0.0072110415657799035,-0.020820758608762403,-0.05288744270801546,-0.019187552388133203,True,0.023585091822338283,physical,0.05498891315563669,0.14291554987430571,0.05973808289657048,6,0.01637405025655838,IdealZeroDelay,0.03416815454687429,0.09002810716629026,0.04055053050843728,actuator_gain,fc025a1f6ab9fdf644127a3000f4fa2244f35d77ef570ff282c34eafdba01260,1,figure8
actuator_gain_l6,-0.006135299121189302,-0.01841825804165819,-0.04784191697835924,-0.016332069481290783,True,0.023585091822338283,physical,0.05498891315563669,0.14291554987430571,0.05973808289657048,6,0.01744979270114898,IdealZeroDelay,0.0365706551139785,0.09507363289594647,0.0434060134152797,actuator_gain,fc025a1f6ab9fdf644127a3000f4fa2244f35d77ef570ff282c34eafdba01260,2,figure8
actuator_gain_l6,-0.007060170134273409,-0.020804100599111842,-0.05770744159817695,-0.018401174354086183,True,0.023585091822338283,physical,0.05498891315563669,0.14291554987430571,0.05973808289657048,6,0.016524921688064874,IdealZeroDelay,0.03418481255652485,0.08520810827612876,0.0413369085424843,actuator_gain,fc025a1f6ab9fdf644127a3000f4fa2244f35d77ef570ff282c34eafdba01260,3,figure8
actuator_gain_l6,-0.007418444374876369,-0.020250697006904454,-0.05849002823233605,-0.01948341667994319,True,0.023585091822338283,physical,0.05498891315563669,0.14291554987430571,0.05973808289657048,6,0.016166647447461914,IdealZeroDelay,0.03473821614873224,0.08442552164196966,0.040254666216627294,actuator_gain,fc025a1f6ab9fdf644127a3000f4fa2244f35d77ef570ff282c34eafdba01260,4,figure8
actuator_gain_l6,0.052150100817492856,0.1099951562750324,0.027226848900318096,0.01708742056156165,True,0.023585091822338283,physical,0.05498891315563669,0.14291554987430571,0.05973808289657048,6,0.07573519263983114,NaiveDelayed,0.1649840694306691,0.1701423987746238,0.07682550345813213,actuator_gain,fc025a1f6ab9fdf644127a3000f4fa2244f35d77ef570ff282c34eafdba01260,0,figure8
actuator_gain_l6,0.07307555474729915,0.1532146266568478,0.013227479159831829,0.01414068895572225,True,0.023585091822338283,physical,0.05498891315563669,0.14291554987430571,0.05973808289657048,6,0.09666064656963744,NaiveDelayed,0.2082035398124845,0.15614302903413754,0.07387877185229273,actuator_gain,fc025a1f6ab9fdf644127a3000f4fa2244f35d77ef570ff282c34eafdba01260,1,figure8
actuator_gain_l6,0.060854164173993044,0.13512334089541334,0.02574658244848249,0.019510840125034637,True,0.023585091822338283,physical,0.05498891315563669,0.14291554987430571,0.05973808289657048,6,0.08443925599633133,NaiveDelayed,0.19011225405105003,0.1686621323227882,0.07924892302160512,actuator_gain,fc025a1f6ab9fdf644127a3000f4fa2244f35d77ef570ff282c34eafdba01260,2,figure8
actuator_gain_l6,0.05254770531808453,0.09571555793760753,0.027534557878971105,0.021553335718462643,True,0.023585091822338283,physical,0.05498891315563669,0.14291554987430571,0.05973808289657048,6,0.07613279714042281,NaiveDelayed,0.15070447109324422,0.17045010775327682,0.08129141861503313,actuator_gain,fc025a1f6ab9fdf644127a3000f4fa2244f35d77ef570ff282c34eafdba01260,3,figure8
actuator_gain_l6,0.07223089944449511,0.14636889645245751,0.023411297798156733,0.016995378393675806,True,0.023585091822338283,physical,0.05498891315563669,0.14291554987430571,0.05973808289657048,6,0.09581599126683339,NaiveDelayed,0.2013578096080942,0.16632684767246245,0.07673346129024629,actuator_gain,fc025a1f6ab9fdf644127a3000f4fa2244f35d77ef570ff282c34eafdba01260,4,figure8
actuator_gain_l6,-0.005948747172529113,-0.015816817873120136,-0.04394877478480341,-0.014528397581811972,True,0.023585091822338283,physical,0.05498891315563669,0.14291554987430571,0.05973808289657048,6,0.01763634464980917,VirtualDelayAware,0.039172095282516556,0.0989667750895023,0.04520968531475851,actuator_gain,fc025a1f6ab9fdf644127a3000f4fa2244f35d77ef570ff282c34eafdba01260,0,figure8
actuator_gain_l6,-0.005716894125310477,-0.015708036999965314,-0.04001124128699306,-0.014052511901478056,True,0.023585091822338283,physical,0.05498891315563669,0.14291554987430571,0.05973808289657048,6,0.017868197697027806,VirtualDelayAware,0.03928087615567138,0.10290430858731266,0.04568557099509243,actuator_gain,fc025a1f6ab9fdf644127a3000f4fa2244f35d77ef570ff282c34eafdba01260,1,figure8
actuator_gain_l6,-0.005932833860389522,-0.015918821813749984,-0.0365581512451172,-0.014880588881698423,True,0.023585091822338283,physical,0.05498891315563669,0.14291554987430571,0.05973808289657048,6,0.01765225796194876,VirtualDelayAware,0.03907009134188671,0.10635739862918851,0.04485749401487206,actuator_gain,fc025a1f6ab9fdf644127a3000f4fa2244f35d77ef570ff282c34eafdba01260,2,figure8
actuator_gain_l6,-0.005957943776851677,-0.01625140097716231,-0.037703258544206655,-0.014337499624237408,True,0.023585091822338283,physical,0.05498891315563669,0.14291554987430571,0.05973808289657048,6,0.017627148045486606,VirtualDelayAware,0.03873751217847438,0.10521229133009906,0.045400583272333074,actuator_gain,fc025a1f6ab9fdf644127a3000f4fa2244f35d77ef570ff282c34eafdba01260,3,figure8
actuator_gain_l6,-0.0067815905965860415,-0.01816563951375979,-0.04243452996015552,-0.01611758324511696,True,0.023585091822338283,physical,0.05498891315563669,0.14291554987430571,0.05973808289657048,6,0.016803501225752242,VirtualDelayAware,0.0368232736418769,0.10048101991415019,0.04362049965145352,actuator_gain,fc025a1f6ab9fdf644127a3000f4fa2244f35d77ef570ff282c34eafdba01260,4,figure8
actuator_gain_l6,-0.005784194250750614,-0.016043897956540328,-0.03509142249822626,-0.013473544336174884,True,0.023585091822338283,physical,0.05498891315563669,0.14291554987430571,0.05973808289657048,6,0.01780089757158767,ThreadedAsync,0.038945015199096364,0.10782412737607945,0.0462645385603956,actuator_gain,fc025a1f6ab9fdf644127a3000f4fa2244f35d77ef570ff282c34eafdba01260,0,figure8
actuator_gain_l6,-0.005374568265387611,-0.013714225299084212,-0.03276727199554447,-0.012403404259246312,True,0.023585091822338283,physical,0.05498891315563669,0.14291554987430571,0.05973808289657048,6,0.018210523556950672,ThreadedAsync,0.04127468785655248,0.11014827787876125,0.04733467863732417,actuator_gain,fc025a1f6ab9fdf644127a3000f4fa2244f35d77ef570ff282c34eafdba01260,1,figure8
actuator_gain_l6,-0.006741184251256218,-0.018707721932894994,-0.045723844319582,-0.01618728308368897,True,0.023585091822338283,physical,0.05498891315563669,0.14291554987430571,0.05973808289657048,6,0.016843907571082065,ThreadedAsync,0.0362811912227417,0.09719170555472371,0.04355079981288151,actuator_gain,fc025a1f6ab9fdf644127a3000f4fa2244f35d77ef570ff282c34eafdba01260,2,figure8
actuator_gain_l6,-0.005257742332914726,-0.014811553021100148,-0.033744700253009866,-0.012614043065370506,True,0.023585091822338283,physical,0.05498891315563669,0.14291554987430571,0.05973808289657048,6,0.018327349489423557,ThreadedAsync,0.040177360134536544,0.10917084962129585,0.047124039831199976,actuator_gain,fc025a1f6ab9fdf644127a3000f4fa2244f35d77ef570ff282c34eafdba01260,3,figure8
actuator_gain_l6,-0.0058066791258189095,-0.01651826422671534,-0.03859028741717341,-0.01391403646862175,True,0.023585091822338283,physical,0.05498891315563669,0.14291554987430571,0.05973808289657048,6,0.017778412696519374,ThreadedAsync,0.03847064892892135,0.1043252624571323,0.04582404642794873,actuator_gain,fc025a1f6ab9fdf644127a3000f4fa2244f35d77ef570ff282c34eafdba01260,4,figure8
force_pulse_l3,-0.0033055768886791296,-0.009907501936976693,-0.03294875361025338,-0.010947727819508552,True,0.014171184501574062,physical,0.0335486779102485,0.08892749473452564,0.03776539576053101,3,0.010865607612894932,IdealZeroDelay,0.023641175973271807,0.055978741124272265,0.02681766794102246,force_pulse,fc025a1f6ab9fdf644127a3000f4fa2244f35d77ef570ff282c34eafdba01260,0,figure8
force_pulse_l3,-0.00362742355661245,-0.010367709663504872,-0.03121194057166573,-0.011270422367943417,True,0.014171184501574062,physical,0.0335486779102485,0.08892749473452564,0.03776539576053101,3,0.010543760944961612,IdealZeroDelay,0.02318096824674363,0.057715554162859915,0.026494973392587596,force_pulse,fc025a1f6ab9fdf644127a3000f4fa2244f35d77ef570ff282c34eafdba01260,1,figure8
force_pulse_l3,-0.0036940457701887704,-0.012313206107597823,-0.035767413675785044,-0.01265526754163896,True,0.014171184501574062,physical,0.0335486779102485,0.08892749473452564,0.03776539576053101,3,0.010477138731385291,IdealZeroDelay,0.021235471802650677,0.0531600810587406,0.025110128218892053,force_pulse,fc025a1f6ab9fdf644127a3000f4fa2244f35d77ef570ff282c34eafdba01260,2,figure8
force_pulse_l3,-0.003657603614349641,-0.011039424965597327,-0.03454132787883286,-0.011815562746390802,True,0.014171184501574062,physical,0.0335486779102485,0.08892749473452564,0.03776539576053101,3,0.01051358088722442,IdealZeroDelay,0.022509252944651174,0.05438616685569279,0.025949833014140212,force_pulse,fc025a1f6ab9fdf644127a3000f4fa2244f35d77ef570ff282c34eafdba01260,3,figure8
force_pulse_l3,-0.002881756296361039,-0.01068187420795787,-0.03418022356927395,-0.011616245270084351,True,0.014171184501574062,physical,0.0335486779102485,0.08892749473452564,0.03776539576053101,3,0.011289428205213023,IdealZeroDelay,0.02286680370229063,0.054747271165251694,0.026149150490446662,force_pulse,fc025a1f6ab9fdf644127a3000f4fa2244f35d77ef570ff282c34eafdba01260,4,figure8
force_pulse_l3,0.06654363416652843,0.14113492680572465,0.02745860964059829,0.018142478249974593,True,0.014171184501574062,physical,0.0335486779102485,0.08892749473452564,0.03776539576053101,3,0.0807148186681025,NaiveDelayed,0.17468360471597316,0.11638610437512394,0.05590787401050561,force_pulse,fc025a1f6ab9fdf644127a3000f4fa2244f35d77ef570ff282c34eafdba01260,0,figure8
force_pulse_l3,0.07876013161102724,0.17049207374083858,0.0660120956599712,0.03506102196045604,True,0.014171184501574062,physical,0.0335486779102485,0.08892749473452564,0.03776539576053101,3,0.0929313161126013,NaiveDelayed,0.2040407516510871,0.15493959039449684,0.07282641772098705,force_pulse,fc025a1f6ab9fdf644127a3000f4fa2244f35d77ef570ff282c34eafdba01260,1,figure8
force_pulse_l3,0.08530839281285447,0.2002417622413708,0.05111760720610613,0.027513593171701413,True,0.014171184501574062,physical,0.0335486779102485,0.08892749473452564,0.03776539576053101,3,0.09947957731442854,NaiveDelayed,0.2337904401516193,0.14004510194063177,0.06527898893223243,force_pulse,fc025a1f6ab9fdf644127a3000f4fa2244f35d77ef570ff282c34eafdba01260,2,figure8
force_pulse_l3,0.06989902424972098,0.15925362961092615,0.03372309654951097,0.022481540832654842,True,0.014171184501574062,physical,0.0335486779102485,0.08892749473452564,0.03776539576053101,3,0.08407020875129505,NaiveDelayed,0.19280230752117467,0.12265059128403662,0.060246936593185856,force_pulse,fc025a1f6ab9fdf644127a3000f4fa2244f35d77ef570ff282c34eafdba01260,3,figure8
force_pulse_l3,0.07720617816027903,0.17080842224030823,0.05514541491866114,0.030996814808921642,True,0.014171184501574062,physical,0.0335486779102485,0.08892749473452564,0.03776539576053101,3,0.09137736266185309,NaiveDelayed,0.20435710015055675,0.14407290965318678,0.06876221056945266,force_pulse,fc025a1f6ab9fdf644127a3000f4fa2244f35d77ef570ff282c34eafdba01260,4,figure8
force_pulse_l3,-0.0033719498265286987,-0.009839322332586192,-0.03201366513967511,-0.010851343081278712,True,0.014171184501574062,physical,0.0335486779102485,0.08892749473452564,0.03776539576053101,3,0.010799234675045363,VirtualDelayAware,0.02370935557766231,0.056913829594850536,0.0269140526792523,force_pulse,fc025a1f6ab9fdf644127a3000f4fa2244f35d77ef570ff282c34eafdba01260,0,figure8
force_pulse_l3,-0.00039183361491670204,-0.004281648093970174,-0.03137630410492419,-0.007007525766050841,True,0.014171184501574062,physical,0.0335486779102485,0.08892749473452564,0.03776539576053101,3,0.01377935088665736,VirtualDelayAware,0.029267029816278326,0.057551190629601456,0.030757869994480172,force_pulse,fc025a1f6ab9fdf644127a3000f4fa2244f35d77ef570ff282c34eafdba01260,1,figure8
force_pulse_l3,-0.003821443853490269,-0.01023360126544412,-0.03974050469696518,-0.012063930370099417,True,0.014171184501574062,physical,0.0335486779102485,0.08892749473452564,0.03776539576053101,3,0.010349740648083793,VirtualDelayAware,0.02331507664480438,0.04918699003756046,0.025701465390431597,force_pulse,fc025a1f6ab9fdf644127a3000f4fa2244f35d77ef570ff282c34eafdba01260,2,figure8
force_pulse_l3,-0.0030956923643203245,-0.009274855771069644,-0.02543327659368516,-0.01061599477368004,True,0.014171184501574062,physical,0.0335486779102485,0.08892749473452564,0.03776539576053101,3,0.011075492137253737,VirtualDelayAware,0.024273822139178856,0.06349421814084048,0.027149400986850973,force_pulse,fc025a1f6ab9fdf644127a3000f4fa2244f35d77ef570ff282c34eafdba01260,3,figure8
force_pulse_l3,-0.0031607338690626107,-0.008979323452801249,-0.03594027571380135,-0.010597875015160588,True,0.014171184501574062,physical,0.0335486779102485,0.08892749473452564,0.03776539576053101,3,0.011010450632511451,VirtualDelayAware,0.024569354457447252,0.05298721902072429,0.027167520745370426,force_pulse,fc025a1f6ab9fdf644127a3000f4fa2244f35d77ef570ff282c34eafdba01260,4,figure8
force_pulse_l3,-0.0023165610614322187,-0.007598662307105094,-0.02480517029762265,-0.007931548410594135,True,0.014171184501574062,physical,0.0335486779102485,0.08892749473452564,0.03776539576053101,3,0.011854623440141843,ThreadedAsync,0.025950015603143407,0.064122324436903,0.029833847349936878,force_pulse,fc025a1f6ab9fdf644127a3000f4fa2244f35d77ef570ff282c34eafdba01260,0,figure8
force_pulse_l3,-0.003556542567685228,-0.010611463676901883,-0.029010771587491067,-0.011112782100457849,True,0.014171184501574062,physical,0.0335486779102485,0.08892749473452564,0.03776539576053101,3,0.010614641933888834,ThreadedAsync,0.022937214233346617,0.05991672314703458,0.026652613660073165,force_pulse,fc025a1f6ab9fdf644127a3000f4fa2244f35d77ef570ff282c34eafdba01260,1,figure8
force_pulse_l3,-0.0016004917151144025,-0.004417336847104374,-0.021969432383775717,-0.006642923403833309,True,0.014171184501574062,physical,0.0335486779102485,0.08892749473452564,0.03776539576053101,3,0.01257069278645966,ThreadedAsync,0.029131341063144127,0.06695806235074993,0.031122472356697704,force_pulse,fc025a1f6ab9fdf644127a3000f4fa2244f35d77ef570ff282c34eafdba01260,2,figure8
force_pulse_l3,-0.004044355830129961,-0.011491373247705172,-0.03614569492638108,-0.012421108391032915,True,0.014171184501574062,physical,0.0335486779102485,0.08892749473452564,0.03776539576053101,3,0.010126828671444101,ThreadedAsync,0.02205730466254333,0.05278179980814456,0.0253442873694981,force_pulse,fc025a1f6ab9fdf644127a3000f4fa2244f35d77ef570ff282c34eafdba01260,3,figure8
force_pulse_l3,-0.003431652812574036,-0.01052790234515558,-0.028698585182428384,-0.011044394025037818,True,0.014171184501574062,physical,0.0335486779102485,0.08892749473452564,0.03776539576053101,3,0.010739531689000026,ThreadedAsync,0.02302077556509292,0.06022890955209726,0.026721001735493195,force_pulse,fc025a1f6ab9fdf644127a3000f4fa2244f35d77ef570ff282c34eafdba01260,4,figure8
force_pulse_l6,-0.002012095125670039,-0.007230122520864076,-0.02783409431576722,-0.007544208215327669,True,0.014778052984760152,physical,0.035455569776402455,0.09221742153167717,0.039340519676551416,6,0.012765957859090113,IdealZeroDelay,0.02822544725553838,0.06438332721590995,0.03179631146122375,force_pulse,fc025a1f6ab9fdf644127a3000f4fa2244f35d77ef570ff282c34eafdba01260,0,figure8
force_pulse_l6,-0.0037013462217265376,-0.011320030515738821,-0.034948619082570034,-0.012112248404837773,True,0.014778052984760152,physical,0.035455569776402455,0.09221742153167717,0.039340519676551416,6,0.011076706763033614,IdealZeroDelay,0.024135539260663634,0.057268802449107134,0.027228271271713643,force_pulse,fc025a1f6ab9fdf644127a3000f4fa2244f35d77ef570ff282c34eafdba01260,1,figure8
force_pulse_l6,-0.003358349435187199,-0.011664130215535588,-0.03318665102124207,-0.011670246871794878,True,0.014778052984760152,physical,0.035455569776402455,0.09221742153167717,0.039340519676551416,6,0.011419703549572953,IdealZeroDelay,0.023791439560866868,0.0590307705104351,0.02767027280475654,force_pulse,fc025a1f6ab9fdf644127a3000f4fa2244f35d77ef570ff282c34eafdba01260,2,figure8
force_pulse_l6,-0.0032825221000459485,-0.01038694530749628,-0.03706807978451246,-0.011048662593810106,True,0.014778052984760152,physical,0.035455569776402455,0.09221742153167717,0.039340519676551416,6,0.011495530884714203,IdealZeroDelay,0.025068624468906175,0.05514934174716471,0.02829185708274131,force_pulse,fc025a1f6ab9fdf644127a3000f4fa2244f35d77ef570ff282c34eafdba01260,3,figure8
force_pulse_l6,-0.003589893057172876,-0.011363662310382234,-0.03602990619838231,-0.011998530567271883,True,0.014778052984760152,physical,0.035455569776402455,0.09221742153167717,0.039340519676551416,6,0.011188159927587276,IdealZeroDelay,0.02409190746602022,0.05618751533329486,0.027341989109279534,force_pulse,fc025a1f6ab9fdf644127a3000f4fa2244f35d77ef570ff282c34eafdba01260,4,figure8
force_pulse_l6,0.06649198074598926,0.14003936893956875,0.030723332613706536,0.01904300587062932,True,0.014778052984760152,physical,0.035455569776402455,0.09221742153167717,0.039340519676551416,6,0.08127003373074941,NaiveDelayed,0.17549493871597122,0.1229407541453837,0.05838352554718074,force_pulse,fc025a1f6ab9fdf644127a3000f4fa2244f35d77ef570ff282c34eafdba01260,0,figure8
force_pulse_l6,0.08167213429149311,0.17694005736858698,0.050122731924057085,0.027193284372184517,True,0.014778052984760152,physical,0.035455569776402455,0.09221742153167717,0.039340519676551416,6,0.09645018727625326,NaiveDelayed,0.21239562714498944,0.14234015345573425,0.06653380404873593,force_pulse,fc025a1f6ab9fdf644127a3000f4fa2244f35d77ef570ff282c34eafdba01260,1,figure8
force_pulse_l6,0.07846724649005561,0.17806119522346708,0.038473975658416815,0.027918085534538964,True,0.014778052984760152,physical,0.035455569776402455,0.09221742153167717,0.039340519676551416,6,0.09324529947481576,NaiveDelayed,0.21351676499986955,0.13069139719009398,0.06725860521109038,force_pulse,fc025a1f6ab9fdf644127a3000f4fa2244f35d77ef570ff282c34eafdba01260,2,figure8
force_pulse_l6,0.052935694080018206,0.12211049250375464,0.04039316326379783,0.026653330247129237,True,0.014778052984760152,physical,0.035455569776402455,0.09221742153167717,0.039340519676551416,6,0.06771374706477835,NaiveDelayed,0.1575660622801571,0.132610584795475,0.06599384992368065,force_pulse,fc025a1f6ab9fdf644127a3000f4fa2244f35d77ef570ff282c34eafdba01260,3,figure8
force_pulse_l6,0.0703432104280931,0.15003904527869277,0.04722523689270025,0.02917230320236823,True,0.014778052984760152,physical,0.035455569776402455,0.09221742153167717,0.039340519676551416,6,0.08512126341285325,NaiveDelayed,0.18549461505509524,0.13944265842437742,0.06851282287891965,force_pulse,fc025a1f6ab9fdf644127a3000f4fa2244f35d77ef570ff282c34eafdba01260,4,figure8
force_pulse_l6,-0.00324483224453862,-0.010337768175998522,-0.030464595556259078,-0.011006343573628036,True,0.014778052984760152,physical,0.035455569776402455,0.09221742153167717,0.039340519676551416,6,0.011533220740221532,VirtualDelayAware,0.025117801600403934,0.06175282597541809,0.02833417610292338,force_pulse,fc025a1f6ab9fdf644127a3000f4fa2244f35d77ef570ff282c34eafdba01260,0,figure8
force_pulse_l6,-0.0011029511202906572,-0.005501931406258469,-0.03154224008321756,-0.007757599759797118,True,0.014778052984760152,physical,0.035455569776402455,0.09221742153167717,0.039340519676551416,6,0.013675101864469495,VirtualDelayAware,0.029953638370143986,0.06067518144845961,0.0315829199167543,force_pulse,fc025a1f6ab9fdf644127a3000f4fa2244f35d77ef570ff282c34eafdba01260,1,figure8
force_pulse_l6,-0.00400389744178564,-0.010720591576131536,-0.03770408593118183,-0.012436525603219142,True,0.014778052984760152,physical,0.035455569776402455,0.09221742153167717,0.039340519676551416,6,0.010774155542974511,VirtualDelayAware,0.02473497820027092,0.05451333560049534,0.026903994073332275,force_pulse,fc025a1f6ab9fdf644127a3000f4fa2244f35d77ef570ff282c34eafdba01260,2,figure8
force_pulse_l6,-0.003241569372271892,-0.009601887112855822,-0.02690158486366266,-0.010406960832760485,True,0.014778052984760152,physical,0.035455569776402455,0.09221742153167717,0.039340519676551416,6,0.01153648361248826,VirtualDelayAware,0.025853682663546634,0.0653158366680145,0.02893355884379093,force_pulse,fc025a1f6ab9fdf644127a3000f4fa2244f35d77ef570ff282c34eafdba01260,3,figure8
force_pulse_l6,-0.002810966527575164,-0.008551038013745814,-0.034277156740427,-0.009898236392574946,True,0.014778052984760152,physical,0.035455569776402455,0.09221742153167717,0.039340519676551416,6,0.011967086457184988,VirtualDelayAware,0.02690453176265664,0.05794026479125017,0.02944228328397647,force_pulse,fc025a1f6ab9fdf644127a3000f4fa2244f35d77ef570ff282c34eafdba01260,4,figure8
force_pulse_l6,-0.003786103855213786,-0.011545251322116524,-0.03325762525200837,-0.012142239957258664,True,0.014778052984760152,physical,0.035455569776402455,0.09221742153167717,0.039340519676551416,6,0.010991949129546366,ThreadedAsync,0.02391031845428593,0.0589597962796688,0.027198279719292753,force_pulse,fc025a1f6ab9fdf644127a3000f4fa2244f35d77ef570ff282c34eafdba01260,0,figure8
force_pulse_l6,-0.0034031538561991957,-0.009494038010478052,-0.03271135427057738,-0.011044793527210068,True,0.014778052984760152,physical,0.035455569776402455,0.09221742153167717,0.039340519676551416,6,0.011374899128560956,ThreadedAsync,0.025961531765924403,0.05950606726109979,0.02829572614934135,force_pulse,fc025a1f6ab9fdf644127a3000f4fa2244f35d77ef570ff282c34eafdba01260,1,figure8
force_pulse_l6,-0.0033670374787378703,-0.010884210973526959,-0.03194756582379338,-0.010542553278857648,True,0.014778052984760152,physical,0.035455569776402455,0.09221742153167717,0.039340519676551416,6,0.011411015506022281,ThreadedAsync,0.024571358802875497,0.06026985570788379,0.028797966397693768,force_pulse,fc025a1f6ab9fdf644127a3000f4fa2244f35d77ef570ff282c34eafdba01260,2,figure8
force_pulse_l6,-0.0029986828969373568,-0.009557407377286206,-0.03138879314064973,-0.010563961505143056,True,0.014778052984760152,physical,0.035455569776402455,0.09221742153167717,0.039340519676551416,6,0.011779370087822795,ThreadedAsync,0.02589816239911625,0.060828628391027435,0.02877655817140836,force_pulse,fc025a1f6ab9fdf644127a3000f4fa2244f35d77ef570ff282c34eafdba01260,3,figure8
force_pulse_l6,-0.003458652541636716,-0.010703102750234353,-0.03062136955559249,-0.010985564234705508,True,0.014778052984760152,physical,0.035455569776402455,0.09221742153167717,0.039340519676551416,6,0.011319400443123436,ThreadedAsync,0.024752467026168103,0.06159605197608468,0.028354955441845908,force_pulse,fc025a1f6ab9fdf644127a3000f4fa2244f35d77ef570ff282c34eafdba01260,4,figure8
nominal,-0.0031397473509389325,-0.009668596093105847,-0.03718886189162729,-0.011303488914798255,True,0.014267588990708997,physical,0.03357206893664515,0.08892749473452564,0.03801603391284657,0,0.011127841639770064,IdealZeroDelay,0.0239034728435393,0.051738632842898355,0.026712544998048312,nominal,fc025a1f6ab9fdf644127a3000f4fa2244f35d77ef570ff282c34eafdba01260,0,figure8
nominal,-0.003732257286962616,-0.010363261990797203,-0.03190603405237196,-0.012044115453922595,True,0.014267588990708997,physical,0.03357206893664515,0.08892749473452564,0.03801603391284657,0,0.01053533170374638,IdealZeroDelay,0.023208806945847944,0.057021460682153684,0.025971918458923972,nominal,fc025a1f6ab9fdf644127a3000f4fa2244f35d77ef570ff282c34eafdba01260,1,figure8
nominal,-0.004146297108245236,-0.012841584404373795,-0.03850373923778533,-0.013712226146459987,True,0.014267588990708997,physical,0.03357206893664515,0.08892749473452564,0.03801603391284657,0,0.010121291882463761,IdealZeroDelay,0.020730484532271352,0.050423755496740316,0.02430380776638658,nominal,fc025a1f6ab9fdf644127a3000f4fa2244f35d77ef570ff282c34eafdba01260,2,figure8
nominal,-0.0035206260454642424,-0.011057985663531781,-0.03460889384150513,-0.011701215983859915,True,0.014267588990708997,physical,0.03357206893664515,0.08892749473452564,0.03801603391284657,0,0.010746962945244755,IdealZeroDelay,0.022514083273113366,0.05431860089302051,0.026314817928986652,nominal,fc025a1f6ab9fdf644127a3000f4fa2244f35d77ef570ff282c34eafdba01260,3,figure8
nominal,-0.0007161965907490925,-0.005097345547435534,-0.02602550983428953,-0.007284346412000153,True,0.014267588990708997,physical,0.03357206893664515,0.08892749473452564,0.03801603391284657,0,0.013551392399959904,IdealZeroDelay,0.028474723389209613,0.06290198490023612,0.030731687500846414,nominal,fc025a1f6ab9fdf644127a3000f4fa2244f35d77ef570ff282c34eafdba01260,4,figure8
nominal,0.06251777944657382,0.12901691961094813,0.028496865928173062,0.019814155169394373,True,0.014267588990708997,physical,0.03357206893664515,0.08892749473452564,0.03801603391284657,0,0.07678536843728281,NaiveDelayed,0.16258898854759327,0.1174243606626987,0.05783018908224094,nominal,fc025a1f6ab9fdf644127a3000f4fa2244f35d77ef570ff282c34eafdba01260,0,figure8
nominal,0.07370741762828072,0.15443009165070615,0.06270434334874155,0.03303283961694764,True,0.014267588990708997,physical,0.03357206893664515,0.08892749473452564,0.03801603391284657,0,0.08797500661898972,NaiveDelayed,0.1880021605873513,0.1516318380832672,0.07104887352979421,nominal,fc025a1f6ab9fdf644127a3000f4fa2244f35d77ef570ff282c34eafdba01260,1,figure8
nominal,0.08368820196865455,0.199375165962561,0.048048486560582984,0.026165015763780983,True,0.014267588990708997,physical,0.03357206893664515,0.08892749473452564,0.03801603391284657,0,0.09795579095936355,NaiveDelayed,0.23294723489920616,0.13697598129510863,0.06418104967662755,nominal,fc025a1f6ab9fdf644127a3000f4fa2244f35d77ef570ff282c34eafdba01260,2,figure8
nominal,0.0688969477151124,0.15808640127288504,0.03544686436653141,0.022040379118998407,True,0.014267588990708997,physical,0.03357206893664515,0.08892749473452564,0.03801603391284657,0,0.0831645367058214,NaiveDelayed,0.1916584702095302,0.12437435910105706,0.060056413031844974,nominal,fc025a1f6ab9fdf644127a3000f4fa2244f35d77ef570ff282c34eafdba01260,3,figure8
nominal,0.07398858733333633,0.17391822952930824,0.05665378198027608,0.02991429919900207,True,0.014267588990708997,physical,0.03357206893664515,0.08892749473452564,0.03801603391284657,0,0.08825617632404532,NaiveDelayed,0.2074902984659534,0.14558127671480173,0.06793033311184864,nominal,fc025a1f6ab9fdf644127a3000f4fa2244f35d77ef570ff282c34eafdba01260,4,figure8
nominal,-0.0026112270388912815,-0.009178551940825088,-0.030222013592720004,-0.010263758186216096,True,0.014267588990708997,physical,0.03357206893664515,0.08892749473452564,0.03801603391284657,0,0.011656361951817715,VirtualDelayAware,0.02439351699582006,0.05870548114180564,0.02775227572663047,nominal,fc025a1f6ab9fdf644127a3000f4fa2244f35d77ef570ff282c34eafdba01260,0,figure8
nominal,-0.003190914386217719,-0.01065668442291489,-0.03529776260256764,-0.011568256909254643,True,0.014267588990708997,physical,0.03357206893664515,0.08892749473452564,0.03801603391284657,0,0.011076674604491278,VirtualDelayAware,0.022915384513730257,0.053629732131958006,0.026447777003591924,nominal,fc025a1f6ab9fdf644127a3000f4fa2244f35d77ef570ff282c34eafdba01260,1,figure8
nominal,-0.0033837132199403715,-0.00886243744660492,-0.03484346158802506,-0.011181270216623095,True,0.014267588990708997,physical,0.03357206893664515,0.08892749473452564,0.03801603391284657,0,0.010883875770768625,VirtualDelayAware,0.024709631490040226,0.054084033146500586,0.026834763696223472,nominal,fc025a1f6ab9fdf644127a3000f4fa2244f35d77ef570ff282c34eafdba01260,2,figure8
nominal,-0.0033247627599250033,-0.00976268541702334,-0.029644345864653573,-0.010676313542747479,True,0.014267588990708997,physical,0.03357206893664515,0.08892749473452564,0.03801603391284657,0,0.010942826230783994,VirtualDelayAware,0.023809383519621807,0.05928314886987207,0.027339720370099088,nominal,fc025a1f6ab9fdf644127a3000f4fa2244f35d77ef570ff282c34eafdba01260,3,figure8
nominal,-0.0035450752288890917,-0.009741075536274145,-0.037348319217562695,-0.011220158634292727,True,0.014267588990708997,physical,0.03357206893664515,0.08892749473452564,0.03801603391284657,0,0.010722513761819905,VirtualDelayAware,0.023830993400371002,0.05157917551696295,0.02679587527855384,nominal,fc025a1f6ab9fdf644127a3000f4fa2244f35d77ef570ff282c34eafdba01260,4,figure8
nominal,-0.003746923672373448,-0.01107465451419581,-0.03665970861911771,-0.012042163147823574,True,0.014267588990708997,physical,0.03357206893664515,0.08892749473452564,0.03801603391284657,0,0.010520665318335549,ThreadedAsync,0.022497414422449336,0.05226778611540794,0.025973870765022992,nominal,fc025a1f6ab9fdf644127a3000f4fa2244f35d77ef570ff282c34eafdba01260,0,figure8
nominal,-0.003692813945279502,-0.011122265936701813,-0.034385319054126715,-0.011908778851965028,True,0.014267588990708997,physical,0.03357206893664515,0.08892749473452564,0.03801603391284657,0,0.010574775045429495,ThreadedAsync,0.022449802999943334,0.05454217568039893,0.02610725506088154,nominal,fc025a1f6ab9fdf644127a3000f4fa2244f35d77ef570ff282c34eafdba01260,1,figure8
nominal,-0.0038509802507652596,-0.010076348237773303,-0.032865517958998725,-0.011895928111467398,True,0.014267588990708997,physical,0.03357206893664515,0.08892749473452564,0.03801603391284657,0,0.010416608739943737,ThreadedAsync,0.023495720698871844,0.05606197677552692,0.02612010580137917,nominal,fc025a1f6ab9fdf644127a3000f4fa2244f35d77ef570ff282c34eafdba01260,2,figure8
nominal,0.001963862581599739,0.00039848139465509247,-0.02390808090567588,-0.0030956593493544488,True,0.014267588990708997,physical,0.03357206893664515,0.08892749473452564,0.03801603391284657,0,0.016231451572308736,ThreadedAsync,0.03397055033130024,0.06501941382884976,0.03492037456349212,nominal,fc025a1f6ab9fdf644127a3000f4fa2244f35d77ef570ff282c34eafdba01260,3,figure8
nominal,-0.003182877674317488,-0.00963948258609611,-0.03138089552521702,-0.010336317245306221,True,0.014267588990708997,physical,0.03357206893664515,0.08892749473452564,0.03801603391284657,0,0.011084711316391509,ThreadedAsync,0.023932586350549036,0.05754659920930862,0.027679716667540346,nominal,fc025a1f6ab9fdf644127a3000f4fa2244f35d77ef570ff282c34eafdba01260,4,figure8
observation_noise_l3,-0.002957838407719326,-0.008774591967540997,-0.032646031677722905,-0.009582436125375023,True,0.014267588990708997,physical,0.03357206893664515,0.08892749473452564,0.03801603391284657,3,0.01130975058298967,IdealZeroDelay,0.02479747696910415,0.05628146305680274,0.028433597787471544,observation_noise,fc025a1f6ab9fdf644127a3000f4fa2244f35d77ef570ff282c34eafdba01260,0,figure8
observation_noise_l3,-0.00425614223502273,-0.012742559271247737,-0.043554895743727666,-0.014186894839140977,True,0.014267588990708997,physical,0.03357206893664515,0.08892749473452564,0.03801603391284657,3,0.010011446755686267,IdealZeroDelay,0.02082950966539741,0.04537259899079798,0.02382913907370559,observation_noise,fc025a1f6ab9fdf644127a3000f4fa2244f35d77ef570ff282c34eafdba01260,1,figure8
observation_noise_l3,-0.0024236904243324624,-0.008724884191730634,-0.038560403138399105,-0.010167226670783878,True,0.014267588990708997,physical,0.03357206893664515,0.08892749473452564,0.03801603391284657,3,0.011843898566376534,IdealZeroDelay,0.024847184744914513,0.05036709159612654,0.02784880724206269,observation_noise,fc025a1f6ab9fdf644127a3000f4fa2244f35d77ef570ff282c34eafdba01260,2,figure8
observation_noise_l3,-0.003757886024828648,-0.012523666801287244,-0.03860874958336356,-0.013085943016393937,True,0.014267588990708997,physical,0.03357206893664515,0.08892749473452564,0.03801603391284657,3,0.010509702965880349,IdealZeroDelay,0.021048402135357903,0.05031874515116209,0.02493009089645263,observation_noise,fc025a1f6ab9fdf644127a3000f4fa2244f35d77ef570ff282c34eafdba01260,3,figure8
observation_noise_l3,-0.0046020476549211535,-0.012174519098602305,-0.032971182838082286,-0.01354634193148246,True,0.014267588990708997,physical,0.03357206893664515,0.08892749473452564,0.03801603391284657,3,0.009665541335787843,IdealZeroDelay,0.021397549838042842,0.05595631189644336,0.024469691981364106,observation_noise,fc025a1f6ab9fdf644127a3000f4fa2244f35d77ef570ff282c34eafdba01260,4,figure8
observation_noise_l3,0.08351850085142028,0.19517828639238038,0.049515997618436766,0.023486963555345547,True,0.014267588990708997,physical,0.03357206893664515,0.08892749473452564,0.03801603391284657,3,0.09778608984212928,NaiveDelayed,0.22875035532902555,0.1384434923529624,0.061502997468192114,observation_noise,fc025a1f6ab9fdf644127a3000f4fa2244f35d77ef570ff282c34eafdba01260,0,figure8
observation_noise_l3,0.08045690332597794,0.1578089574068791,0.0763511784374714,0.03501538686887937,True,0.014267588990708997,physical,0.03357206893664515,0.08892749473452564,0.03801603391284657,3,0.09472449231668693,NaiveDelayed,0.19138102634352427,0.16527867317199704,0.07303142078172593,observation_noise,fc025a1f6ab9fdf644127a3000f4fa2244f35d77ef570ff282c34eafdba01260,1,figure8
observation_noise_l3,0.056352498189514016,0.12811466110390957,0.04837165549397461,0.02465717836922271,True,0.014267588990708997,physical,0.03357206893664515,0.08892749473452564,0.03801603391284657,3,0.07062008718022302,NaiveDelayed,0.16168673004055473,0.13729915022850026,0.06267321228206928,observation_noise,fc025a1f6ab9fdf644127a3000f4fa2244f35d77ef570ff282c34eafdba01260,2,figure8
observation_noise_l3,0.06213241939909729,0.12576716152353346,0.05688673183321953,0.025114870479585646,True,0.014267588990708997,physical,0.03357206893664515,0.08892749473452564,0.03801603391284657,3,0.07640000838980629,NaiveDelayed,0.15933923046017862,0.14581422656774518,0.06313090439243221,observation_noise,fc025a1f6ab9fdf644127a3000f4fa2244f35d77ef570ff282c34eafdba01260,3,figure8
observation_noise_l3,0.07164190245254236,0.1687194968429977,0.044164071232080396,0.027554716379480176,True,0.014267588990708997,physical,0.03357206893664515,0.08892749473452564,0.03801603391284657,3,0.08590949144325136,NaiveDelayed,0.20229156577964283,0.13309156596660604,0.06557075029232674,observation_noise,fc025a1f6ab9fdf644127a3000f4fa2244f35d77ef570ff282c34eafdba01260,4,figure8
observation_noise_l3,-0.003367542546258453,-0.009208880300817943,-0.0318676687777042,-0.01114263108108263,True,0.014267588990708997,physical,0.03357206893664515,0.08892749473452564,0.03801603391284657,3,0.010900046444450544,VirtualDelayAware,0.024363188635827204,0.05705982595682144,0.026873402831763937,observation_noise,fc025a1f6ab9fdf644127a3000f4fa2244f35d77ef570ff282c34eafdba01260,0,figure8
observation_noise_l3,-0.0030058535792742685,-0.00866781010729081,-0.035798108950257305,-0.011323270129740843,True,0.014267588990708997,physical,0.03357206893664515,0.08892749473452564,0.03801603391284657,3,0.011261735411434728,VirtualDelayAware,0.024904258829354337,0.05312938578426834,0.026692763783105724,observation_noise,fc025a1f6ab9fdf644127a3000f4fa2244f35d77ef570ff282c34eafdba01260,1,figure8
observation_noise_l3,-0.0016770088317255606,-0.0054840156324088805,-0.03264810666441918,-0.008041494123764398,True,0.014267588990708997,physical,0.03357206893664515,0.08892749473452564,0.03801603391284657,3,0.012590580158983436,VirtualDelayAware,0.028088053304236266,0.05627938807010646,0.02997453978908217,observation_noise,fc025a1f6ab9fdf644127a3000f4fa2244f35d77ef570ff282c34eafdba01260,2,figure8
observation_noise_l3,-0.001968416197687282,-0.007626111651284684,-0.03724984042346475,-0.009857797433851154,True,0.014267588990708997,physical,0.03357206893664515,0.08892749473452564,0.03801603391284657,3,0.012299172793021715,VirtualDelayAware,0.025945957285360463,0.051677654311060896,0.028158236478995412,observation_noise,fc025a1f6ab9fdf644127a3000f4fa2244f35d77ef570ff282c34eafdba01260,3,figure8
observation_noise_l3,-0.0032183763952935204,-0.009495195440905296,-0.03356546610593797,-0.011126560629253358,True,0.014267588990708997,physical,0.03357206893664515,0.08892749473452564,0.03801603391284657,3,0.011049212595415477,VirtualDelayAware,0.02407687349573985,0.055362028628587676,0.02688947328359321,observation_noise,fc025a1f6ab9fdf644127a3000f4fa2244f35d77ef570ff282c34eafdba01260,4,figure8
observation_noise_l3,-0.0030398577564973613,-0.008292646572119436,-0.028317378461360933,-0.0097601402482119,True,0.014267588990708997,physical,0.03357206893664515,0.08892749473452564,0.03801603391284657,3,0.011227731234211636,ThreadedAsync,0.02527942236452571,0.06061011627316471,0.028255893664634667,observation_noise,fc025a1f6ab9fdf644127a3000f4fa2244f35d77ef570ff282c34eafdba01260,0,figure8
observation_noise_l3,-0.0020195666104035927,-0.007241940288607196,-0.03168013878166672,-0.009150416917731781,True,0.014267588990708997,physical,0.03357206893664515,0.08892749473452564,0.03801603391284657,3,0.012248022380305404,ThreadedAsync,0.02633012864803795,0.057247355952858923,0.028865616995114786,observation_noise,fc025a1f6ab9fdf644127a3000f4fa2244f35d77ef570ff282c34eafdba01260,1,figure8
observation_noise_l3,-0.0019811680318407784,-0.006607989567191597,-0.02703010849654674,-0.00797437319561561,True,0.014267588990708997,physical,0.03357206893664515,0.08892749473452564,0.03801603391284657,3,0.012286420958868218,ThreadedAsync,0.02696407936945355,0.061897386237978906,0.030041660717230956,observation_noise,fc025a1f6ab9fdf644127a3000f4fa2244f35d77ef570ff282c34eafdba01260,2,figure8
observation_noise_l3,-0.0024060875450071465,-0.006624431311997747,-0.025265046209096975,-0.00796914782208626,True,0.014267588990708997,physical,0.03357206893664515,0.08892749473452564,0.03801603391284657,3,0.01186150144570185,ThreadedAsync,0.0269476376246474,0.06366244852542867,0.030046886090760307,observation_noise,fc025a1f6ab9fdf644127a3000f4fa2244f35d77ef570ff282c34eafdba01260,3,figure8
observation_noise_l3,-0.0016149956732491224,-0.005546081049699114,-0.0259237058460713,-0.007764429590637719,True,0.014267588990708997,physical,0.03357206893664515,0.08892749473452564,0.03801603391284657,3,0.012652593317459875,ThreadedAsync,0.028025987886946033,0.06300378888845434,0.030251604322208848,observation_noise,fc025a1f6ab9fdf644127a3000f4fa2244f35d77ef570ff282c34eafdba01260,4,figure8
observation_noise_l6,0.006117287795848808,0.009706848808981441,-0.007122422754764837,0.007255107565759943,True,0.014267588990708997,physical,0.03357206893664515,0.08892749473452564,0.03801603391284657,6,0.020384876786557805,IdealZeroDelay,0.04327891774562659,0.08180507197976081,0.04527114147860651,observation_noise,fc025a1f6ab9fdf644127a3000f4fa2244f35d77ef570ff282c34eafdba01260,0,figure8
observation_noise_l6,0.0057009039163599135,0.008220859553489085,-0.013265356421470823,0.004541348372735003,True,0.014267588990708997,physical,0.03357206893664515,0.08892749473452564,0.03801603391284657,6,0.01996849290706891,IdealZeroDelay,0.04179292849013423,0.07566213831305482,0.04255738228558157,observation_noise,fc025a1f6ab9fdf644127a3000f4fa2244f35d77ef570ff282c34eafdba01260,1,figure8
observation_noise_l6,0.0001594615425426129,-0.0031516580850966328,-0.024292556941509266,-0.005583612010020944,True,0.014267588990708997,physical,0.03357206893664515,0.08892749473452564,0.03801603391284657,6,0.01442705053325161,IdealZeroDelay,0.030420410851548514,0.06463493779301638,0.03243242190282562,observation_noise,fc025a1f6ab9fdf644127a3000f4fa2244f35d77ef570ff282c34eafdba01260,2,figure8
observation_noise_l6,0.00377056347805361,0.005234658020535889,-0.013423016667365992,0.0034867041318021666,True,0.014267588990708997,physical,0.03357206893664515,0.08892749473452564,0.03801603391284657,6,0.018038152468762607,IdealZeroDelay,0.038806726957181036,0.07550447806715965,0.04150273804464873,observation_noise,fc025a1f6ab9fdf644127a3000f4fa2244f35d77ef570ff282c34eafdba01260,3,figure8
observation_noise_l6,-0.0016154353965350428,-0.006597416637687772,-0.03240174055099485,-0.009816877818522928,True,0.014267588990708997,physical,0.03357206893664515,0.08892749473452564,0.03801603391284657,6,0.012652153594173954,IdealZeroDelay,0.026974652298957374,0.05652575418353079,0.02819915609432364,observation_noise,fc025a1f6ab9fdf644127a3000f4fa2244f35d77ef570ff282c34eafdba01260,4,figure8
observation_noise_l6,0.0650049160848858,0.1266659611713375,0.04907221123576165,0.028561579861000913,True,0.014267588990708997,physical,0.03357206893664515,0.08892749473452564,0.03801603391284657,6,0.0792725050755948,NaiveDelayed,0.16023803010798265,0.1379997059702873,0.06657761377384748,observation_noise,fc025a1f6ab9fdf644127a3000f4fa2244f35d77ef570ff282c34eafdba01260,0,figure8
observation_noise_l6,0.08870375116176972,0.19696836139468094,0.05808404609560967,0.02925409773858903,True,0.014267588990708997,physical,0.03357206893664515,0.08892749473452564,0.03801603391284657,6,0.10297134015247872,NaiveDelayed,0.2305404303313261,0.14701154083013532,0.0672701316514356,observation_noise,fc025a1f6ab9fdf644127a3000f4fa2244f35d77ef570ff282c34eafdba01260,1,figure8
observation_noise_l6,0.061513771924870855,0.13835689041579013,0.06440548822283747,0.03311868578090964,True,0.014267588990708997,physical,0.03357206893664515,0.08892749473452564,0.03801603391284657,6,0.07578136091557985,NaiveDelayed,0.17192895935243527,0.1533329829573631,0.0711347196937562,observation_noise,fc025a1f6ab9fdf644127a3000f4fa2244f35d77ef570ff282c34eafdba01260,2,figure8
observation_noise_l6,0.08047569928337339,0.18410193561158467,0.06083022728562358,0.03349361948898261,True,0.014267588990708997,physical,0.03357206893664515,0.08892749473452564,0.03801603391284657,6,0.09474328827408239,NaiveDelayed,0.2176740045482298,0.14975772202014923,0.07150965340182917,observation_noise,fc025a1f6ab9fdf644127a3000f4fa2244f35d77ef570ff282c34eafdba01260,3,figure8
observation_noise_l6,0.0924349275488768,0.213680058933425,0.06098601892590515,0.0327700638459955,True,0.014267588990708997,physical,0.03357206893664515,0.08892749473452564,0.03801603391284657,6,0.1067025165395858,NaiveDelayed,0.24725212787007014,0.1499135136604308,0.07078609775884206,observation_noise,fc025a1f6ab9fdf644127a3000f4fa2244f35d77ef570ff282c34eafdba01260,4,figure8
observation_noise_l6,0.004146235264707773,0.005589988667735704,-0.02262058109045026,0.0010584025905555974,True,0.014267588990708997,physical,0.03357206893664515,0.08892749473452564,0.03801603391284657,6,0.01841382425541677,VirtualDelayAware,0.03916205760438085,0.06630691364407539,0.039074436503402164,observation_noise,fc025a1f6ab9fdf644127a3000f4fa2244f35d77ef570ff282c34eafdba01260,0,figure8
observation_noise_l6,-0.002161424524823834,-0.005838250866156951,-0.03327768854796889,-0.009896160525031499,True,0.014267588990708997,physical,0.03357206893664515,0.08892749473452564,0.03801603391284657,6,0.012106164465885163,VirtualDelayAware,0.027733818070488196,0.05564980618655675,0.02811987338781507,observation_noise,fc025a1f6ab9fdf644127a3000f4fa2244f35d77ef570ff282c34eafdba01260,1,figure8
observation_noise_l6,-0.0002202955656080939,-0.0022639526715027003,-0.01834382712841033,-0.005022707309044,True,0.014267588990708997,physical,0.03357206893664515,0.08892749473452564,0.03801603391284657,6,0.014047293425100903,VirtualDelayAware,0.03130811626514245,0.07058366760611531,0.03299332660380257,observation_noise,fc025a1f6ab9fdf644127a3000f4fa2244f35d77ef570ff282c34eafdba01260,2,figure8
observation_noise_l6,0.004284922620245527,0.006154116528737354,-0.013540609925985353,0.0018694138460276719,True,0.014267588990708997,physical,0.03357206893664515,0.08892749473452564,0.03801603391284657,6,0.018552511610954524,VirtualDelayAware,0.0397261854653825,0.07538688480854029,0.03988544775887424,observation_noise,fc025a1f6ab9fdf644127a3000f4fa2244f35d77ef570ff282c34eafdba01260,3,figure8
observation_noise_l6,0.0021294023935997265,0.0016509443097844842,-0.016784132272005106,-0.0017380874660995124,True,0.014267588990708997,physical,0.03357206893664515,0.08892749473452564,0.03801603391284657,6,0.016396991384308723,VirtualDelayAware,0.03522301324642963,0.07214336246252054,0.036277946446747054,observation_noise,fc025a1f6ab9fdf644127a3000f4fa2244f35d77ef570ff282c34eafdba01260,4,figure8
observation_noise_l6,0.005790222984303999,0.009812127766180276,0.006202448904514338,0.006624107237334344,True,0.014267588990708997,physical,0.03357206893664515,0.08892749473452564,0.03801603391284657,6,0.020057811975012996,ThreadedAsync,0.04338419670282542,0.09512994363903998,0.04464014115018091,observation_noise,fc025a1f6ab9fdf644127a3000f4fa2244f35d77ef570ff282c34eafdba01260,0,figure8
observation_noise_l6,-0.001307943008075763,-0.004845786488280605,-0.030321646481752368,-0.008002174977212749,True,0.014267588990708997,physical,0.03357206893664515,0.08892749473452564,0.03801603391284657,6,0.012959645982633234,ThreadedAsync,0.028726282448364542,0.05860584825277328,0.030013858935633818,observation_noise,fc025a1f6ab9fdf644127a3000f4fa2244f35d77ef570ff282c34eafdba01260,1,figure8
observation_noise_l6,-0.0025592200056032896,-0.008370307223920802,-0.03950747698545452,-0.011714184125101824,True,0.014267588990708997,physical,0.03357206893664515,0.08892749473452564,0.03801603391284657,6,0.011708368985105707,ThreadedAsync,0.025201761712724344,0.04942001774907112,0.026301849787744743,observation_noise,fc025a1f6ab9fdf644127a3000f4fa2244f35d77ef570ff282c34eafdba01260,2,figure8
observation_noise_l6,0.0010388308783089006,-0.00113642287226208,-0.020425824820995295,-0.004154900068326334,True,0.014267588990708997,physical,0.03357206893664515,0.08892749473452564,0.03801603391284657,6,0.015306419869017898,ThreadedAsync,0.03243564606438307,0.06850166991353035,0.03386113384452023,observation_noise,fc025a1f6ab9fdf644127a3000f4fa2244f35d77ef570ff282c34eafdba01260,3,figure8
observation_noise_l6,-0.002768309605971476,-0.007603021569163846,-0.02795261517167092,-0.01008589602857557,True,0.014267588990708997,physical,0.03357206893664515,0.08892749473452564,0.03801603391284657,6,0.01149927938473752,ThreadedAsync,0.0259690473674813,0.060974879562854724,0.027930137884270997,observation_noise,fc025a1f6ab9fdf644127a3000f4fa2244f35d77ef570ff282c34eafdba01260,4,figure8
payload_l3,-0.00231564446857142,-0.021874432455347537,-0.024053128808736793,-0.014122681967772943,True,0.02100833097034587,physical,0.06374906080639607,0.10364413335919377,0.056209494765819684,3,0.01869268650177445,IdealZeroDelay,0.041874628351048535,0.07959100455045698,0.04208681279804674,payload,fc025a1f6ab9fdf644127a3000f4fa2244f35d77ef570ff282c34eafdba01260,0,figure8
payload_l3,-0.00010695409804169914,-0.01759787137999093,-0.021500231325626368,-0.008466960594496448,True,0.02100833097034587,physical,0.06374906080639607,0.10364413335919377,0.056209494765819684,3,0.02090137687230417,IdealZeroDelay,0.04615118942640514,0.0821439020335674,0.047742534171323237,payload,fc025a1f6ab9fdf644127a3000f4fa2244f35d77ef570ff282c34eafdba01260,1,figure8
payload_l3,-0.0007068611070017196,-0.015055859626697574,-0.011900752782821628,-0.005620001446865926,True,0.02100833097034587,physical,0.06374906080639607,0.10364413335919377,0.056209494765819684,3,0.02030146986334415,IdealZeroDelay,0.0486932011796985,0.09174338057637214,0.05058949331895376,payload,fc025a1f6ab9fdf644127a3000f4fa2244f35d77ef570ff282c34eafdba01260,2,figure8
payload_l3,-0.001225132439900533,-0.018468605307917232,-0.017964394390583102,-0.010755540470499071,True,0.02100833097034587,physical,0.06374906080639607,0.10364413335919377,0.056209494765819684,3,0.019783198530445335,IdealZeroDelay,0.04528045549847884,0.08567973896861067,0.04545395429532061,payload,fc025a1f6ab9fdf644127a3000f4fa2244f35d77ef570ff282c34eafdba01260,3,figure8
payload_l3,-0.0037498244675354363,-0.021927648045758856,-0.019683917611837368,-0.015781425851503925,True,0.02100833097034587,physical,0.06374906080639607,0.10364413335919377,0.056209494765819684,3,0.017258506502810432,IdealZeroDelay,0.041821412760637215,0.0839602157473564,0.04042806891431576,payload,fc025a1f6ab9fdf644127a3000f4fa2244f35d77ef570ff282c34eafdba01260,4,figure8
payload_l3,0.07654331110320299,0.1621164558748675,0.03701839372515682,0.009749980451262352,True,0.02100833097034587,physical,0.06374906080639607,0.10364413335919377,0.056209494765819684,3,0.09755164207354886,NaiveDelayed,0.2258655166812636,0.1406625270843506,0.06595947521708204,payload,fc025a1f6ab9fdf644127a3000f4fa2244f35d77ef570ff282c34eafdba01260,0,figure8
payload_l3,0.07795082032718244,0.13921008083920589,0.031642793864011795,0.00971675346263487,True,0.02100833097034587,physical,0.06374906080639607,0.10364413335919377,0.056209494765819684,3,0.0989591512975283,NaiveDelayed,0.20295914164560197,0.13528692722320557,0.06592624822845455,payload,fc025a1f6ab9fdf644127a3000f4fa2244f35d77ef570ff282c34eafdba01260,1,figure8
payload_l3,0.07392130796180534,0.16775097017932472,0.029445069283246958,0.011545399991022928,True,0.02100833097034587,physical,0.06374906080639607,0.10364413335919377,0.056209494765819684,3,0.0949296389321512,NaiveDelayed,0.2315000309857208,0.13308920264244073,0.06775489475684261,payload,fc025a1f6ab9fdf644127a3000f4fa2244f35d77ef570ff282c34eafdba01260,2,figure8
payload_l3,0.0890309496608255,0.1863583981277282,0.052768205851316294,0.017337457590834132,True,0.02100833097034587,physical,0.06374906080639607,0.10364413335919377,0.056209494765819684,3,0.11003928063117137,NaiveDelayed,0.2501074589341243,0.15641233921051007,0.07354695235665382,payload,fc025a1f6ab9fdf644127a3000f4fa2244f35d77ef570ff282c34eafdba01260,3,figure8
payload_l3,0.0892013509657952,0.1814316989518095,0.03561738058924675,0.011914095541913292,True,0.02100833097034587,physical,0.06374906080639607,0.10364413335919377,0.056209494765819684,3,0.11020968193614107,NaiveDelayed,0.24518075975820555,0.13926151394844052,0.06812359030773298,payload,fc025a1f6ab9fdf644127a3000f4fa2244f35d77ef570ff282c34eafdba01260,4,figure8
payload_l3,-0.003584103239053508,-0.017531280430926034,-0.010727216303348538,-0.012554654525864475,True,0.02100833097034587,physical,0.06374906080639607,0.10364413335919377,0.056209494765819684,3,0.01742422773129236,VirtualDelayAware,0.04621778037547004,0.09291691705584523,0.04365484023995521,payload,fc025a1f6ab9fdf644127a3000f4fa2244f35d77ef570ff282c34eafdba01260,0,figure8
payload_l3,-0.0024591340406222365,-0.018037961338234293,-0.02415081486105919,-0.013633956566285028,True,0.02100833097034587,physical,0.06374906080639607,0.10364413335919377,0.056209494765819684,3,0.018549196929723632,VirtualDelayAware,0.04571109946816178,0.07949331849813458,0.042575538199534656,payload,fc025a1f6ab9fdf644127a3000f4fa2244f35d77ef570ff282c34eafdba01260,1,figure8
payload_l3,0.0002219301106774034,-0.012627560465898163,-0.012309508025646204,-0.007887592812039615,True,0.02100833097034587,physical,0.06374906080639607,0.10364413335919377,0.056209494765819684,3,0.02123026108102327,VirtualDelayAware,0.05112150034049791,0.09133462533354757,0.04832190195378007,payload,fc025a1f6ab9fdf644127a3000f4fa2244f35d77ef570ff282c34eafdba01260,2,figure8
payload_l3,-0.004876136166127431,-0.023239764681749035,-0.0361903868615627,-0.016993897508409295,True,0.02100833097034587,physical,0.06374906080639607,0.10364413335919377,0.056209494765819684,3,0.016132194804218437,VirtualDelayAware,0.040509296124647036,0.06745374649763107,0.03921559725741039,payload,fc025a1f6ab9fdf644127a3000f4fa2244f35d77ef570ff282c34eafdba01260,3,figure8
payload_l3,-0.003944971415968404,-0.020591547790547095,-0.02906208634376524,-0.01468296517555022,True,0.02100833097034587,physical,0.06374906080639607,0.10364413335919377,0.056209494765819684,3,0.017063359554377464,VirtualDelayAware,0.043157513015848976,0.07458204701542853,0.041526529590269465,payload,fc025a1f6ab9fdf644127a3000f4fa2244f35d77ef570ff282c34eafdba01260,4,figure8
payload_l3,-0.006623745868152207,-0.025019632576181103,-0.03851852938532831,-0.01957442185312351,True,0.02100833097034587,physical,0.06374906080639607,0.10364413335919377,0.056209494765819684,3,0.014384585102193662,ThreadedAsync,0.03872942823021497,0.06512560397386546,0.03663507291269617,payload,fc025a1f6ab9fdf644127a3000f4fa2244f35d77ef570ff282c34eafdba01260,0,figure8
payload_l3,-0.000876361117778033,-0.01547823990992505,-0.013248603045940444,-0.009473945421301894,True,0.02100833097034587,physical,0.06374906080639607,0.10364413335919377,0.056209494765819684,3,0.020131969852567835,ThreadedAsync,0.04827082089647102,0.09039553031325333,0.04673554934451779,payload,fc025a1f6ab9fdf644127a3000f4fa2244f35d77ef570ff282c34eafdba01260,1,figure8
payload_l3,-0.0023965960312817697,-0.018291839155781982,-0.015105641633272146,-0.011722723653957205,True,0.02100833097034587,physical,0.06374906080639607,0.10364413335919377,0.056209494765819684,3,0.0186117349390641,ThreadedAsync,0.04545722165061409,0.08853849172592163,0.04448677111186248,payload,fc025a1f6ab9fdf644127a3000f4fa2244f35d77ef570ff282c34eafdba01260,2,figure8
payload_l3,-0.004076587492477173,-0.020501008614312553,-0.029293768107891235,-0.015023993031913839,True,0.02100833097034587,physical,0.06374906080639607,0.10364413335919377,0.056209494765819684,3,0.016931743477868695,ThreadedAsync,0.04324805219208352,0.07435036525130254,0.041185501733905845,payload,fc025a1f6ab9fdf644127a3000f4fa2244f35d77ef570ff282c34eafdba01260,3,figure8
payload_l3,-0.00350470222159319,-0.01884357699847248,-0.020715644955635076,-0.012983796862791386,True,0.02100833097034587,physical,0.06374906080639607,0.10364413335919377,0.056209494765819684,3,0.017503628748752678,ThreadedAsync,0.04490548380792359,0.0829284884035587,0.0432256979030283,payload,fc025a1f6ab9fdf644127a3000f4fa2244f35d77ef570ff282c34eafdba01260,4,figure8
payload_l6,-0.013222051110025043,-0.07602194860795668,-0.051094484329223644,-0.04204034501452833,True,0.04578471087501933,physical,0.16153276495579172,0.1834433913230896,0.1260479245363021,6,0.032562659764994284,IdealZeroDelay,0.08551081634783504,0.13234890699386595,0.08400757952177376,payload,fc025a1f6ab9fdf644127a3000f4fa2244f35d77ef570ff282c34eafdba01260,0,figure8
payload_l6,-0.013843498678556679,-0.07036698454233671,-0.03290786296129233,-0.03716040268548934,True,0.04578471087501933,physical,0.16153276495579172,0.1834433913230896,0.1260479245363021,6,0.03194121219646265,IdealZeroDelay,0.09116578041345501,0.15053552836179726,0.08888752185081275,payload,fc025a1f6ab9fdf644127a3000f4fa2244f35d77ef570ff282c34eafdba01260,1,figure8
payload_l6,-0.0114573136372264,-0.06957674762082759,-0.03687351047992721,-0.03613650036933895,True,0.04578471087501933,physical,0.16153276495579172,0.1834433913230896,0.1260479245363021,6,0.03432739723779293,IdealZeroDelay,0.09195601733496413,0.1465698808431624,0.08991142416696314,payload,fc025a1f6ab9fdf644127a3000f4fa2244f35d77ef570ff282c34eafdba01260,2,figure8
payload_l6,-0.014915591006310545,-0.07797583770175129,-0.052775563299655937,-0.044599644498655375,True,0.04578471087501933,physical,0.16153276495579172,0.1834433913230896,0.1260479245363021,6,0.030869119868708782,IdealZeroDelay,0.08355692725404043,0.13066782802343366,0.08144828003764672,payload,fc025a1f6ab9fdf644127a3000f4fa2244f35d77ef570ff282c34eafdba01260,3,figure8
payload_l6,-0.013069931323820831,-0.07339496985837168,-0.046434091031551356,-0.038283469165208764,True,0.04578471087501933,physical,0.16153276495579172,0.1834433913230896,0.1260479245363021,6,0.032714779551198496,IdealZeroDelay,0.08813779509742004,0.13700930029153824,0.08776445537109333,payload,fc025a1f6ab9fdf644127a3000f4fa2244f35d77ef570ff282c34eafdba01260,4,figure8
payload_l6,0.08167496153566083,0.1242063266312543,-0.004120740294456665,-0.03781868021368026,True,0.04578471087501933,physical,0.16153276495579172,0.1834433913230896,0.1260479245363021,6,0.12745967241068015,NaiveDelayed,0.285739091587046,0.17932265102863293,0.08822924432262183,payload,fc025a1f6ab9fdf644127a3000f4fa2244f35d77ef570ff282c34eafdba01260,0,figure8
payload_l6,0.053830651113549954,0.05352185914391716,-0.01916490644216562,-0.04095380764575911,True,0.04578471087501933,physical,0.16153276495579172,0.1834433913230896,0.1260479245363021,6,0.09961536198856928,NaiveDelayed,0.21505462409970888,0.16427848488092398,0.08509411689054298,payload,fc025a1f6ab9fdf644127a3000f4fa2244f35d77ef570ff282c34eafdba01260,1,figure8
payload_l6,0.04148486977968588,0.022282627011601774,0.01871494650840755,-0.030622278586210486,True,0.04578471087501933,physical,0.16153276495579172,0.1834433913230896,0.1260479245363021,6,0.0872695806547052,NaiveDelayed,0.1838153919673935,0.20215833783149714,0.0954256459500916,payload,fc025a1f6ab9fdf644127a3000f4fa2244f35d77ef570ff282c34eafdba01260,2,figure8
payload_l6,0.0604031090424164,0.09586328346402073,0.013189207017421684,-0.03180026423140256,True,0.04578471087501933,physical,0.16153276495579172,0.1834433913230896,0.1260479245363021,6,0.10618781991743573,NaiveDelayed,0.25739604841981245,0.19663259834051128,0.09424766030489953,payload,fc025a1f6ab9fdf644127a3000f4fa2244f35d77ef570ff282c34eafdba01260,3,figure8
payload_l6,0.07803445799544632,0.12968610788562696,-0.0004604414105417176,-0.03415883900139967,True,0.04578471087501933,physical,0.16153276495579172,0.1834433913230896,0.1260479245363021,6,0.12381916887046565,NaiveDelayed,0.2912188728414187,0.18298294991254788,0.09188908553490242,payload,fc025a1f6ab9fdf644127a3000f4fa2244f35d77ef570ff282c34eafdba01260,4,figure8
payload_l6,-0.010777048130661951,-0.05494906573174464,-0.02750264704227451,-0.031063936450016177,True,0.04578471087501933,physical,0.16153276495579172,0.1834433913230896,0.1260479245363021,6,0.035007662744357376,VirtualDelayAware,0.10658369922404708,0.15594074428081509,0.09498398808628591,payload,fc025a1f6ab9fdf644127a3000f4fa2244f35d77ef570ff282c34eafdba01260,0,figure8
payload_l6,-0.013320203100097856,-0.06250460313875517,-0.0417553186416626,-0.03764704778661039,True,0.04578471087501933,physical,0.16153276495579172,0.1834433913230896,0.1260479245363021,6,0.03246450777492147,VirtualDelayAware,0.09902816181703655,0.141688072681427,0.0884008767496917,payload,fc025a1f6ab9fdf644127a3000f4fa2244f35d77ef570ff282c34eafdba01260,1,figure8
payload_l6,-0.012852683276552382,-0.06314446847195587,-0.057016608119010936,-0.036322598274780446,True,0.04578471087501933,physical,0.16153276495579172,0.1834433913230896,0.1260479245363021,6,0.032932027598466945,VirtualDelayAware,0.09838829648383585,0.12642678320407866,0.08972532626152165,payload,fc025a1f6ab9fdf644127a3000f4fa2244f35d77ef570ff282c34eafdba01260,2,figure8
payload_l6,-0.013259073683116539,-0.06392369727471606,-0.04710784852504735,-0.03692045341378153,True,0.04578471087501933,physical,0.16153276495579172,0.1834433913230896,0.1260479245363021,6,0.03252563719190279,VirtualDelayAware,0.09760906768107566,0.13633554279804225,0.08912747112252056,payload,fc025a1f6ab9fdf644127a3000f4fa2244f35d77ef570ff282c34eafdba01260,3,figure8
payload_l6,-0.013671196360691217,-0.0648836455210052,-0.04654528051614762,-0.038778702355069,True,0.04578471087501933,physical,0.16153276495579172,0.1834433913230896,0.1260479245363021,6,0.03211351451432811,VirtualDelayAware,0.09664911943478652,0.13689811080694197,0.08726922218123309,payload,fc025a1f6ab9fdf644127a3000f4fa2244f35d77ef570ff282c34eafdba01260,4,figure8
payload_l6,-0.01226657576131883,-0.06047176703174863,-0.03976999521255495,-0.032981510230582795,True,0.04578471087501933,physical,0.16153276495579172,0.1834433913230896,0.1260479245363021,6,0.0335181351137005,ThreadedAsync,0.10106099792404309,0.14367339611053465,0.0930664143057193,payload,fc025a1f6ab9fdf644127a3000f4fa2244f35d77ef570ff282c34eafdba01260,0,figure8
payload_l6,-0.012546815132520907,-0.06048553851058956,-0.030860887467861198,-0.031963851668481535,True,0.04578471087501933,physical,0.16153276495579172,0.1834433913230896,0.1260479245363021,6,0.03323789574249842,ThreadedAsync,0.10104722644520216,0.1525825038552284,0.09408407286782056,payload,fc025a1f6ab9fdf644127a3000f4fa2244f35d77ef570ff282c34eafdba01260,1,figure8
payload_l6,-0.011846262235265935,-0.059283341973548745,-0.02209397256374368,-0.03141998478288792,True,0.04578471087501933,physical,0.16153276495579172,0.1834433913230896,0.1260479245363021,6,0.03393844863975339,ThreadedAsync,0.10224942298224297,0.16134941875934591,0.09462793975341417,payload,fc025a1f6ab9fdf644127a3000f4fa2244f35d77ef570ff282c34eafdba01260,2,figure8
payload_l6,-0.01172826562581606,-0.05742754297761202,-0.02234824895858767,-0.030415313097310687,True,0.04578471087501933,physical,0.16153276495579172,0.1834433913230896,0.1260479245363021,6,0.03405644524920327,ThreadedAsync,0.1041052219781797,0.16109514236450193,0.0956326114389914,payload,fc025a1f6ab9fdf644127a3000f4fa2244f35d77ef570ff282c34eafdba01260,3,figure8
payload_l6,-0.011399792077583598,-0.054195801945142535,-0.03932488411664964,-0.0309744923308668,True,0.04578471087501933,physical,0.16153276495579172,0.1834433913230896,0.1260479245363021,6,0.03438491879743573,ThreadedAsync,0.10733696301064918,0.14411850720643996,0.0950734322054353,payload,fc025a1f6ab9fdf644127a3000f4fa2244f35d77ef570ff282c34eafdba01260,4,figure8
actuator_gain_l3,-0.004951560664593065,-0.01543857179593831,-0.04841761812567708,-0.014989186576056742,True,0.015165143527716368,physical,0.03702788618693278,0.10363421216607088,0.04067555432639932,3,0.010213582863123303,IdealZeroDelay,0.021589314390994468,0.0552165940403938,0.025686367750342578,actuator_gain,1368b3fd4139e18c4f8cd5601d45c6c91fe9f73751ce15406f842e1274121fed,0,rounded_square
actuator_gain_l3,-0.004006965333964293,-0.01377585295348513,-0.038810004293918565,-0.013192681704365827,True,0.015165143527716368,physical,0.03702788618693278,0.10363421216607088,0.04067555432639932,3,0.011158178193752075,IdealZeroDelay,0.02325203323344765,0.06482420787215232,0.027482872622033493,actuator_gain,1368b3fd4139e18c4f8cd5601d45c6c91fe9f73751ce15406f842e1274121fed,1,rounded_square
actuator_gain_l3,-0.004251073860328714,-0.014134157125799206,-0.041548315435647916,-0.013022754138633387,True,0.015165143527716368,physical,0.03702788618693278,0.10363421216607088,0.04067555432639932,3,0.010914069667387654,IdealZeroDelay,0.022893729061133572,0.06208589673042297,0.027652800187765933,actuator_gain,1368b3fd4139e18c4f8cd5601d45c6c91fe9f73751ce15406f842e1274121fed,2,rounded_square
actuator_gain_l3,-0.004700850543291252,-0.015270672415670008,-0.0424106147140264,-0.015078491839949353,True,0.015165143527716368,physical,0.03702788618693278,0.10363421216607088,0.04067555432639932,3,0.010464292984425116,IdealZeroDelay,0.02175721377126277,0.06122359745204448,0.025597062486449967,actuator_gain,1368b3fd4139e18c4f8cd5601d45c6c91fe9f73751ce15406f842e1274121fed,3,rounded_square
actuator_gain_l3,-0.004120162229722543,-0.015324122053100818,-0.0465624019503593,-0.014335175266774237,True,0.015165143527716368,physical,0.03702788618693278,0.10363421216607088,0.04067555432639932,3,0.011044981297993825,IdealZeroDelay,0.02170376413383196,0.05707181021571158,0.026340379059625083,actuator_gain,1368b3fd4139e18c4f8cd5601d45c6c91fe9f73751ce15406f842e1274121fed,4,rounded_square
actuator_gain_l3,0.08886166732533075,0.20276141969744557,0.053472713381051945,0.028721894970545815,True,0.015165143527716368,physical,0.03702788618693278,0.10363421216607088,0.04067555432639932,3,0.10402681085304712,NaiveDelayed,0.23978930588437836,0.15710692554712283,0.06939744929694514,actuator_gain,1368b3fd4139e18c4f8cd5601d45c6c91fe9f73751ce15406f842e1274121fed,0,rounded_square
actuator_gain_l3,0.07326815489052482,0.1588687196731958,0.044901450723409675,0.025677796983235017,True,0.015165143527716368,physical,0.03702788618693278,0.10363421216607088,0.04067555432639932,3,0.08843329841824119,NaiveDelayed,0.19589660586012858,0.14853566288948056,0.06635335130963434,actuator_gain,1368b3fd4139e18c4f8cd5601d45c6c91fe9f73751ce15406f842e1274121fed,1,rounded_square
actuator_gain_l3,0.06854398996291616,0.1676611817027757,0.04383326545357705,0.02181678581228569,True,0.015165143527716368,physical,0.03702788618693278,0.10363421216607088,0.04067555432639932,3,0.08370913349063253,NaiveDelayed,0.20468906788970848,0.14746747761964793,0.06249234013868501,actuator_gain,1368b3fd4139e18c4f8cd5601d45c6c91fe9f73751ce15406f842e1274121fed,2,rounded_square
actuator_gain_l3,0.07446619578857776,0.1538778083892322,0.04241346344351771,0.023704371409644272,True,0.015165143527716368,physical,0.03702788618693278,0.10363421216607088,0.04067555432639932,3,0.08963133931629412,NaiveDelayed,0.190905694576165,0.1460476756095886,0.06437992573604359,actuator_gain,1368b3fd4139e18c4f8cd5601d45c6c91fe9f73751ce15406f842e1274121fed,3,rounded_square
actuator_gain_l3,0.07001749677286524,0.169453875181417,0.045922794193029415,0.026616347761828384,True,0.015165143527716368,physical,0.03702788618693278,0.10363421216607088,0.04067555432639932,3,0.0851826403005816,NaiveDelayed,0.20648176136834978,0.1495570063591003,0.0672919020882277,actuator_gain,1368b3fd4139e18c4f8cd5601d45c6c91fe9f73751ce15406f842e1274121fed,4,rounded_square
actuator_gain_l3,-0.0044211285497144336,-0.013353013140062982,-0.036781915277242644,-0.013935981890412154,True,0.015165143527716368,physical,0.03702788618693278,0.10363421216607088,0.04067555432639932,3,0.010744014978001934,VirtualDelayAware,0.023674873046869795,0.06685229688882824,0.026739572435987166,actuator_gain,1368b3fd4139e18c4f8cd5601d45c6c91fe9f73751ce15406f842e1274121fed,0,rounded_square
actuator_gain_l3,-0.0035560748716996927,-0.012332742303466367,-0.0322032384574413,-0.011821734452075662,True,0.015165143527716368,physical,0.03702788618693278,0.10363421216607088,0.04067555432639932,3,0.011609068656016675,VirtualDelayAware,0.02469514388346641,0.07143097370862958,0.028853819874323658,actuator_gain,1368b3fd4139e18c4f8cd5601d45c6c91fe9f73751ce15406f842e1274121fed,1,rounded_square
actuator_gain_l3,-0.0032230273734696266,-0.010360841611956197,-0.03492150083184242,-0.011384830671379777,True,0.015165143527716368,physical,0.03702788618693278,0.10363421216607088,0.04067555432639932,3,0.011942116154246741,VirtualDelayAware,0.02666704457497658,0.06871271133422846,0.029290723655019543,actuator_gain,1368b3fd4139e18c4f8cd5601d45c6c91fe9f73751ce15406f842e1274121fed,2,rounded_square
actuator_gain_l3,-0.0040081945646758075,-0.012333213375810025,-0.03315628468990321,-0.012249265047623106,True,0.015165143527716368,physical,0.03702788618693278,0.10363421216607088,0.04067555432639932,3,0.01115694896304056,VirtualDelayAware,0.024694672811122753,0.07047792747616767,0.028426289278776214,actuator_gain,1368b3fd4139e18c4f8cd5601d45c6c91fe9f73751ce15406f842e1274121fed,3,rounded_square
actuator_gain_l3,-0.003939153187099144,-0.01249165783804148,-0.03638459667563437,-0.012518718150991384,True,0.015165143527716368,physical,0.03702788618693278,0.10363421216607088,0.04067555432639932,3,0.011225990340617224,VirtualDelayAware,0.024536228348891298,0.06724961549043651,0.028156836175407936,actuator_gain,1368b3fd4139e18c4f8cd5601d45c6c91fe9f73751ce15406f842e1274121fed,4,rounded_square
actuator_gain_l3,-0.0027296574556073903,-0.010047737847756196,-0.0292279168963432,-0.009661922177678705,True,0.015165143527716368,physical,0.03702788618693278,0.10363421216607088,0.04067555432639932,3,0.012435486072108978,ThreadedAsync,0.02698014833917658,0.07440629526972768,0.031013632148720615,actuator_gain,1368b3fd4139e18c4f8cd5601d45c6c91fe9f73751ce15406f842e1274121fed,0,rounded_square
actuator_gain_l3,-0.0019400572779897911,-0.008400254195295203,-0.02288683503866197,-0.007322604210762904,True,0.015165143527716368,physical,0.03702788618693278,0.10363421216607088,0.04067555432639932,3,0.013225086249726577,ThreadedAsync,0.028627631991637575,0.08074737712740891,0.033352950115636416,actuator_gain,1368b3fd4139e18c4f8cd5601d45c6c91fe9f73751ce15406f842e1274121fed,1,rounded_square
actuator_gain_l3,-0.0030971647128415682,-0.010647002421487604,-0.031453601270914094,-0.01023118405678066,True,0.015165143527716368,physical,0.03702788618693278,0.10363421216607088,0.04067555432639932,3,0.0120679788148748,ThreadedAsync,0.026380883765445173,0.07218061089515679,0.03044437026961866,actuator_gain,1368b3fd4139e18c4f8cd5601d45c6c91fe9f73751ce15406f842e1274121fed,2,rounded_square
actuator_gain_l3,-0.0018414039154887527,-0.005849604774115832,-0.017846643924713135,-0.006022269490269995,True,0.015165143527716368,physical,0.03702788618693278,0.10363421216607088,0.04067555432639932,3,0.013323739612227615,ThreadedAsync,0.031178281412816946,0.08578756824135775,0.034653284836129325,actuator_gain,1368b3fd4139e18c4f8cd5601d45c6c91fe9f73751ce15406f842e1274121fed,3,rounded_square
actuator_gain_l3,-0.00232528194959695,-0.0076927051841163205,-0.020296590775251408,-0.0075206349256125085,True,0.015165143527716368,physical,0.03702788618693278,0.10363421216607088,0.04067555432639932,3,0.012839861578119418,ThreadedAsync,0.029335181002816457,0.08333762139081947,0.03315491940078681,actuator_gain,1368b3fd4139e18c4f8cd5601d45c6c91fe9f73751ce15406f842e1274121fed,4,rounded_square
actuator_gain_l6,-0.007043935950958719,-0.022334487306063223,-0.057977782189846006,-0.01887711831940659,True,0.021814276945273815,physical,0.053125981131704705,0.1430344924330711,0.05636898292204753,6,0.014770340994315095,IdealZeroDelay,0.030791493825641482,0.08505671024322509,0.03749186460264094,actuator_gain,1368b3fd4139e18c4f8cd5601d45c6c91fe9f73751ce15406f842e1274121fed,0,rounded_square
actuator_gain_l6,-0.006827341878980344,-0.022470947846894778,-0.04891162440180777,-0.017999369306443115,True,0.021814276945273815,physical,0.053125981131704705,0.1430344924330711,0.05636898292204753,6,0.01498693506629347,IdealZeroDelay,0.030655033284809927,0.09412286803126332,0.03836961361560441,actuator_gain,1368b3fd4139e18c4f8cd5601d45c6c91fe9f73751ce15406f842e1274121fed,1,rounded_square
actuator_gain_l6,-0.006262432906776125,-0.022221807596534977,-0.04965474084019658,-0.018110690273621728,True,0.021814276945273815,physical,0.053125981131704705,0.1430344924330711,0.05636898292204753,6,0.01555184403849769,IdealZeroDelay,0.030904173535169728,0.09337975159287451,0.0382582926484258,actuator_gain,1368b3fd4139e18c4f8cd5601d45c6c91fe9f73751ce15406f842e1274121fed,2,rounded_square
actuator_gain_l6,-0.00638502926743879,-0.021394084927508626,-0.042221843451261495,-0.016547472573967006,True,0.021814276945273815,physical,0.053125981131704705,0.1430344924330711,0.05636898292204753,6,0.015429247677835024,IdealZeroDelay,0.03173189620419608,0.1008126489818096,0.03982151034808052,actuator_gain,1368b3fd4139e18c4f8cd5601d45c6c91fe9f73751ce15406f842e1274121fed,3,rounded_square
actuator_gain_l6,-0.006994545658323631,-0.022956471368878233,-0.05053822994232175,-0.01873724855845673,True,0.021814276945273815,physical,0.053125981131704705,0.1430344924330711,0.05636898292204753,6,0.014819731286950183,IdealZeroDelay,0.030169509762826473,0.09249626249074934,0.037631734363590796,actuator_gain,1368b3fd4139e18c4f8cd5601d45c6c91fe9f73751ce15406f842e1274121fed,4,rounded_square
actuator_gain_l6,0.08519620116151143,0.18562351784660225,0.015984286367893202,0.014036518043053552,True,0.021814276945273815,physical,0.053125981131704705,0.1430344924330711,0.05636898292204753,6,0.10701047810678524,NaiveDelayed,0.23874949897830697,0.1590187788009643,0.07040550096510108,actuator_gain,1368b3fd4139e18c4f8cd5601d45c6c91fe9f73751ce15406f842e1274121fed,0,rounded_square
actuator_gain_l6,0.07110919099887479,0.14839076583943622,0.028327968716621438,0.018963978545477926,True,0.021814276945273815,physical,0.053125981131704705,0.1430344924330711,0.05636898292204753,6,0.0929234679441486,NaiveDelayed,0.20151674697114091,0.17136246114969253,0.07533296146752545,actuator_gain,1368b3fd4139e18c4f8cd5601d45c6c91fe9f73751ce15406f842e1274121fed,1,rounded_square
actuator_gain_l6,0.061455114696013294,0.14141776824534796,0.02745383232831955,0.015395890932862845,True,0.021814276945273815,physical,0.053125981131704705,0.1430344924330711,0.05636898292204753,6,0.0832693916412871,NaiveDelayed,0.19454374937705268,0.17048832476139064,0.07176487385491037,actuator_gain,1368b3fd4139e18c4f8cd5601d45c6c91fe9f73751ce15406f842e1274121fed,2,rounded_square
actuator_gain_l6,0.07372033381218163,0.16341654115924575,0.03367077261209486,0.020013374858530407,True,0.021814276945273815,physical,0.053125981131704705,0.1430344924330711,0.05636898292204753,6,0.09553461075745544,NaiveDelayed,0.21654252229095045,0.17670526504516595,0.07638235778057793,actuator_gain,1368b3fd4139e18c4f8cd5601d45c6c91fe9f73751ce15406f842e1274121fed,3,rounded_square
actuator_gain_l6,0.06239036494423243,0.14261852184008178,0.016789807379245764,0.01802373966492086,True,0.021814276945273815,physical,0.053125981131704705,0.1430344924330711,0.05636898292204753,6,0.08420464188950624,NaiveDelayed,0.19574450297178647,0.15982429981231686,0.07439272258696839,actuator_gain,1368b3fd4139e18c4f8cd5601d45c6c91fe9f73751ce15406f842e1274121fed,4,rounded_square
actuator_gain_l6,-0.005719645747488598,-0.018083968451422308,-0.03921885043382642,-0.01566386724328736,True,0.021814276945273815,physical,0.053125981131704705,0.1430344924330711,0.05636898292204753,6,0.016094631197785217,VirtualDelayAware,0.0350420126802824,0.10381564199924467,0.040705115678760166,actuator_gain,1368b3fd4139e18c4f8cd5601d45c6c91fe9f73751ce15406f842e1274121fed,0,rounded_square
actuator_gain_l6,-0.005761821549596535,-0.017411098118503193,-0.03703250586986538,-0.014556287105672625,True,0.021814276945273815,physical,0.053125981131704705,0.1430344924330711,0.05636898292204753,6,0.01605245539567728,VirtualDelayAware,0.03571488301320151,0.10600198656320571,0.0418126958163749,actuator_gain,1368b3fd4139e18c4f8cd5601d45c6c91fe9f73751ce15406f842e1274121fed,1,rounded_square
actuator_gain_l6,-0.005763540013456397,-0.01816942007087939,-0.04232952743768689,-0.01519027912668982,True,0.021814276945273815,physical,0.053125981131704705,0.1430344924330711,0.05636898292204753,6,0.016050736931817418,VirtualDelayAware,0.034956561060825314,0.1007049649953842,0.04117870379535771,actuator_gain,1368b3fd4139e18c4f8cd5601d45c6c91fe9f73751ce15406f842e1274121fed,2,rounded_square
actuator_gain_l6,-0.005711368522994028,-0.01706886272682106,-0.03826316520571707,-0.015064053411164062,True,0.021814276945273815,physical,0.053125981131704705,0.1430344924330711,0.05636898292204753,6,0.016102908422279787,VirtualDelayAware,0.03605711840488365,0.10477132722735402,0.041304929510883465,actuator_gain,1368b3fd4139e18c4f8cd5601d45c6c91fe9f73751ce15406f842e1274121fed,3,rounded_square
actuator_gain_l6,-0.006233892131194518,-0.019405121992902938,-0.04663064405322073,-0.01736916859285556,True,0.021814276945273815,physical,0.053125981131704705,0.1430344924330711,0.05636898292204753,6,0.015580384814079296,VirtualDelayAware,0.03372085913880177,0.09640384837985036,0.038999814329191966,actuator_gain,1368b3fd4139e18c4f8cd5601d45c6c91fe9f73751ce15406f842e1274121fed,4,rounded_square
actuator_gain_l6,-0.006023743630801798,-0.01767749802328994,-0.03987367227673533,-0.0151827923283855,True,0.021814276945273815,physical,0.053125981131704705,0.1430344924330711,0.05636898292204753,6,0.015790533314472017,ThreadedAsync,0.035448483108414766,0.10316082015633576,0.04118619059366203,actuator_gain,1368b3fd4139e18c4f8cd5601d45c6c91fe9f73751ce15406f842e1274121fed,0,rounded_square
actuator_gain_l6,-0.005676483018601821,-0.0175186317924547,-0.03371758162975309,-0.013868684181024105,True,0.021814276945273815,physical,0.053125981131704705,0.1430344924330711,0.05636898292204753,6,0.016137793926671994,ThreadedAsync,0.035607349339250007,0.109316910803318,0.04250029874102342,actuator_gain,1368b3fd4139e18c4f8cd5601d45c6c91fe9f73751ce15406f842e1274121fed,1,rounded_square
actuator_gain_l6,-0.0053750707724777025,-0.018550800265294237,-0.03388649523258207,-0.013305425690137665,True,0.021814276945273815,physical,0.053125981131704705,0.1430344924330711,0.05636898292204753,6,0.016439206172796112,ThreadedAsync,0.03457518086641047,0.10914799720048902,0.04306355723190986,actuator_gain,1368b3fd4139e18c4f8cd5601d45c6c91fe9f73751ce15406f842e1274121fed,2,rounded_square
actuator_gain_l6,-0.005710570516193881,-0.01880838469169402,-0.04364626109600063,-0.01523709921032304,True,0.021814276945273815,physical,0.053125981131704705,0.1430344924330711,0.05636898292204753,6,0.016103706429079934,ThreadedAsync,0.034317596440010686,0.09938823133707046,0.041131883711724486,actuator_gain,1368b3fd4139e18c4f8cd5601d45c6c91fe9f73751ce15406f842e1274121fed,3,rounded_square
actuator_gain_l6,-0.005824098250825999,-0.019229402638747395,-0.03767019137740141,-0.015006378549753077,True,0.021814276945273815,physical,0.053125981131704705,0.1430344924330711,0.05636898292204753,6,0.015990178694447816,ThreadedAsync,0.03389657849295731,0.10536430105566968,0.04136260437229445,actuator_gain,1368b3fd4139e18c4f8cd5601d45c6c91fe9f73751ce15406f842e1274121fed,4,rounded_square
force_pulse_l3,-0.002161404101304977,-0.008168343763113772,-0.03192387595772742,-0.008910549264344255,True,0.012731919118429913,physical,0.031265028207065816,0.08893415108323095,0.034496252854964736,3,0.010570515017124936,IdealZeroDelay,0.023096684443952045,0.05701027512550353,0.02558570359062048,force_pulse,1368b3fd4139e18c4f8cd5601d45c6c91fe9f73751ce15406f842e1274121fed,0,rounded_square
force_pulse_l3,-0.0022279681004471526,-0.008837236869511444,-0.03373162001371383,-0.008590631264187642,True,0.012731919118429913,physical,0.031265028207065816,0.08893415108323095,0.034496252854964736,3,0.01050395101798276,IdealZeroDelay,0.022427791337554372,0.05520253106951712,0.025905621590777094,force_pulse,1368b3fd4139e18c4f8cd5601d45c6c91fe9f73751ce15406f842e1274121fed,1,rounded_square
force_pulse_l3,-0.004127375374346206,-0.012907505222236982,-0.03980926349759101,-0.013200996204858425,True,0.012731919118429913,physical,0.031265028207065816,0.08893415108323095,0.034496252854964736,3,0.008604543744083707,IdealZeroDelay,0.018357522984828834,0.049124887585639945,0.02129525665010631,force_pulse,1368b3fd4139e18c4f8cd5601d45c6c91fe9f73751ce15406f842e1274121fed,2,rounded_square
force_pulse_l3,-0.0027905504426451525,-0.010666131279617797,-0.035743062943220126,-0.010542688683801267,True,0.012731919118429913,physical,0.031265028207065816,0.08893415108323095,0.034496252854964736,3,0.00994136867578476,IdealZeroDelay,0.02059889692744802,0.05319108814001083,0.02395356417116347,force_pulse,1368b3fd4139e18c4f8cd5601d45c6c91fe9f73751ce15406f842e1274121fed,3,rounded_square
force_pulse_l3,-0.0029254158389238113,-0.01152162142380463,-0.04193169698119163,-0.012075043575761665,True,0.012731919118429913,physical,0.031265028207065816,0.08893415108323095,0.034496252854964736,3,0.009806503279506102,IdealZeroDelay,0.019743406783261187,0.04700245410203932,0.02242120927920307,force_pulse,1368b3fd4139e18c4f8cd5601d45c6c91fe9f73751ce15406f842e1274121fed,4,rounded_square
force_pulse_l3,0.09967037267607774,0.22396033683912367,0.07004606351256372,0.03582238374727833,True,0.012731919118429913,physical,0.031265028207065816,0.08893415108323095,0.034496252854964736,3,0.11240229179450766,NaiveDelayed,0.2552253650461895,0.15898021459579467,0.07031863660224306,force_pulse,1368b3fd4139e18c4f8cd5601d45c6c91fe9f73751ce15406f842e1274121fed,0,rounded_square
force_pulse_l3,0.07841435942574798,0.17966329256608277,0.05438155457377432,0.028212273192826966,True,0.012731919118429913,physical,0.031265028207065816,0.08893415108323095,0.034496252854964736,3,0.0911462785441779,NaiveDelayed,0.21092832077314858,0.14331570565700527,0.0627085260477917,force_pulse,1368b3fd4139e18c4f8cd5601d45c6c91fe9f73751ce15406f842e1274121fed,1,rounded_square
force_pulse_l3,0.06796606189913439,0.15932067918087722,0.03919318392872799,0.024529629622365864,True,0.012731919118429913,physical,0.031265028207065816,0.08893415108323095,0.034496252854964736,3,0.0806979810175643,NaiveDelayed,0.19058570738794303,0.12812733501195894,0.0590258824773306,force_pulse,1368b3fd4139e18c4f8cd5601d45c6c91fe9f73751ce15406f842e1274121fed,2,rounded_square
force_pulse_l3,0.0710400742659589,0.1664004489646148,0.05757275149226189,0.028167647932658822,True,0.012731919118429913,physical,0.031265028207065816,0.08893415108323095,0.034496252854964736,3,0.08377199338438882,NaiveDelayed,0.19766547717168062,0.14650690257549284,0.06266390078762356,force_pulse,1368b3fd4139e18c4f8cd5601d45c6c91fe9f73751ce15406f842e1274121fed,3,rounded_square
force_pulse_l3,0.07025767362716483,0.16523911946637992,0.05247751995921136,0.028505903033089468,True,0.012731919118429913,physical,0.031265028207065816,0.08893415108323095,0.034496252854964736,3,0.08298959274559474,NaiveDelayed,0.19650414767344573,0.14141167104244232,0.0630021558880542,force_pulse,1368b3fd4139e18c4f8cd5601d45c6c91fe9f73751ce15406f842e1274121fed,4,rounded_square
force_pulse_l3,-0.0028630767437474273,-0.00985605369374722,-0.036517135426402086,-0.011014205473856169,True,0.012731919118429913,physical,0.031265028207065816,0.08893415108323095,0.034496252854964736,3,0.009868842374682486,VirtualDelayAware,0.021408974513318597,0.052417015656828866,0.023482047381108567,force_pulse,1368b3fd4139e18c4f8cd5601d45c6c91fe9f73751ce15406f842e1274121fed,0,rounded_square
force_pulse_l3,-0.003935656200433391,-0.011770342297519928,-0.03538136444985868,-0.011804173825171665,True,0.012731919118429913,physical,0.031265028207065816,0.08893415108323095,0.034496252854964736,3,0.008796262917996522,VirtualDelayAware,0.019494685909545888,0.053552786633372276,0.02269207902979307,force_pulse,1368b3fd4139e18c4f8cd5601d45c6c91fe9f73751ce15406f842e1274121fed,1,rounded_square
force_pulse_l3,-0.0037809878117744927,-0.011490253302759029,-0.038371513411402734,-0.01282493508145079,True,0.012731919118429913,physical,0.031265028207065816,0.08893415108323095,0.034496252854964736,3,0.00895093130665542,VirtualDelayAware,0.019774774904306788,0.05056263767182822,0.021671317773513946,force_pulse,1368b3fd4139e18c4f8cd5601d45c6c91fe9f73751ce15406f842e1274121fed,2,rounded_square
force_pulse_l3,-0.0033601934959263183,-0.011260840936429036,-0.03571673184633256,-0.011975324173241087,True,0.012731919118429913,physical,0.031265028207065816,0.08893415108323095,0.034496252854964736,3,0.009371725622503595,VirtualDelayAware,0.02000418727063678,0.05321741923689839,0.02252092868172365,force_pulse,1368b3fd4139e18c4f8cd5601d45c6c91fe9f73751ce15406f842e1274121fed,3,rounded_square
force_pulse_l3,-0.003704648049305811,-0.011178551122847612,-0.03894977457821378,-0.011879176080455335,True,0.012731919118429913,physical,0.031265028207065816,0.08893415108323095,0.034496252854964736,3,0.009027271069124102,VirtualDelayAware,0.020086477084218204,0.04998437650501717,0.0226170767745094,force_pulse,1368b3fd4139e18c4f8cd5601d45c6c91fe9f73751ce15406f842e1274121fed,4,rounded_square
force_pulse_l3,-0.002640070164598043,-0.00889245198033638,-0.03517613708972933,-0.01088132679649293,True,0.012731919118429913,physical,0.031265028207065816,0.08893415108323095,0.034496252854964736,3,0.01009184895383187,ThreadedAsync,0.022372576226729435,0.05375801399350162,0.023614926058471805,force_pulse,1368b3fd4139e18c4f8cd5601d45c6c91fe9f73751ce15406f842e1274121fed,0,rounded_square
force_pulse_l3,-0.00273331432885646,-0.008923061114169448,-0.021876511722803096,-0.009040565864289633,True,0.012731919118429913,physical,0.031265028207065816,0.08893415108323095,0.034496252854964736,3,0.009998604789573453,ThreadedAsync,0.02234196709289637,0.06705763936042786,0.025455686990675103,force_pulse,1368b3fd4139e18c4f8cd5601d45c6c91fe9f73751ce15406f842e1274121fed,1,rounded_square
force_pulse_l3,-0.002532853930881535,-0.010008011487461874,-0.036355895176529894,-0.011177465652074364,True,0.012731919118429913,physical,0.031265028207065816,0.08893415108323095,0.034496252854964736,3,0.010199065187548378,ThreadedAsync,0.021257016719603943,0.05257825590670106,0.02331878720289037,force_pulse,1368b3fd4139e18c4f8cd5601d45c6c91fe9f73751ce15406f842e1274121fed,2,rounded_square
force_pulse_l3,-0.002671085478422701,-0.009914395994452683,-0.032225388288497955,-0.010074417042207781,True,0.012731919118429913,physical,0.031265028207065816,0.08893415108323095,0.034496252854964736,3,0.010060833640007212,ThreadedAsync,0.021350632212613133,0.056708762794733,0.024421835812756955,force_pulse,1368b3fd4139e18c4f8cd5601d45c6c91fe9f73751ce15406f842e1274121fed,3,rounded_square
force_pulse_l3,-0.0033924062405731835,-0.01196954102411359,-0.035920843482017496,-0.011482113720543648,True,0.012731919118429913,physical,0.031265028207065816,0.08893415108323095,0.034496252854964736,3,0.00933951287785673,ThreadedAsync,0.019295487182952226,0.05301330760121346,0.02301413913442109,force_pulse,1368b3fd4139e18c4f8cd5601d45c6c91fe9f73751ce15406f842e1274121fed,4,rounded_square
force_pulse_l6,-0.0032186882205660315,-0.011566905060937573,-0.03355110548436644,-0.01152426902982415,True,0.013277120197865774,physical,0.03284414750580829,0.08893415108323095,0.03589975602130443,6,0.010058431977299742,IdealZeroDelay,0.021277242444870715,0.05538304559886451,0.024375486991480278,force_pulse,1368b3fd4139e18c4f8cd5601d45c6c91fe9f73751ce15406f842e1274121fed,0,rounded_square
force_pulse_l6,-0.0021386440944959444,-0.008652342038094653,-0.034434242174029364,-0.008687119831370462,True,0.013277120197865774,physical,0.03284414750580829,0.08893415108323095,0.03589975602130443,6,0.01113847610336983,IdealZeroDelay,0.024191805467713635,0.05449990890920159,0.027212636189933966,force_pulse,1368b3fd4139e18c4f8cd5601d45c6c91fe9f73751ce15406f842e1274121fed,1,rounded_square
force_pulse_l6,-0.0035587394371535738,-0.0121405712536941,-0.03084049448370936,-0.011920215815467743,True,0.013277120197865774,physical,0.03284414750580829,0.08893415108323095,0.03589975602130443,6,0.0097183807607122,IdealZeroDelay,0.02070357625211419,0.05809365659952159,0.023979540205836685,force_pulse,1368b3fd4139e18c4f8cd5601d45c6c91fe9f73751ce15406f842e1274121fed,2,rounded_square
force_pulse_l6,-0.0028521770298068384,-0.010886464346602807,-0.03494933769106865,-0.01045323867227305,True,0.013277120197865774,physical,0.03284414750580829,0.08893415108323095,0.03589975602130443,6,0.010424943168058936,IdealZeroDelay,0.02195768315920548,0.0539848133921623,0.02544651734903138,force_pulse,1368b3fd4139e18c4f8cd5601d45c6c91fe9f73751ce15406f842e1274121fed,3,rounded_square
force_pulse_l6,-0.0027530500737709893,-0.010791744919143247,-0.03951155133545398,-0.011420051188668182,True,0.013277120197865774,physical,0.03284414750580829,0.08893415108323095,0.03589975602130443,6,0.010524070124094785,IdealZeroDelay,0.02205240258666504,0.04942259974777697,0.024479704832636246,force_pulse,1368b3fd4139e18c4f8cd5601d45c6c91fe9f73751ce15406f842e1274121fed,4,rounded_square
force_pulse_l6,0.09909486942250233,0.21215785161129763,0.06287251487374308,0.034456023672005696,True,0.013277120197865774,physical,0.03284414750580829,0.08893415108323095,0.03589975602130443,6,0.1123719896203681,NaiveDelayed,0.2450019991171059,0.15180666595697404,0.07035577969331012,force_pulse,1368b3fd4139e18c4f8cd5601d45c6c91fe9f73751ce15406f842e1274121fed,0,rounded_square
force_pulse_l6,0.07677431104114621,0.16871021621284255,0.054419767111539855,0.025971852730982417,True,0.013277120197865774,physical,0.03284414750580829,0.08893415108323095,0.03589975602130443,6,0.09005143123901198,NaiveDelayed,0.20155436371865085,0.1433539181947708,0.061871608752286845,force_pulse,1368b3fd4139e18c4f8cd5601d45c6c91fe9f73751ce15406f842e1274121fed,1,rounded_square
force_pulse_l6,0.06760896645858619,0.15768022367004403,0.04345896020531635,0.024729257856935277,True,0.013277120197865774,physical,0.03284414750580829,0.08893415108323095,0.03589975602130443,6,0.08088608665645196,NaiveDelayed,0.1905243711758523,0.1323931112885473,0.060629013878239706,force_pulse,1368b3fd4139e18c4f8cd5601d45c6c91fe9f73751ce15406f842e1274121fed,2,rounded_square
force_pulse_l6,0.06479129142349849,0.14936557791801225,0.04593436345458031,0.02340031513293702,True,0.013277120197865774,physical,0.03284414750580829,0.08893415108323095,0.03589975602130443,6,0.07806841162136426,NaiveDelayed,0.18220972542382055,0.13486851453781126,0.05930007115424145,force_pulse,1368b3fd4139e18c4f8cd5601d45c6c91fe9f73751ce15406f842e1274121fed,3,rounded_square
force_pulse_l6,0.06918633529306473,0.15854009708329486,0.0668286584317684,0.03362161876415951,True,0.013277120197865774,physical,0.03284414750580829,0.08893415108323095,0.03589975602130443,6,0.0824634554909305,NaiveDelayed,0.19138424458910314,0.15576280951499935,0.06952137478546394,force_pulse,1368b3fd4139e18c4f8cd5601d45c6c91fe9f73751ce15406f842e1274121fed,4,rounded_square
force_pulse_l6,0.0002616556996530503,-0.003989639152894381,-0.02994676269590856,-0.006325686555441728,True,0.013277120197865774,physical,0.03284414750580829,0.08893415108323095,0.03589975602130443,6,0.013538775897518824,VirtualDelayAware,0.028854508352913907,0.05898738838732239,0.0295740694658627,force_pulse,1368b3fd4139e18c4f8cd5601d45c6c91fe9f73751ce15406f842e1274121fed,0,rounded_square
force_pulse_l6,-0.003801423123288704,-0.01168443171352208,-0.02887359559535979,-0.011552701725048325,True,0.013277120197865774,physical,0.03284414750580829,0.08893415108323095,0.03589975602130443,6,0.00947569707457707,VirtualDelayAware,0.021159715792286208,0.06006055548787116,0.024347054296256103,force_pulse,1368b3fd4139e18c4f8cd5601d45c6c91fe9f73751ce15406f842e1274121fed,1,rounded_square
force_pulse_l6,-0.0035956117723269006,-0.010879725708862264,-0.03309168182313441,-0.012426691977634477,True,0.013277120197865774,physical,0.03284414750580829,0.08893415108323095,0.03589975602130443,6,0.009681508425538873,VirtualDelayAware,0.021964421796946024,0.05584246926009654,0.02347306404366995,force_pulse,1368b3fd4139e18c4f8cd5601d45c6c91fe9f73751ce15406f842e1274121fed,2,rounded_square
force_pulse_l6,-0.003527954414378977,-0.011746799439781751,-0.033564995601773256,-0.01202577254143787,True,0.013277120197865774,physical,0.03284414750580829,0.08893415108323095,0.03589975602130443,6,0.009749165783486797,VirtualDelayAware,0.021097348066026537,0.055369155481457696,0.023873983479866558,force_pulse,1368b3fd4139e18c4f8cd5601d45c6c91fe9f73751ce15406f842e1274121fed,3,rounded_square
force_pulse_l6,-0.002708827059454414,-0.010027476651883083,-0.033372065424919134,-0.010962380589082412,True,0.013277120197865774,physical,0.03284414750580829,0.08893415108323095,0.03589975602130443,6,0.01056829313841136,VirtualDelayAware,0.022816670853925206,0.05556208565831182,0.024937375432222016,force_pulse,1368b3fd4139e18c4f8cd5601d45c6c91fe9f73751ce15406f842e1274121fed,4,rounded_square
force_pulse_l6,-0.0008734195546587376,-0.0033106653183817697,-0.009835620224475886,-0.003601137996428777,True,0.013277120197865774,physical,0.03284414750580829,0.08893415108323095,0.03589975602130443,6,0.012403700643207036,ThreadedAsync,0.02953348218742652,0.07909853085875507,0.03229861802487565,force_pulse,1368b3fd4139e18c4f8cd5601d45c6c91fe9f73751ce15406f842e1274121fed,0,rounded_square
force_pulse_l6,-0.0008446789280032556,-0.0022291689699060376,-0.0049831405282020486,-0.0036664929908175464,True,0.013277120197865774,physical,0.03284414750580829,0.08893415108323095,0.03589975602130443,6,0.012432441269862518,ThreadedAsync,0.03061497853590225,0.0839510105550289,0.03223326303048688,force_pulse,1368b3fd4139e18c4f8cd5601d45c6c91fe9f73751ce15406f842e1274121fed,1,rounded_square
force_pulse_l6,-0.0015450196421147918,-0.00540136486858166,-0.016558875143528037,-0.005672236969169096,True,0.013277120197865774,physical,0.03284414750580829,0.08893415108323095,0.03589975602130443,6,0.011732100555750982,ThreadedAsync,0.027442782637226628,0.07237527593970292,0.030227519052135332,force_pulse,1368b3fd4139e18c4f8cd5601d45c6c91fe9f73751ce15406f842e1274121fed,2,rounded_square
force_pulse_l6,-0.0011396113667236484,-0.004731732057805242,-0.014695537090301525,-0.005336195724917229,True,0.013277120197865774,physical,0.03284414750580829,0.08893415108323095,0.03589975602130443,6,0.012137508831142126,ThreadedAsync,0.028112415448003046,0.07423861399292943,0.0305635602963872,force_pulse,1368b3fd4139e18c4f8cd5601d45c6c91fe9f73751ce15406f842e1274121fed,3,rounded_square
force_pulse_l6,-0.0019275011549310089,-0.007538288121064121,-0.024088524281978593,-0.007847810057957837,True,0.013277120197865774,physical,0.03284414750580829,0.08893415108323095,0.03589975602130443,6,0.011349619042934765,ThreadedAsync,0.025305859384744167,0.06484562680125236,0.028051945963346592,force_pulse,1368b3fd4139e18c4f8cd5601d45c6c91fe9f73751ce15406f842e1274121fed,4,rounded_square
nominal,-0.0028890064189061836,-0.01043575558270694,-0.03500022590160369,-0.010920770251234634,True,0.01292452015919658,physical,0.031603160795969774,0.08893415108323095,0.03499904026391749,0,0.010035513740290396,IdealZeroDelay,0.021167405213262835,0.05393392518162726,0.024078270012682854,nominal,1368b3fd4139e18c4f8cd5601d45c6c91fe9f73751ce15406f842e1274121fed,0,rounded_square
nominal,-0.0024722255795284944,-0.00851428970495174,-0.03385792523622511,-0.00873345505973322,True,0.01292452015919658,physical,0.031603160795969774,0.08893415108323095,0.03499904026391749,0,0.010452294579668085,IdealZeroDelay,0.023088871091018034,0.05507622584700584,0.026265585204184268,nominal,1368b3fd4139e18c4f8cd5601d45c6c91fe9f73751ce15406f842e1274121fed,1,rounded_square
nominal,-0.0044216766115470815,-0.013655022435941262,-0.03945859149098395,-0.013992291903791556,True,0.01292452015919658,physical,0.031603160795969774,0.08893415108323095,0.03499904026391749,0,0.008502843547649498,IdealZeroDelay,0.017948138360028513,0.049475559592247004,0.02100674836012593,nominal,1368b3fd4139e18c4f8cd5601d45c6c91fe9f73751ce15406f842e1274121fed,2,rounded_square
nominal,-0.003293171199054215,-0.011408212554786055,-0.03729420825839041,-0.011764557110626076,True,0.01292452015919658,physical,0.031603160795969774,0.08893415108323095,0.03499904026391749,0,0.009631348960142365,IdealZeroDelay,0.02019494824118372,0.051639942824840544,0.02323448315329141,nominal,1368b3fd4139e18c4f8cd5601d45c6c91fe9f73751ce15406f842e1274121fed,3,rounded_square
nominal,-0.0024130367489834936,-0.010960007606029824,-0.040865563601255414,-0.01126826229156902,True,0.01292452015919658,physical,0.031603160795969774,0.08893415108323095,0.03499904026391749,0,0.010511483410213086,IdealZeroDelay,0.02064315318993995,0.04806858748197554,0.023730777972348467,nominal,1368b3fd4139e18c4f8cd5601d45c6c91fe9f73751ce15406f842e1274121fed,4,rounded_square
nominal,0.0993179775755654,0.2234596499196577,0.0709248371422291,0.03519522562159803,True,0.01292452015919658,physical,0.031603160795969774,0.08893415108323095,0.03499904026391749,0,0.11224249773476198,NaiveDelayed,0.2550628107156275,0.15985898822546005,0.07019426588551551,nominal,1368b3fd4139e18c4f8cd5601d45c6c91fe9f73751ce15406f842e1274121fed,0,rounded_square
nominal,0.07805815371733406,0.1792908518871546,0.054719053953886,0.02800500795798517,True,0.01292452015919658,physical,0.031603160795969774,0.08893415108323095,0.03499904026391749,0,0.09098267387653064,NaiveDelayed,0.21089401268312438,0.14365320503711695,0.06300404822190266,nominal,1368b3fd4139e18c4f8cd5601d45c6c91fe9f73751ce15406f842e1274121fed,1,rounded_square
nominal,0.06468987294732104,0.1533250064726116,0.04361959025263777,0.024842825594833355,True,0.01292452015919658,physical,0.031603160795969774,0.08893415108323095,0.03499904026391749,0,0.07761439310651762,NaiveDelayed,0.18492816726858138,0.13255374133586872,0.05984186585875084,nominal,1368b3fd4139e18c4f8cd5601d45c6c91fe9f73751ce15406f842e1274121fed,2,rounded_square
nominal,0.07087770709801915,0.16665809442812585,0.05795329734683034,0.02873602850540926,True,0.01292452015919658,physical,0.031603160795969774,0.08893415108323095,0.03499904026391749,0,0.08380222725721573,NaiveDelayed,0.19826125522409563,0.1468874484300613,0.06373506876932675,nominal,1368b3fd4139e18c4f8cd5601d45c6c91fe9f73751ce15406f842e1274121fed,3,rounded_square
nominal,0.07036548711209724,0.16424988720188977,0.05530501380562779,0.029183876562566637,True,0.01292452015919658,physical,0.031603160795969774,0.08893415108323095,0.03499904026391749,0,0.08329000727129382,NaiveDelayed,0.19585304799785955,0.14423916488885874,0.06418291682648412,nominal,1368b3fd4139e18c4f8cd5601d45c6c91fe9f73751ce15406f842e1274121fed,4,rounded_square
nominal,-0.0023297566010716895,-0.008216811274106388,-0.029499846696853627,-0.009629077962676393,True,0.01292452015919658,physical,0.031603160795969774,0.08893415108323095,0.03499904026391749,0,0.01059476355812489,VirtualDelayAware,0.023386349521863387,0.059434304386377326,0.025369962301241094,nominal,1368b3fd4139e18c4f8cd5601d45c6c91fe9f73751ce15406f842e1274121fed,0,rounded_square
nominal,-0.004072663150089676,-0.012385740290321561,-0.033637751638889324,-0.012423091629367874,True,0.01292452015919658,physical,0.031603160795969774,0.08893415108323095,0.03499904026391749,0,0.008851857009106904,VirtualDelayAware,0.019217420505648213,0.05529639944434163,0.022575948634549613,nominal,1368b3fd4139e18c4f8cd5601d45c6c91fe9f73751ce15406f842e1274121fed,1,rounded_square
nominal,-0.0031702689412241927,-0.009688413089053143,-0.03157726265490055,-0.011558201258746313,True,0.01292452015919658,physical,0.031603160795969774,0.08893415108323095,0.03499904026391749,0,0.009754251217972387,VirtualDelayAware,0.02191474770691663,0.0573568884283304,0.023440839005171174,nominal,1368b3fd4139e18c4f8cd5601d45c6c91fe9f73751ce15406f842e1274121fed,2,rounded_square
nominal,-0.003478088019844389,-0.011381325778893732,-0.03573865741491318,-0.011825312791435193,True,0.01292452015919658,physical,0.031603160795969774,0.08893415108323095,0.03499904026391749,0,0.00944643213935219,VirtualDelayAware,0.020221835017076042,0.05319549366831777,0.023173727472482294,nominal,1368b3fd4139e18c4f8cd5601d45c6c91fe9f73751ce15406f842e1274121fed,3,rounded_square
nominal,-0.004112362639340308,-0.011422003607935893,-0.03712449595332149,-0.012338324410950521,True,0.01292452015919658,physical,0.031603160795969774,0.08893415108323095,0.03499904026391749,0,0.008812157519856272,VirtualDelayAware,0.020181157188033882,0.05180965512990946,0.022660715852966966,nominal,1368b3fd4139e18c4f8cd5601d45c6c91fe9f73751ce15406f842e1274121fed,4,rounded_square
nominal,-0.0034644206891959826,-0.0107995682307932,-0.0368817288428545,-0.011285690885314968,True,0.01292452015919658,physical,0.031603160795969774,0.08893415108323095,0.03499904026391749,0,0.009460099470000597,ThreadedAsync,0.020803592565176575,0.052052422240376456,0.02371334937860252,nominal,1368b3fd4139e18c4f8cd5601d45c6c91fe9f73751ce15406f842e1274121fed,0,rounded_square
nominal,-0.0025848059853493966,-0.008915185696444849,-0.033723623678088205,-0.008727147290043046,True,0.01292452015919658,physical,0.031603160795969774,0.08893415108323095,0.03499904026391749,0,0.010339714173847183,ThreadedAsync,0.022687975099524926,0.05521052740514275,0.02627189297387444,nominal,1368b3fd4139e18c4f8cd5601d45c6c91fe9f73751ce15406f842e1274121fed,1,rounded_square
nominal,-0.0035399307017554386,-0.011939903522912132,-0.03644596077501773,-0.011900714402096453,True,0.01292452015919658,physical,0.031603160795969774,0.08893415108323095,0.03499904026391749,0,0.009384589457441141,ThreadedAsync,0.019663257273057642,0.05248819030821322,0.023098325861821034,nominal,1368b3fd4139e18c4f8cd5601d45c6c91fe9f73751ce15406f842e1274121fed,2,rounded_square
nominal,-0.003224677772771297,-0.010418899144629384,-0.036141461133956894,-0.0105916348027514,True,0.01292452015919658,physical,0.031603160795969774,0.08893415108323095,0.03499904026391749,0,0.009699842386425283,ThreadedAsync,0.02118426165134039,0.05279268994927406,0.024407405461166088,nominal,1368b3fd4139e18c4f8cd5601d45c6c91fe9f73751ce15406f842e1274121fed,3,rounded_square
nominal,-0.003413397353462605,-0.011643451731921512,-0.032979640737175936,-0.011365865270933456,True,0.01292452015919658,physical,0.031603160795969774,0.08893415108323095,0.03499904026391749,0,0.009511122805733975,ThreadedAsync,0.019959709064048262,0.05595451034605502,0.02363317499298403,nominal,1368b3fd4139e18c4f8cd5601d45c6c91fe9f73751ce15406f842e1274121fed,4,rounded_square
observation_noise_l3,-0.0038832982740760903,-0.011732033503772898,-0.03863285928964614,-0.012336095313452485,True,0.01292452015919658,physical,0.031603160795969774,0.08893415108323095,0.03499904026391749,3,0.00904122188512049,IdealZeroDelay,0.019871127292196877,0.050301291793584814,0.022662944950465003,observation_noise,1368b3fd4139e18c4f8cd5601d45c6c91fe9f73751ce15406f842e1274121fed,0,rounded_square
observation_noise_l3,-0.003261994651084626,-0.010816271607530199,-0.03414522781968115,-0.011717532672456225,True,0.01292452015919658,physical,0.031603160795969774,0.08893415108323095,0.03499904026391749,3,0.009662525508111953,IdealZeroDelay,0.020786889188439576,0.0547889232635498,0.023281507591461262,observation_noise,1368b3fd4139e18c4f8cd5601d45c6c91fe9f73751ce15406f842e1274121fed,1,rounded_square
observation_noise_l3,-0.003654872783465237,-0.012229021986704489,-0.04283910840749739,-0.013043085532634394,True,0.01292452015919658,physical,0.031603160795969774,0.08893415108323095,0.03499904026391749,3,0.009269647375731343,IdealZeroDelay,0.019374138809265286,0.04609504267573356,0.021955954731283093,observation_noise,1368b3fd4139e18c4f8cd5601d45c6c91fe9f73751ce15406f842e1274121fed,2,rounded_square
observation_noise_l3,-0.0019433701230235616,-0.00854035292487218,-0.03428907431662082,-0.010059912971666928,True,0.01292452015919658,physical,0.031603160795969774,0.08893415108323095,0.03499904026391749,3,0.010981150036173018,IdealZeroDelay,0.023062807871097595,0.05464507676661013,0.02493912729225056,observation_noise,1368b3fd4139e18c4f8cd5601d45c6c91fe9f73751ce15406f842e1274121fed,3,rounded_square
observation_noise_l3,0.0003748901607051186,-0.004483193047293724,-0.03539610728621481,-0.006583161206631452,True,0.01292452015919658,physical,0.031603160795969774,0.08893415108323095,0.03499904026391749,3,0.013299410319901698,IdealZeroDelay,0.02711996774867605,0.05353804379701614,0.028415879057286035,observation_noise,1368b3fd4139e18c4f8cd5601d45c6c91fe9f73751ce15406f842e1274121fed,4,rounded_square
observation_noise_l3,0.08625713398651416,0.19526861040055465,0.05928279682993891,0.03305795088782796,True,0.01292452015919658,physical,0.031603160795969774,0.08893415108323095,0.03499904026391749,3,0.09918165414571074,NaiveDelayed,0.22687177119652444,0.14821694791316986,0.06805699115174545,observation_noise,1368b3fd4139e18c4f8cd5601d45c6c91fe9f73751ce15406f842e1274121fed,0,rounded_square
observation_noise_l3,0.06804873418443742,0.1469259496643502,0.06249538436532022,0.03018727461234979,True,0.01292452015919658,physical,0.031603160795969774,0.08893415108323095,0.03499904026391749,3,0.080973254343634,NaiveDelayed,0.17852911046032,0.15142953544855117,0.06518631487626728,observation_noise,1368b3fd4139e18c4f8cd5601d45c6c91fe9f73751ce15406f842e1274121fed,1,rounded_square
observation_noise_l3,0.07548799313614914,0.17147592901235859,0.05665418133139609,0.02859169917787833,True,0.01292452015919658,physical,0.031603160795969774,0.08893415108323095,0.03499904026391749,3,0.08841251329534572,NaiveDelayed,0.20307908980832837,0.14558833241462704,0.06359073944179582,observation_noise,1368b3fd4139e18c4f8cd5601d45c6c91fe9f73751ce15406f842e1274121fed,2,rounded_square
observation_noise_l3,0.0736331545487258,0.18398090172864393,0.04006716385483737,0.020680020363718653,True,0.01292452015919658,physical,0.031603160795969774,0.08893415108323095,0.03499904026391749,3,0.08655767470792237,NaiveDelayed,0.2155840625246137,0.12900131493806832,0.05567906062763614,observation_noise,1368b3fd4139e18c4f8cd5601d45c6c91fe9f73751ce15406f842e1274121fed,3,rounded_square
observation_noise_l3,0.07364376901752864,0.17841207689359911,0.05495785400271409,0.025977515200346517,True,0.01292452015919658,physical,0.031603160795969774,0.08893415108323095,0.03499904026391749,3,0.08656828917672522,NaiveDelayed,0.2100152376895689,0.14389200508594505,0.060976555464264004,observation_noise,1368b3fd4139e18c4f8cd5601d45c6c91fe9f73751ce15406f842e1274121fed,4,rounded_square
observation_noise_l3,-0.002663424574737403,-0.007751754097576384,-0.030678054317832014,-0.008200790071814072,True,0.01292452015919658,physical,0.031603160795969774,0.08893415108323095,0.03499904026391749,3,0.010261095584459177,VirtualDelayAware,0.02385140669839339,0.05825609676539894,0.026798250192103416,observation_noise,1368b3fd4139e18c4f8cd5601d45c6c91fe9f73751ce15406f842e1274121fed,0,rounded_square
observation_noise_l3,-0.003405960020353817,-0.011046277631067629,-0.03297672234475621,-0.011480946222867817,True,0.01292452015919658,physical,0.031603160795969774,0.08893415108323095,0.03499904026391749,3,0.009518560138842763,VirtualDelayAware,0.020556883164902146,0.05595742873847474,0.02351809404104967,observation_noise,1368b3fd4139e18c4f8cd5601d45c6c91fe9f73751ce15406f842e1274121fed,1,rounded_square
observation_noise_l3,-0.00396249858155065,-0.011110980185421254,-0.04008658938109874,-0.012890222978433528,True,0.01292452015919658,physical,0.031603160795969774,0.08893415108323095,0.03499904026391749,3,0.00896202157764593,VirtualDelayAware,0.02049218061054852,0.04884756170213221,0.02210881728548396,observation_noise,1368b3fd4139e18c4f8cd5601d45c6c91fe9f73751ce15406f842e1274121fed,2,rounded_square
observation_noise_l3,-0.00298453560486105,-0.009549130827762237,-0.03136182688176631,-0.010795302188174472,True,0.01292452015919658,physical,0.031603160795969774,0.08893415108323095,0.03499904026391749,3,0.00993998455433553,VirtualDelayAware,0.022054029968207538,0.057572324201464645,0.024203738075743015,observation_noise,1368b3fd4139e18c4f8cd5601d45c6c91fe9f73751ce15406f842e1274121fed,3,rounded_square
observation_noise_l3,-0.0036085382644925525,-0.010628129731946528,-0.035690312460064905,-0.012067697228237629,True,0.01292452015919658,physical,0.031603160795969774,0.08893415108323095,0.03499904026391749,3,0.009315981894704027,VirtualDelayAware,0.020975031064023247,0.05324383862316605,0.022931343035679858,observation_noise,1368b3fd4139e18c4f8cd5601d45c6c91fe9f73751ce15406f842e1274121fed,4,rounded_square
observation_noise_l3,-0.00021690058396065144,-0.0035323271899286857,-0.01611566916108151,-0.00354199281949142,True,0.01292452015919658,physical,0.031603160795969774,0.08893415108323095,0.03499904026391749,3,0.012707619575235928,ThreadedAsync,0.02807083360604109,0.07281848192214944,0.03145704744442607,observation_noise,1368b3fd4139e18c4f8cd5601d45c6c91fe9f73751ce15406f842e1274121fed,0,rounded_square
observation_noise_l3,-0.0013124275625647983,-0.005149290822353218,-0.014623302966356277,-0.005363813732683905,True,0.01292452015919658,physical,0.031603160795969774,0.08893415108323095,0.03499904026391749,3,0.011612092596631781,ThreadedAsync,0.026453869973616557,0.07431084811687468,0.029635226531233582,observation_noise,1368b3fd4139e18c4f8cd5601d45c6c91fe9f73751ce15406f842e1274121fed,1,rounded_square
observation_noise_l3,-0.0007996594060671845,-0.002779891368763495,-0.01298564821481707,-0.004581422215501896,True,0.01292452015919658,physical,0.031603160795969774,0.08893415108323095,0.03499904026391749,3,0.012124860753129395,ThreadedAsync,0.02882326942720628,0.07594850286841388,0.03041761804841559,observation_noise,1368b3fd4139e18c4f8cd5601d45c6c91fe9f73751ce15406f842e1274121fed,2,rounded_square
observation_noise_l3,-0.00025631141874908267,-0.002041109178181979,-0.008098518103361124,-0.003297596028776384,True,0.01292452015919658,physical,0.031603160795969774,0.08893415108323095,0.03499904026391749,3,0.012668208740447497,ThreadedAsync,0.029562051617787796,0.08083563297986983,0.0317014442351411,observation_noise,1368b3fd4139e18c4f8cd5601d45c6c91fe9f73751ce15406f842e1274121fed,3,rounded_square
observation_noise_l3,-0.0024629146951177967,-0.007688156877382817,-0.021091426908969868,-0.007941035633729308,True,0.01292452015919658,physical,0.031603160795969774,0.08893415108323095,0.03499904026391749,3,0.010461605464078783,ThreadedAsync,0.023915003918586957,0.06784272417426108,0.02705800463018818,observation_noise,1368b3fd4139e18c4f8cd5601d45c6c91fe9f73751ce15406f842e1274121fed,4,rounded_square
observation_noise_l6,-0.0006670446268409458,-0.005594840988425675,-0.032074332982301695,-0.0060717915979891755,True,0.01292452015919658,physical,0.031603160795969774,0.08893415108323095,0.03499904026391749,6,0.012257475532355634,IdealZeroDelay,0.0260083198075441,0.05685981810092926,0.02892724866592831,observation_noise,1368b3fd4139e18c4f8cd5601d45c6c91fe9f73751ce15406f842e1274121fed,0,rounded_square
observation_noise_l6,0.006111041906727467,0.007824971485799755,-0.020875606685876832,0.005032641980406087,True,0.01292452015919658,physical,0.031603160795969774,0.08893415108323095,0.03499904026391749,6,0.019035562065924046,IdealZeroDelay,0.03942813228176953,0.06805854439735412,0.040031682244323574,observation_noise,1368b3fd4139e18c4f8cd5601d45c6c91fe9f73751ce15406f842e1274121fed,1,rounded_square
observation_noise_l6,0.0014278242452270794,-0.002263423374538994,-0.027532240375876406,-0.0037985028505789255,True,0.01292452015919658,physical,0.031603160795969774,0.08893415108323095,0.03499904026391749,6,0.014352344404423659,IdealZeroDelay,0.02933973742143078,0.06140191070735455,0.03120053741333856,observation_noise,1368b3fd4139e18c4f8cd5601d45c6c91fe9f73751ce15406f842e1274121fed,2,rounded_square
observation_noise_l6,-0.0013984586091197425,-0.006130540746534005,-0.03489307574927806,-0.007701553825775316,True,0.01292452015919658,physical,0.031603160795969774,0.08893415108323095,0.03499904026391749,6,0.011526061550076837,IdealZeroDelay,0.02547262004943577,0.054041075333952894,0.02729748643814217,observation_noise,1368b3fd4139e18c4f8cd5601d45c6c91fe9f73751ce15406f842e1274121fed,3,rounded_square
observation_noise_l6,-0.0015260559188438882,-0.008114261054899215,-0.03755299039185046,-0.010274271112302207,True,0.01292452015919658,physical,0.031603160795969774,0.08893415108323095,0.03499904026391749,6,0.011398464240352691,IdealZeroDelay,0.02348889974107056,0.05138116069138049,0.02472476915161528,observation_noise,1368b3fd4139e18c4f8cd5601d45c6c91fe9f73751ce15406f842e1274121fed,4,rounded_square
observation_noise_l6,0.07242048136397305,0.16353977182185736,0.03127352818846699,0.020984963882547676,True,0.01292452015919658,physical,0.031603160795969774,0.08893415108323095,0.03499904026391749,6,0.08534500152316964,NaiveDelayed,0.19514293261782714,0.12020767927169794,0.05598400414646516,observation_noise,1368b3fd4139e18c4f8cd5601d45c6c91fe9f73751ce15406f842e1274121fed,0,rounded_square
observation_noise_l6,0.06354950877081296,0.15641594522978822,0.04370383694767953,0.023072781719471212,True,0.01292452015919658,physical,0.031603160795969774,0.08893415108323095,0.03499904026391749,6,0.07647402893000954,NaiveDelayed,0.188019106025758,0.13263798803091048,0.0580718219833887,observation_noise,1368b3fd4139e18c4f8cd5601d45c6c91fe9f73751ce15406f842e1274121fed,1,rounded_square
observation_noise_l6,0.07684592053944571,0.15521777803007206,0.04739011600613595,0.02303093354139412,True,0.01292452015919658,physical,0.031603160795969774,0.08893415108323095,0.03499904026391749,6,0.08977044069864229,NaiveDelayed,0.18682093882604184,0.1363242670893669,0.05802997380531161,observation_noise,1368b3fd4139e18c4f8cd5601d45c6c91fe9f73751ce15406f842e1274121fed,2,rounded_square
observation_noise_l6,0.06107543695580647,0.1413415291136499,0.04421987459063524,0.023389506542574892,True,0.01292452015919658,physical,0.031603160795969774,0.08893415108323095,0.03499904026391749,6,0.07399995711500305,NaiveDelayed,0.17294468990961967,0.1331540256738662,0.05838854680649238,observation_noise,1368b3fd4139e18c4f8cd5601d45c6c91fe9f73751ce15406f842e1274121fed,3,rounded_square
observation_noise_l6,0.08481815809562109,0.1935183690371591,0.046651559323072425,0.02875383075099886,True,0.01292452015919658,physical,0.031603160795969774,0.08893415108323095,0.03499904026391749,6,0.09774267825481767,NaiveDelayed,0.22512152983312889,0.13558571040630338,0.06375287101491635,observation_noise,1368b3fd4139e18c4f8cd5601d45c6c91fe9f73751ce15406f842e1274121fed,4,rounded_square
observation_noise_l6,0.005567547251718678,0.008685659452933966,-0.013595275580883026,0.00606435511700814,True,0.01292452015919658,physical,0.031603160795969774,0.08893415108323095,0.03499904026391749,6,0.018492067410915258,VirtualDelayAware,0.04028882024890374,0.07533887550234793,0.04106339538092563,observation_noise,1368b3fd4139e18c4f8cd5601d45c6c91fe9f73751ce15406f842e1274121fed,0,rounded_square
observation_noise_l6,0.0019732372095354906,0.0006476074115904715,-0.022863945364952107,-0.0016570139500637002,True,0.01292452015919658,physical,0.031603160795969774,0.08893415108323095,0.03499904026391749,6,0.01489775736873207,VirtualDelayAware,0.032250768207560246,0.06607020571827885,0.03334202631385379,observation_noise,1368b3fd4139e18c4f8cd5601d45c6c91fe9f73751ce15406f842e1274121fed,1,rounded_square
observation_noise_l6,-0.0013230388997958545,-0.006726740311282221,-0.030355767905712122,-0.009144001181120541,True,0.01292452015919658,physical,0.031603160795969774,0.08893415108323095,0.03499904026391749,6,0.011601481259400725,VirtualDelayAware,0.024876420484687554,0.05857838317751883,0.025855039082796946,observation_noise,1368b3fd4139e18c4f8cd5601d45c6c91fe9f73751ce15406f842e1274121fed,2,rounded_square
observation_noise_l6,-2.6752635935741245e-05,-0.003972614374312285,-0.035982770100235935,-0.007682131146922733,True,0.01292452015919658,physical,0.031603160795969774,0.08893415108323095,0.03499904026391749,6,0.012897767523260838,VirtualDelayAware,0.02763054642165749,0.05295138098299502,0.027316909116994754,observation_noise,1368b3fd4139e18c4f8cd5601d45c6c91fe9f73751ce15406f842e1274121fed,3,rounded_square
observation_noise_l6,0.0013639216096100627,-0.00044827278350410144,-0.028144073858857137,-0.0030850478352348262,True,0.01292452015919658,physical,0.031603160795969774,0.08893415108323095,0.03499904026391749,6,0.014288441768806642,VirtualDelayAware,0.031154888012465673,0.060790077224373816,0.03191399242868266,observation_noise,1368b3fd4139e18c4f8cd5601d45c6c91fe9f73751ce15406f842e1274121fed,4,rounded_square
observation_noise_l6,0.00016466508964903433,-0.003659895795949542,-0.02493675798177722,-0.006420155939033476,True,0.01292452015919658,physical,0.031603160795969774,0.08893415108323095,0.03499904026391749,6,0.013089185248845614,ThreadedAsync,0.027943265000020232,0.06399739310145373,0.02857888432488401,observation_noise,1368b3fd4139e18c4f8cd5601d45c6c91fe9f73751ce15406f842e1274121fed,0,rounded_square
observation_noise_l6,-0.0012669298351710417,-0.005246099980854273,-0.025383121520280827,-0.007693779445944675,True,0.01292452015919658,physical,0.031603160795969774,0.08893415108323095,0.03499904026391749,6,0.011657590324025538,ThreadedAsync,0.0263570608151155,0.06355102956295013,0.027305260817972812,observation_noise,1368b3fd4139e18c4f8cd5601d45c6c91fe9f73751ce15406f842e1274121fed,1,rounded_square
observation_noise_l6,-0.0008533569255900174,-0.004748195247971161,-0.025784603506326706,-0.006204995847660523,True,0.01292452015919658,physical,0.031603160795969774,0.08893415108323095,0.03499904026391749,6,0.012071163233606562,ThreadedAsync,0.026854965547998613,0.06314954757690425,0.028794044416256964,observation_noise,1368b3fd4139e18c4f8cd5601d45c6c91fe9f73751ce15406f842e1274121fed,2,rounded_square
observation_noise_l6,0.0012724080827842352,0.0005754485793630221,-0.014426870644092649,-0.001450060869560281,True,0.01292452015919658,physical,0.031603160795969774,0.08893415108323095,0.03499904026391749,6,0.014196928241980815,ThreadedAsync,0.032178609375332796,0.0745072804391383,0.033548979394357206,observation_noise,1368b3fd4139e18c4f8cd5601d45c6c91fe9f73751ce15406f842e1274121fed,3,rounded_square
observation_noise_l6,-5.6424214855143456e-05,-0.0022464163176354537,-0.01910961493849761,-0.005358038642537612,True,0.01292452015919658,physical,0.031603160795969774,0.08893415108323095,0.03499904026391749,6,0.012868095944341436,ThreadedAsync,0.02935674447833432,0.06982453614473334,0.029641001621379875,observation_noise,1368b3fd4139e18c4f8cd5601d45c6c91fe9f73751ce15406f842e1274121fed,4,rounded_square
payload_l3,-0.000989968909256178,-0.01739972003776606,-0.019788008928298906,-0.009103138474312773,True,0.019993078973668102,physical,0.06270198220757274,0.10370942577719683,0.05415290453801043,3,0.019003110064411924,IdealZeroDelay,0.04530226216980668,0.08392141684889792,0.045049766063697656,payload,1368b3fd4139e18c4f8cd5601d45c6c91fe9f73751ce15406f842e1274121fed,0,rounded_square
payload_l3,0.00010966527797541883,-0.017891140795411334,-0.0170145213603973,-0.008171472524809827,True,0.019993078973668102,physical,0.06270198220757274,0.10370942577719683,0.05415290453801043,3,0.02010274425164352,IdealZeroDelay,0.044810841412161406,0.08669490441679953,0.0459814320132006,payload,1368b3fd4139e18c4f8cd5601d45c6c91fe9f73751ce15406f842e1274121fed,1,rounded_square
payload_l3,-0.0012174320295249112,-0.018596530493165828,-0.02493247091770169,-0.009256719096594604,True,0.019993078973668102,physical,0.06270198220757274,0.10370942577719683,0.05415290453801043,3,0.01877564694414319,IdealZeroDelay,0.04410545171440691,0.07877695485949514,0.044896185441415826,payload,1368b3fd4139e18c4f8cd5601d45c6c91fe9f73751ce15406f842e1274121fed,2,rounded_square
payload_l3,-0.0003859294775708545,-0.018737246825273293,-0.02249645963311203,-0.011252660958589102,True,0.019993078973668102,physical,0.06270198220757274,0.10370942577719683,0.05415290453801043,3,0.019607149496097247,IdealZeroDelay,0.04396473538229945,0.0812129661440848,0.04290024357942133,payload,1368b3fd4139e18c4f8cd5601d45c6c91fe9f73751ce15406f842e1274121fed,3,rounded_square
payload_l3,-0.004939475807806952,-0.02573298352258825,-0.04218756668269629,-0.017242220590562303,True,0.019993078973668102,physical,0.06270198220757274,0.10370942577719683,0.05415290453801043,3,0.01505360316586115,IdealZeroDelay,0.03696899868498449,0.06152185909450054,0.03691068394744813,payload,1368b3fd4139e18c4f8cd5601d45c6c91fe9f73751ce15406f842e1274121fed,4,rounded_square
payload_l3,0.05350644126787567,0.0926272353228554,0.022333810478448873,0.004860559639726515,True,0.019993078973668102,physical,0.06270198220757274,0.10370942577719683,0.05415290453801043,3,0.07349952024154377,NaiveDelayed,0.15532921753042814,0.1260432362556457,0.059013464177736945,payload,1368b3fd4139e18c4f8cd5601d45c6c91fe9f73751ce15406f842e1274121fed,0,rounded_square
payload_l3,0.07792951103740262,0.1602468161450375,0.029722667485475446,0.007499098524509064,True,0.019993078973668102,physical,0.06270198220757274,0.10370942577719683,0.05415290453801043,3,0.09792259001107072,NaiveDelayed,0.22294879835261025,0.13343209326267227,0.06165200306251949,payload,1368b3fd4139e18c4f8cd5601d45c6c91fe9f73751ce15406f842e1274121fed,1,rounded_square
payload_l3,0.09235872481082155,0.2187289367068166,0.018759362399577983,0.009586592915265674,True,0.019993078973668102,physical,0.06270198220757274,0.10370942577719683,0.05415290453801043,3,0.11235180378448965,NaiveDelayed,0.2814309189143893,0.12246878817677481,0.0637394974532761,payload,1368b3fd4139e18c4f8cd5601d45c6c91fe9f73751ce15406f842e1274121fed,2,rounded_square
payload_l3,0.06419689125638012,0.14963487605240428,0.04467082396149635,0.01346756296514004,True,0.019993078973668102,physical,0.06270198220757274,0.10370942577719683,0.05415290453801043,3,0.08418997023004822,NaiveDelayed,0.21233685825997703,0.14838024973869318,0.06762046750315047,payload,1368b3fd4139e18c4f8cd5601d45c6c91fe9f73751ce15406f842e1274121fed,3,rounded_square
payload_l3,0.061516402102953616,0.14546576793147925,0.043210031837224994,0.012153351215869912,True,0.019993078973668102,physical,0.06270198220757274,0.10370942577719683,0.05415290453801043,3,0.08150948107662172,NaiveDelayed,0.20816775013905198,0.14691945761442182,0.06630625575388034,payload,1368b3fd4139e18c4f8cd5601d45c6c91fe9f73751ce15406f842e1274121fed,4,rounded_square
payload_l3,-0.0028779457353462594,-0.019750946650143847,-0.02946322113275525,-0.01278168862011101,True,0.019993078973668102,physical,0.06270198220757274,0.10370942577719683,0.05415290453801043,3,0.017115133238321843,VirtualDelayAware,0.04295103555742889,0.07424620464444158,0.04137121591789942,payload,1368b3fd4139e18c4f8cd5601d45c6c91fe9f73751ce15406f842e1274121fed,0,rounded_square
payload_l3,-0.0014282546269448297,-0.01792029849592594,-0.019465426355600307,-0.010905530533321849,True,0.019993078973668102,physical,0.06270198220757274,0.10370942577719683,0.05415290453801043,3,0.018564824346723272,VirtualDelayAware,0.0447816837116468,0.08424399942159652,0.04324737400468858,payload,1368b3fd4139e18c4f8cd5601d45c6c91fe9f73751ce15406f842e1274121fed,1,rounded_square
payload_l3,-0.0037174102895207485,-0.020141450466020498,-0.03196813091635707,-0.013671367285828996,True,0.019993078973668102,physical,0.06270198220757274,0.10370942577719683,0.05415290453801043,3,0.016275668684147353,VirtualDelayAware,0.04256053174155224,0.07174129486083976,0.04048153725218143,payload,1368b3fd4139e18c4f8cd5601d45c6c91fe9f73751ce15406f842e1274121fed,2,rounded_square
payload_l3,-0.005111308731977203,-0.022472553972262582,-0.037388449162244805,-0.015680700318856614,True,0.019993078973668102,physical,0.06270198220757274,0.10370942577719683,0.05415290453801043,3,0.014881770241690899,VirtualDelayAware,0.04022942823531016,0.06632097661495202,0.038472204219153816,payload,1368b3fd4139e18c4f8cd5601d45c6c91fe9f73751ce15406f842e1274121fed,3,rounded_square
payload_l3,-0.0017577397183386571,-0.016934808547606928,-0.027224189788103134,-0.011252987615950956,True,0.019993078973668102,physical,0.06270198220757274,0.10370942577719683,0.05415290453801043,3,0.018235339255329445,VirtualDelayAware,0.04576717365996581,0.0764852359890937,0.042899916922059474,payload,1368b3fd4139e18c4f8cd5601d45c6c91fe9f73751ce15406f842e1274121fed,4,rounded_square
payload_l3,-0.005315795675905264,-0.024220494083955782,-0.028534265607595394,-0.016897995345114707,True,0.019993078973668102,physical,0.06270198220757274,0.10370942577719683,0.05415290453801043,3,0.014677283297762838,ThreadedAsync,0.03848148812361696,0.07517516016960143,0.03725490919289572,payload,1368b3fd4139e18c4f8cd5601d45c6c91fe9f73751ce15406f842e1274121fed,0,rounded_square
payload_l3,-0.006463816880559631,-0.02471237577381668,-0.03436082601547237,-0.017687733728384752,True,0.019993078973668102,physical,0.06270198220757274,0.10370942577719683,0.05415290453801043,3,0.01352926209310847,ThreadedAsync,0.03798960643375606,0.06934859976172446,0.03646517080962568,payload,1368b3fd4139e18c4f8cd5601d45c6c91fe9f73751ce15406f842e1274121fed,1,rounded_square
payload_l3,-0.0044233638275448135,-0.021291718751794357,-0.026597148180007982,-0.014478484828715846,True,0.019993078973668102,physical,0.06270198220757274,0.10370942577719683,0.05415290453801043,3,0.015569715146123288,ThreadedAsync,0.04141026345577838,0.07711227759718885,0.039674419709294584,payload,1368b3fd4139e18c4f8cd5601d45c6c91fe9f73751ce15406f842e1274121fed,2,rounded_square
payload_l3,-0.005892220113557655,-0.02389209462022167,-0.03135508447885525,-0.016937245981666224,True,0.019993078973668102,physical,0.06270198220757274,0.10370942577719683,0.05415290453801043,3,0.014100858860110447,ThreadedAsync,0.03880988758735107,0.07235434129834158,0.037215658556344205,payload,1368b3fd4139e18c4f8cd5601d45c6c91fe9f73751ce15406f842e1274121fed,3,rounded_square
payload_l3,-0.004064593360629601,-0.02215372107229762,-0.029201736301183834,-0.015194140445665798,True,0.019993078973668102,physical,0.06270198220757274,0.10370942577719683,0.05415290453801043,3,0.0159284856130385,ThreadedAsync,0.04054826113527512,0.074507689476013,0.03895876409234463,payload,1368b3fd4139e18c4f8cd5601d45c6c91fe9f73751ce15406f842e1274121fed,4,rounded_square
payload_l6,-0.012404811832857958,-0.07521642092134151,-0.045159757137298556,-0.038140567998804886,True,0.04524941107604892,physical,0.16135519122891132,0.1835298418998718,0.12541158838142671,6,0.03284459924319096,IdealZeroDelay,0.0861387703075698,0.13837008476257323,0.08727102038262183,payload,1368b3fd4139e18c4f8cd5601d45c6c91fe9f73751ce15406f842e1274121fed,0,rounded_square
payload_l6,-0.012327785908655547,-0.07473923427420111,-0.04326954782009129,-0.03759813811526591,True,0.04524941107604892,physical,0.16135519122891132,0.1835298418998718,0.12541158838142671,6,0.03292162516739337,IdealZeroDelay,0.08661595695471021,0.1402602940797805,0.0878134502661608,payload,1368b3fd4139e18c4f8cd5601d45c6c91fe9f73751ce15406f842e1274121fed,1,rounded_square
payload_l6,-0.013943558857466024,-0.07817424091675111,-0.04494929760694508,-0.042734798911881186,True,0.04524941107604892,physical,0.16135519122891132,0.1835298418998718,0.12541158838142671,6,0.0313058522185829,IdealZeroDelay,0.0831809503121602,0.1385805442929267,0.08267678946954553,payload,1368b3fd4139e18c4f8cd5601d45c6c91fe9f73751ce15406f842e1274121fed,2,rounded_square
payload_l6,-0.013626263610480409,-0.07748017614927458,-0.03889691829681394,-0.040836521623269756,True,0.04524941107604892,physical,0.16135519122891132,0.1835298418998718,0.12541158838142671,6,0.03162314746556851,IdealZeroDelay,0.08387501507963674,0.14463292360305785,0.08457506675815696,payload,1368b3fd4139e18c4f8cd5601d45c6c91fe9f73751ce15406f842e1274121fed,3,rounded_square
payload_l6,-0.013814654815066808,-0.07641085877951491,-0.03817757666110991,-0.04072748028512248,True,0.04524941107604892,physical,0.16135519122891132,0.1835298418998718,0.12541158838142671,6,0.03143475626098211,IdealZeroDelay,0.0849443324493964,0.14535226523876188,0.08468410809630424,payload,1368b3fd4139e18c4f8cd5601d45c6c91fe9f73751ce15406f842e1274121fed,4,rounded_square
payload_l6,0.06145582632767338,0.1016647415983363,-0.020440645515918843,-0.04213233693496404,True,0.04524941107604892,physical,0.16135519122891132,0.1835298418998718,0.12541158838142671,6,0.1067052374037223,NaiveDelayed,0.2630199328272476,0.16308919638395294,0.08327925144646267,payload,1368b3fd4139e18c4f8cd5601d45c6c91fe9f73751ce15406f842e1274121fed,0,rounded_square
payload_l6,0.06186037481603332,0.12059021631691477,0.010815867781638955,-0.030882850428318523,True,0.04524941107604892,physical,0.16135519122891132,0.1835298418998718,0.12541158838142671,6,0.10710978589208224,NaiveDelayed,0.2819454075458261,0.19434570968151074,0.09452873795310819,payload,1368b3fd4139e18c4f8cd5601d45c6c91fe9f73751ce15406f842e1274121fed,1,rounded_square
payload_l6,0.05310712900502754,0.0852121520657442,-0.009134481847286352,-0.040956819826544255,True,0.04524941107604892,physical,0.16135519122891132,0.1835298418998718,0.12541158838142671,6,0.09835654008107646,NaiveDelayed,0.24656734329465552,0.17439536005258544,0.08445476855488246,payload,1368b3fd4139e18c4f8cd5601d45c6c91fe9f73751ce15406f842e1274121fed,2,rounded_square
payload_l6,0.04228406651681589,0.054293945710891384,0.024965654313564234,-0.0281805683936706,True,0.04524941107604892,physical,0.16135519122891132,0.1835298418998718,0.12541158838142671,6,0.08753347759286481,NaiveDelayed,0.2156491369398027,0.20849549621343602,0.09723101998775611,payload,1368b3fd4139e18c4f8cd5601d45c6c91fe9f73751ce15406f842e1274121fed,3,rounded_square
payload_l6,0.03664118869361736,0.019390625168065362,0.035205951333045854,-0.030363836426195334,True,0.04524941107604892,physical,0.16135519122891132,0.1835298418998718,0.12541158838142671,6,0.08189059976966628,NaiveDelayed,0.18074581639697668,0.21873579323291764,0.09504775195523138,payload,1368b3fd4139e18c4f8cd5601d45c6c91fe9f73751ce15406f842e1274121fed,4,rounded_square
payload_l6,-0.014349780265694802,-0.0658838912959371,-0.05558245480060586,-0.038593009141486334,True,0.04524941107604892,physical,0.16135519122891132,0.1835298418998718,0.12541158838142671,6,0.030899630810354118,VirtualDelayAware,0.09547129993297422,0.12794738709926592,0.08681857923994038,payload,1368b3fd4139e18c4f8cd5601d45c6c91fe9f73751ce15406f842e1274121fed,0,rounded_square
payload_l6,-0.012387938416687262,-0.06187005972079171,-0.03890575021505355,-0.03389609874149033,True,0.04524941107604892,physical,0.16135519122891132,0.1835298418998718,0.12541158838142671,6,0.03286147265936166,VirtualDelayAware,0.0994851315081196,0.14462409168481824,0.09151548963993639,payload,1368b3fd4139e18c4f8cd5601d45c6c91fe9f73751ce15406f842e1274121fed,1,rounded_square
payload_l6,-0.011808193526809584,-0.06167645958402031,-0.047409027814865085,-0.03575794239451667,True,0.04524941107604892,physical,0.16135519122891132,0.1835298418998718,0.12541158838142671,6,0.03344121754923934,VirtualDelayAware,0.09967873164489101,0.1361208140850067,0.08965364598691004,payload,1368b3fd4139e18c4f8cd5601d45c6c91fe9f73751ce15406f842e1274121fed,2,rounded_square
payload_l6,-0.015164723633361181,-0.07013181321802195,-0.058558043092489354,-0.04225291378124571,True,0.04524941107604892,physical,0.16135519122891132,0.1835298418998718,0.12541158838142671,6,0.03008468744268774,VirtualDelayAware,0.09122337801088937,0.12497179880738243,0.083158674600181,payload,1368b3fd4139e18c4f8cd5601d45c6c91fe9f73751ce15406f842e1274121fed,3,rounded_square
payload_l6,-0.012672412632962461,-0.062308863655853475,-0.04693245738744736,-0.03537365550259615,True,0.04524941107604892,physical,0.16135519122891132,0.1835298418998718,0.12541158838142671,6,0.03257699844308646,VirtualDelayAware,0.09904632757305784,0.13659738451242442,0.09003793287883056,payload,1368b3fd4139e18c4f8cd5601d45c6c91fe9f73751ce15406f842e1274121fed,4,rounded_square
payload_l6,-0.008298015887945612,-0.04319610872189189,-0.018252801895141585,-0.0229301642846204,True,0.04524941107604892,physical,0.16135519122891132,0.1835298418998718,0.12541158838142671,6,0.03695139518810331,ThreadedAsync,0.11815908250701943,0.1652770400047302,0.10248142409680631,payload,1368b3fd4139e18c4f8cd5601d45c6c91fe9f73751ce15406f842e1274121fed,0,rounded_square
payload_l6,-0.012161643359491443,-0.055392295848505996,-0.03659373670816424,-0.03092646042318034,True,0.04524941107604892,physical,0.16135519122891132,0.1835298418998718,0.12541158838142671,6,0.03308776771655748,ThreadedAsync,0.10596289538040532,0.14693610519170755,0.09448512795824637,payload,1368b3fd4139e18c4f8cd5601d45c6c91fe9f73751ce15406f842e1274121fed,1,rounded_square
payload_l6,-0.010207588065504529,-0.05124206249646261,-0.031876522302627525,-0.027151570619008608,True,0.04524941107604892,physical,0.16135519122891132,0.1835298418998718,0.12541158838142671,6,0.03504182301054439,ThreadedAsync,0.1101131287324487,0.15165331959724426,0.0982600177624181,payload,1368b3fd4139e18c4f8cd5601d45c6c91fe9f73751ce15406f842e1274121fed,2,rounded_square
payload_l6,-0.009979970126844422,-0.04859593355921034,-0.045429725944995836,-0.02846630499192107,True,0.04524941107604892,physical,0.16135519122891132,0.1835298418998718,0.12541158838142671,6,0.0352694409492045,ThreadedAsync,0.11275925766970098,0.13810011595487595,0.09694528338950564,payload,1368b3fd4139e18c4f8cd5601d45c6c91fe9f73751ce15406f842e1274121fed,3,rounded_square
payload_l6,-0.011982227839924933,-0.05828154014125339,-0.034247463941574435,-0.03146302780481254,True,0.04524941107604892,physical,0.16135519122891132,0.1835298418998718,0.12541158838142671,6,0.03326718323612399,ThreadedAsync,0.10307365108765792,0.14928237795829735,0.09394856057661417,payload,1368b3fd4139e18c4f8cd5601d45c6c91fe9f73751ce15406f842e1274121fed,4,rounded_square
actuator_gain_l3,-0.0018367486035253278,-0.015366918135105115,-0.025256864726543413,-0.009270568142910687,True,0.014122415177633681,preview,0.041192352968373425,0.08936675935983654,0.039730924193436684,3,0.012285666574108354,IdealZeroDelay,0.02582543483326831,0.06410989463329313,0.030460356050525998,actuator_gain,c15a120662df139ed529a1c7d6ba9b078cca47bc7eb4bbfe9dd74464c976ce23,0,circle
actuator_gain_l3,-0.002461471228461817,-0.016105987298419548,-0.03055236376821993,-0.01043731832938766,True,0.014122415177633681,preview,0.041192352968373425,0.08936675935983654,0.039730924193436684,3,0.011660943949171864,IdealZeroDelay,0.025086365669953876,0.05881439559161661,0.029293605864049024,actuator_gain,c15a120662df139ed529a1c7d6ba9b078cca47bc7eb4bbfe9dd74464c976ce23,1,circle
actuator_gain_l3,-0.001679119426714346,-0.01526684710867248,-0.02394253239035607,-0.009055031256952562,True,0.014122415177633681,preview,0.041192352968373425,0.08936675935983654,0.039730924193436684,3,0.012443295750919335,IdealZeroDelay,0.025925505859700944,0.06542422696948047,0.030675892936484123,actuator_gain,c15a120662df139ed529a1c7d6ba9b078cca47bc7eb4bbfe9dd74464c976ce23,2,circle
actuator_gain_l3,-0.0019069867733925733,-0.016295091145226842,-0.02976975478231904,-0.00984481985778328,True,0.014122415177633681,preview,0.041192352968373425,0.08936675935983654,0.039730924193436684,3,0.012215428404241108,IdealZeroDelay,0.024897261823146583,0.0595970045775175,0.029886104335653405,actuator_gain,c15a120662df139ed529a1c7d6ba9b078cca47bc7eb4bbfe9dd74464c976ce23,3,circle
actuator_gain_l3,-0.001808551227639378,-0.015907202795586196,-0.02543324530124673,-0.009442873674462414,True,0.014122415177633681,preview,0.041192352968373425,0.08936675935983654,0.039730924193436684,3,0.012313863949994303,IdealZeroDelay,0.025285150172787228,0.06393351405858981,0.03028805051897427,actuator_gain,c15a120662df139ed529a1c7d6ba9b078cca47bc7eb4bbfe9dd74464c976ce23,4,circle
actuator_gain_l3,0.0561161254554718,0.10917452655501042,0.03604203462600711,0.025409156151140908,True,0.014122415177633681,preview,0.041192352968373425,0.08936675935983654,0.039730924193436684,3,0.07023854063310549,NaiveDelayed,0.15036687952338385,0.12540879398584365,0.06514008034457759,actuator_gain,c15a120662df139ed529a1c7d6ba9b078cca47bc7eb4bbfe9dd74464c976ce23,0,circle
actuator_gain_l3,0.07844562820001921,0.14696738655344946,0.06591904163360598,0.03501833050610466,True,0.014122415177633681,preview,0.041192352968373425,0.08936675935983654,0.039730924193436684,3,0.0925680433776529,NaiveDelayed,0.18815973952182288,0.15528580099344252,0.07474925469954134,actuator_gain,c15a120662df139ed529a1c7d6ba9b078cca47bc7eb4bbfe9dd74464c976ce23,1,circle
actuator_gain_l3,0.05714443338287761,0.12396813361685327,0.05482641011476519,0.030826491511375814,True,0.014122415177633681,preview,0.041192352968373425,0.08936675935983654,0.039730924193436684,3,0.0712668485605113,NaiveDelayed,0.1651604865852267,0.14419316947460173,0.0705574157048125,actuator_gain,c15a120662df139ed529a1c7d6ba9b078cca47bc7eb4bbfe9dd74464c976ce23,2,circle
actuator_gain_l3,0.08669912828021262,0.18408602338711258,0.045078529417514834,0.033746293918091974,True,0.014122415177633681,preview,0.041192352968373425,0.08936675935983654,0.039730924193436684,3,0.1008215434578463,NaiveDelayed,0.225278376355486,0.13444528877735137,0.07347721811152866,actuator_gain,c15a120662df139ed529a1c7d6ba9b078cca47bc7eb4bbfe9dd74464c976ce23,3,circle
actuator_gain_l3,0.0799486995382966,0.17285154688195487,0.05496992915868762,0.03949880242242246,True,0.014122415177633681,preview,0.041192352968373425,0.08936675935983654,0.039730924193436684,3,0.09407111471593028,NaiveDelayed,0.2140438998503283,0.14433668851852416,0.07922972661585914,actuator_gain,c15a120662df139ed529a1c7d6ba9b078cca47bc7eb4bbfe9dd74464c976ce23,4,circle
actuator_gain_l3,-0.001674031176751219,-0.013993509058540556,-0.022407966852188085,-0.009139400477056744,True,0.014122415177633681,preview,0.041192352968373425,0.08936675935983654,0.039730924193436684,3,0.012448384000882462,VirtualDelayAware,0.02719884390983287,0.06695879250764845,0.03059152371637994,actuator_gain,c15a120662df139ed529a1c7d6ba9b078cca47bc7eb4bbfe9dd74464c976ce23,0,circle
actuator_gain_l3,-0.0018832763961591312,-0.013586232690672082,-0.01982223093509672,-0.008105837786467111,True,0.014122415177633681,preview,0.041192352968373425,0.08936675935983654,0.039730924193436684,3,0.01223913878147455,VirtualDelayAware,0.027606120277701342,0.06954452842473982,0.03162508640696957,actuator_gain,c15a120662df139ed529a1c7d6ba9b078cca47bc7eb4bbfe9dd74464c976ce23,1,circle
actuator_gain_l3,-0.0007506367401733643,-0.012276807513564459,-0.02119205147027968,-0.007443875649272284,True,0.014122415177633681,preview,0.041192352968373425,0.08936675935983654,0.039730924193436684,3,0.013371778437460317,VirtualDelayAware,0.028915545454808966,0.06817470788955686,0.0322870485441644,actuator_gain,c15a120662df139ed529a1c7d6ba9b078cca47bc7eb4bbfe9dd74464c976ce23,2,circle
actuator_gain_l3,-0.0010514560955743706,-0.013533257826944721,-0.025749511271715153,-0.00791911382222417,True,0.014122415177633681,preview,0.041192352968373425,0.08936675935983654,0.039730924193436684,3,0.01307095908205931,VirtualDelayAware,0.027659095141428704,0.06361724808812139,0.031811810371212515,actuator_gain,c15a120662df139ed529a1c7d6ba9b078cca47bc7eb4bbfe9dd74464c976ce23,3,circle
actuator_gain_l3,-0.0020142119860686643,-0.015015968283520451,-0.030732723698019965,-0.01018296066071854,True,0.014122415177633681,preview,0.041192352968373425,0.08936675935983654,0.039730924193436684,3,0.012108203191565017,VirtualDelayAware,0.026176384684852973,0.058634035661816575,0.029547963532718144,actuator_gain,c15a120662df139ed529a1c7d6ba9b078cca47bc7eb4bbfe9dd74464c976ce23,4,circle
actuator_gain_l3,0.0017992257772413076,-0.0040183817442421416,-0.004162481427192735,-0.001133891393775309,True,0.014122415177633681,preview,0.041192352968373425,0.08936675935983654,0.039730924193436684,3,0.01592164095487499,ThreadedAsync,0.03717397122413128,0.0852042779326438,0.038597032799661375,actuator_gain,c15a120662df139ed529a1c7d6ba9b078cca47bc7eb4bbfe9dd74464c976ce23,0,circle
actuator_gain_l3,0.00019449334495856563,-0.010539069637769932,-0.018878313153982154,-0.004932028842844244,True,0.014122415177633681,preview,0.041192352968373425,0.08936675935983654,0.039730924193436684,3,0.014316908522592247,ThreadedAsync,0.030653283330603492,0.07048844620585439,0.03479889535059244,actuator_gain,c15a120662df139ed529a1c7d6ba9b078cca47bc7eb4bbfe9dd74464c976ce23,1,circle
actuator_gain_l3,-0.0002515350764740309,-0.011701969501443806,-0.016122591495513885,-0.005444681782018387,True,0.014122415177633681,preview,0.041192352968373425,0.08936675935983654,0.039730924193436684,3,0.01387088010115965,ThreadedAsync,0.02949038346692962,0.07324416786432265,0.0342862424114183,actuator_gain,c15a120662df139ed529a1c7d6ba9b078cca47bc7eb4bbfe9dd74464c976ce23,2,circle
actuator_gain_l3,0.000778424197296403,-0.00793728793796538,-0.011895295232534395,-0.002043452368599208,True,0.014122415177633681,preview,0.041192352968373425,0.08936675935983654,0.039730924193436684,3,0.014900839374930084,ThreadedAsync,0.033255065030408044,0.07747146412730214,0.037687471824837476,actuator_gain,c15a120662df139ed529a1c7d6ba9b078cca47bc7eb4bbfe9dd74464c976ce23,3,circle
actuator_gain_l3,0.0013550578784169674,-0.007126485237501319,-0.0009515509009361128,-0.0016324796089710603,True,0.014122415177633681,preview,0.041192352968373425,0.08936675935983654,0.039730924193436684,3,0.015477473056050649,ThreadedAsync,0.034065867730872106,0.08841520845890043,0.038098444584465624,actuator_gain,c15a120662df139ed529a1c7d6ba9b078cca47bc7eb4bbfe9dd74464c976ce23,4,circle
actuator_gain_l6,-0.002717600393165799,-0.0170494287192247,-0.029289227724075287,-0.012417729216905975,True,0.020193120187996814,preview,0.05455096696691397,0.1308842226862907,0.05728878471163137,6,0.017475519794831015,IdealZeroDelay,0.03750153824768927,0.10159499496221543,0.04487105549472539,actuator_gain,c15a120662df139ed529a1c7d6ba9b078cca47bc7eb4bbfe9dd74464c976ce23,0,circle
actuator_gain_l6,-0.0022361282741664434,-0.016357523179389294,-0.026949235796928386,-0.011615130121688473,True,0.020193120187996814,preview,0.05455096696691397,0.1308842226862907,0.05728878471163137,6,0.01795699191383037,IdealZeroDelay,0.03819344378752468,0.10393498688936233,0.045673654589942894,actuator_gain,c15a120662df139ed529a1c7d6ba9b078cca47bc7eb4bbfe9dd74464c976ce23,1,circle
actuator_gain_l6,-0.0018909285287530206,-0.017037285122812926,-0.034647114574909266,-0.012117247981578136,True,0.020193120187996814,preview,0.05455096696691397,0.1308842226862907,0.05728878471163137,6,0.018302191659243794,IdealZeroDelay,0.037513681844101046,0.09623710811138145,0.04517153673005323,actuator_gain,c15a120662df139ed529a1c7d6ba9b078cca47bc7eb4bbfe9dd74464c976ce23,2,circle
actuator_gain_l6,-0.0026365677909330094,-0.018459188018318994,-0.042576321214437496,-0.014030951492287135,True,0.020193120187996814,preview,0.05455096696691397,0.1308842226862907,0.05728878471163137,6,0.017556552397063805,IdealZeroDelay,0.03609177894859498,0.08830790147185322,0.04325783321934423,actuator_gain,c15a120662df139ed529a1c7d6ba9b078cca47bc7eb4bbfe9dd74464c976ce23,3,circle
actuator_gain_l6,-0.002575978034431641,-0.019051631773651316,-0.04666975885629654,-0.014768174243346498,True,0.020193120187996814,preview,0.05455096696691397,0.1308842226862907,0.05728878471163137,6,0.017617142153565173,IdealZeroDelay,0.035499335193262656,0.08421446382999417,0.04252061046828487,actuator_gain,c15a120662df139ed529a1c7d6ba9b078cca47bc7eb4bbfe9dd74464c976ce23,4,circle
actuator_gain_l6,0.07822641118849827,0.1759614990764562,0.040608884394168876,0.02505519428645691,True,0.020193120187996814,preview,0.05455096696691397,0.1308842226862907,0.05728878471163137,6,0.09841953137649508,NaiveDelayed,0.23051246604337017,0.1714931070804596,0.08234397899808828,actuator_gain,c15a120662df139ed529a1c7d6ba9b078cca47bc7eb4bbfe9dd74464c976ce23,0,circle
actuator_gain_l6,0.08339707061244686,0.17905762727752753,0.038279379904270106,0.026519706627450935,True,0.020193120187996814,preview,0.05455096696691397,0.1308842226862907,0.05728878471163137,6,0.10359019080044368,NaiveDelayed,0.2336085942444415,0.16916360259056082,0.0838084913390823,actuator_gain,c15a120662df139ed529a1c7d6ba9b078cca47bc7eb4bbfe9dd74464c976ce23,1,circle
actuator_gain_l6,0.06671166053884156,0.11731368458702351,0.039196257293224346,0.028374762436453545,True,0.020193120187996814,preview,0.05455096696691397,0.1308842226862907,0.05728878471163137,6,0.08690478072683837,NaiveDelayed,0.1718646515539375,0.17008047997951506,0.08566354714808491,actuator_gain,c15a120662df139ed529a1c7d6ba9b078cca47bc7eb4bbfe9dd74464c976ce23,2,circle
actuator_gain_l6,0.06039841444719419,0.11540193747682156,0.03764149993658064,0.027082435380654545,True,0.020193120187996814,preview,0.05455096696691397,0.1308842226862907,0.05728878471163137,6,0.080591534635191,NaiveDelayed,0.16995290444373554,0.16852572262287135,0.08437122009228591,actuator_gain,c15a120662df139ed529a1c7d6ba9b078cca47bc7eb4bbfe9dd74464c976ce23,3,circle
actuator_gain_l6,0.08529438992947877,0.17223408699616244,0.057377824187278686,0.037022451084488366,True,0.020193120187996814,preview,0.05455096696691397,0.1308842226862907,0.05728878471163137,6,0.10548751011747558,NaiveDelayed,0.2267850539630764,0.1882620468735694,0.09431123579611973,actuator_gain,c15a120662df139ed529a1c7d6ba9b078cca47bc7eb4bbfe9dd74464c976ce23,4,circle
actuator_gain_l6,-0.0012298339055282076,-0.014419473831338993,-0.029024185985326814,-0.010060104779975265,True,0.020193120187996814,preview,0.05455096696691397,0.1308842226862907,0.05728878471163137,6,0.018963286282468607,VirtualDelayAware,0.04013149313557498,0.1018600367009639,0.0472286799316561,actuator_gain,c15a120662df139ed529a1c7d6ba9b078cca47bc7eb4bbfe9dd74464c976ce23,0,circle
actuator_gain_l6,-0.002295909293313591,-0.01549732134270998,-0.03050920367240907,-0.011569535893545813,True,0.020193120187996814,preview,0.05455096696691397,0.1308842226862907,0.05728878471163137,6,0.017897210894683224,VirtualDelayAware,0.03905364562420399,0.10037501901388164,0.045719248818085555,actuator_gain,c15a120662df139ed529a1c7d6ba9b078cca47bc7eb4bbfe9dd74464c976ce23,1,circle
actuator_gain_l6,-0.0018690202506997065,-0.01575815389901078,-0.03333297148346899,-0.010679608217729161,True,0.020193120187996814,preview,0.05455096696691397,0.1308842226862907,0.05728878471163137,6,0.018324099937297108,VirtualDelayAware,0.03879281306790319,0.09755125120282172,0.046609176493902206,actuator_gain,c15a120662df139ed529a1c7d6ba9b078cca47bc7eb4bbfe9dd74464c976ce23,2,circle
actuator_gain_l6,-0.001870661156598303,-0.01495585255474479,-0.03084761351346968,-0.011398751546328287,True,0.020193120187996814,preview,0.05455096696691397,0.1308842226862907,0.05728878471163137,6,0.01832245903139851,VirtualDelayAware,0.03959511441216918,0.10003660917282103,0.04589003316530308,actuator_gain,c15a120662df139ed529a1c7d6ba9b078cca47bc7eb4bbfe9dd74464c976ce23,3,circle
actuator_gain_l6,-0.0018648894721119934,-0.014934683804342805,-0.02753394022583966,-0.01062831584658927,True,0.020193120187996814,preview,0.05455096696691397,0.1308842226862907,0.05728878471163137,6,0.01832823071588482,VirtualDelayAware,0.03961628316257117,0.10335028246045105,0.0466604688650421,actuator_gain,c15a120662df139ed529a1c7d6ba9b078cca47bc7eb4bbfe9dd74464c976ce23,4,circle
actuator_gain_l6,0.0002113859784667084,-0.00952484508575132,-0.01289297118782999,-0.004324837278146837,True,0.020193120187996814,preview,0.05455096696691397,0.1308842226862907,0.05728878471163137,6,0.020404506166463523,ThreadedAsync,0.04502612188116265,0.11799125149846072,0.05296394743348453,actuator_gain,c15a120662df139ed529a1c7d6ba9b078cca47bc7eb4bbfe9dd74464c976ce23,0,circle
actuator_gain_l6,-0.0007666196152485566,-0.013008713939464317,-0.02654033079743387,-0.008197166401234315,True,0.020193120187996814,preview,0.05455096696691397,0.1308842226862907,0.05728878471163137,6,0.019426500572748258,ThreadedAsync,0.041542253027449655,0.10434389188885684,0.04909161831039705,actuator_gain,c15a120662df139ed529a1c7d6ba9b078cca47bc7eb4bbfe9dd74464c976ce23,1,circle
actuator_gain_l6,-0.001336625740539138,-0.013240375237231053,-0.025390937179327028,-0.008963619314842665,True,0.020193120187996814,preview,0.05455096696691397,0.1308842226862907,0.05728878471163137,6,0.018856494447457676,ThreadedAsync,0.04131059172968292,0.10549328550696369,0.0483251653967887,actuator_gain,c15a120662df139ed529a1c7d6ba9b078cca47bc7eb4bbfe9dd74464c976ce23,2,circle
actuator_gain_l6,-0.0014182877350687496,-0.013164995813600706,-0.0199449710547924,-0.008462135711510083,True,0.020193120187996814,preview,0.05455096696691397,0.1308842226862907,0.05728878471163137,6,0.018774832452928065,ThreadedAsync,0.041385971153313265,0.11093925163149831,0.048826649000121285,actuator_gain,c15a120662df139ed529a1c7d6ba9b078cca47bc7eb4bbfe9dd74464c976ce23,3,circle
actuator_gain_l6,-0.0006720669685006571,-0.01345481236568688,-0.019323297590017316,-0.007379373039388744,True,0.020193120187996814,preview,0.05455096696691397,0.1308842226862907,0.05728878471163137,6,0.019521053219496157,ThreadedAsync,0.04109615460122709,0.1115609250962734,0.04990941167224262,actuator_gain,c15a120662df139ed529a1c7d6ba9b078cca47bc7eb4bbfe9dd74464c976ce23,4,circle
force_pulse_l3,-0.002324156531133518,-0.016147274578358437,-0.02465947419404986,-0.00929115610826041,True,0.012153224319647696,preview,0.03640114463171413,0.07413697764277458,0.03289703214577619,3,0.009829067788514178,IdealZeroDelay,0.02025387005335569,0.049477503448724716,0.02360587603751578,force_pulse,c15a120662df139ed529a1c7d6ba9b078cca47bc7eb4bbfe9dd74464c976ce23,0,circle
force_pulse_l3,-0.0005614867169770645,-0.011134024169936297,-0.011143496632575994,-0.0037689742979570527,True,0.012153224319647696,preview,0.03640114463171413,0.07413697764277458,0.03289703214577619,3,0.011591737602670632,IdealZeroDelay,0.025267120461777832,0.06299348101019858,0.029128057847819137,force_pulse,c15a120662df139ed529a1c7d6ba9b078cca47bc7eb4bbfe9dd74464c976ce23,1,circle
force_pulse_l3,0.0006737423942841433,-0.00882728142164067,-0.01895336769521249,-0.0024304138787117104,True,0.012153224319647696,preview,0.03640114463171413,0.07413697764277458,0.03289703214577619,3,0.01282696671393184,IdealZeroDelay,0.02757386321007346,0.055183609947562086,0.03046661826706448,force_pulse,c15a120662df139ed529a1c7d6ba9b078cca47bc7eb4bbfe9dd74464c976ce23,2,circle
force_pulse_l3,-0.000382074584227534,-0.012186252217983685,-0.023109977319836626,-0.005585350529715177,True,0.012153224319647696,preview,0.03640114463171413,0.07413697764277458,0.03289703214577619,3,0.011771149735420162,IdealZeroDelay,0.024214892413730444,0.05102700032293795,0.027311681616061012,force_pulse,c15a120662df139ed529a1c7d6ba9b078cca47bc7eb4bbfe9dd74464c976ce23,3,circle
force_pulse_l3,-0.0020901481922861523,-0.015454901929652872,-0.027390475943684586,-0.00863835313430723,True,0.012153224319647696,preview,0.03640114463171413,0.07413697764277458,0.03289703214577619,3,0.010063076127361544,IdealZeroDelay,0.020946242702061257,0.04674650169908999,0.02425867901146896,force_pulse,c15a120662df139ed529a1c7d6ba9b078cca47bc7eb4bbfe9dd74464c976ce23,4,circle
force_pulse_l3,0.05348512907015888,0.10994712719338207,0.06325223818421347,0.03920785746011356,True,0.012153224319647696,preview,0.03640114463171413,0.07413697764277458,0.03289703214577619,3,0.06563835338980657,NaiveDelayed,0.1463482718250962,0.13738921582698804,0.07210488960588975,force_pulse,c15a120662df139ed529a1c7d6ba9b078cca47bc7eb4bbfe9dd74464c976ce23,0,circle
force_pulse_l3,0.08265104783858922,0.15466315600368333,0.06534128412604331,0.040922829996241625,True,0.012153224319647696,preview,0.03640114463171413,0.07413697764277458,0.03289703214577619,3,0.09480427215823692,NaiveDelayed,0.19106430063539745,0.1394782617688179,0.07381986214201781,force_pulse,c15a120662df139ed529a1c7d6ba9b078cca47bc7eb4bbfe9dd74464c976ce23,1,circle
force_pulse_l3,0.07031262601290263,0.16085383735251882,0.060861135274171835,0.033178436368816025,True,0.012153224319647696,preview,0.03640114463171413,0.07413697764277458,0.03289703214577619,3,0.08246585033255033,NaiveDelayed,0.19725498198423294,0.1349981129169464,0.06607546851459221,force_pulse,c15a120662df139ed529a1c7d6ba9b078cca47bc7eb4bbfe9dd74464c976ce23,2,circle
force_pulse_l3,0.08237529804521136,0.16983711398339724,0.05161214694380756,0.03623037967502939,True,0.012153224319647696,preview,0.03640114463171413,0.07413697764277458,0.03289703214577619,3,0.09452852236485906,NaiveDelayed,0.20623825861511136,0.12574912458658213,0.06912741182080558,force_pulse,c15a120662df139ed529a1c7d6ba9b078cca47bc7eb4bbfe9dd74464c976ce23,3,circle
force_pulse_l3,0.07684785465257866,0.16143781798680473,0.07322349473834033,0.0428937086545418,True,0.012153224319647696,preview,0.03640114463171413,0.07413697764277458,0.03289703214577619,3,0.08900107897222637,NaiveDelayed,0.19783896261851885,0.1473604723811149,0.07579074080031799,force_pulse,c15a120662df139ed529a1c7d6ba9b078cca47bc7eb4bbfe9dd74464c976ce23,4,circle
force_pulse_l3,0.0001329184967499633,-0.009900827464243978,-0.012403262779116651,-0.0032523123774888738,True,0.012153224319647696,preview,0.03640114463171413,0.07413697764277458,0.03289703214577619,3,0.01228614281639766,VirtualDelayAware,0.02650031716747015,0.061733714863657925,0.029644719768287316,force_pulse,c15a120662df139ed529a1c7d6ba9b078cca47bc7eb4bbfe9dd74464c976ce23,0,circle
force_pulse_l3,-0.0008860472786585225,-0.011561385715244527,-0.018371155485510833,-0.0058415527452378505,True,0.012153224319647696,preview,0.03640114463171413,0.07413697764277458,0.03289703214577619,3,0.011267177040989174,VirtualDelayAware,0.0248397589164696,0.05576582215726374,0.02705547940053834,force_pulse,c15a120662df139ed529a1c7d6ba9b078cca47bc7eb4bbfe9dd74464c976ce23,1,circle
force_pulse_l3,0.0030610384705388044,-0.003631795064238101,-0.009370063990354532,0.0019877998539065966,True,0.012153224319647696,preview,0.03640114463171413,0.07413697764277458,0.03289703214577619,3,0.0152142627901865,VirtualDelayAware,0.03276934956747603,0.06476691365242004,0.034884831999682786,force_pulse,c15a120662df139ed529a1c7d6ba9b078cca47bc7eb4bbfe9dd74464c976ce23,2,circle
force_pulse_l3,-0.0010211387770297786,-0.012704064607340429,-0.021759535744786264,-0.0060261896804732346,True,0.012153224319647696,preview,0.03640114463171413,0.07413697764277458,0.03289703214577619,3,0.011132085542617918,VirtualDelayAware,0.0236970800243737,0.05237744189798831,0.026870842465302955,force_pulse,c15a120662df139ed529a1c7d6ba9b078cca47bc7eb4bbfe9dd74464c976ce23,3,circle
force_pulse_l3,-0.0010499816599443199,-0.012279619922804044,-0.020330727845430385,-0.00624210227522275,True,0.012153224319647696,preview,0.03640114463171413,0.07413697764277458,0.03289703214577619,3,0.011103242659703376,VirtualDelayAware,0.024121524708910085,0.05380624979734419,0.02665492987055344,force_pulse,c15a120662df139ed529a1c7d6ba9b078cca47bc7eb4bbfe9dd74464c976ce23,4,circle
force_pulse_l3,-0.0020426697130463585,-0.014108413367778655,-0.025179246068000788,-0.007580236081397976,True,0.012153224319647696,preview,0.03640114463171413,0.07413697764277458,0.03289703214577619,3,0.010110554606601338,ThreadedAsync,0.022292731263935474,0.04895773157477379,0.025316796064378214,force_pulse,c15a120662df139ed529a1c7d6ba9b078cca47bc7eb4bbfe9dd74464c976ce23,0,circle
force_pulse_l3,-0.0005044684863332698,-0.011620336771854364,-0.02070125043392182,-0.004265166451207971,True,0.012153224319647696,preview,0.03640114463171413,0.07413697764277458,0.03289703214577619,3,0.011648755833314426,ThreadedAsync,0.024780807859859765,0.05343572720885276,0.02863186569456822,force_pulse,c15a120662df139ed529a1c7d6ba9b078cca47bc7eb4bbfe9dd74464c976ce23,1,circle
force_pulse_l3,-0.0013536215050751494,-0.013762335568570008,-0.01790361255407337,-0.006303787022624515,True,0.012153224319647696,preview,0.03640114463171413,0.07413697764277458,0.03289703214577619,3,0.010799602814572547,ThreadedAsync,0.02263880906314412,0.05623336508870121,0.026593245123151674,force_pulse,c15a120662df139ed529a1c7d6ba9b078cca47bc7eb4bbfe9dd74464c976ce23,2,circle
force_pulse_l3,0.002452227581723393,-0.004874513501712495,-0.008652587234973919,0.0009301561232529926,True,0.012153224319647696,preview,0.03640114463171413,0.07413697764277458,0.03289703214577619,3,0.014605451901371089,ThreadedAsync,0.031526631130001634,0.06548439040780066,0.03382718826902918,force_pulse,c15a120662df139ed529a1c7d6ba9b078cca47bc7eb4bbfe9dd74464c976ce23,3,circle
force_pulse_l3,-0.0004753693537439957,-0.011723826222703352,-0.011913315951824231,-0.003904189647771745,True,0.012153224319647696,preview,0.03640114463171413,0.07413697764277458,0.03289703214577619,3,0.0116778549659037,ThreadedAsync,0.024677318409010777,0.062223661690950345,0.028992842498004445,force_pulse,c15a120662df139ed529a1c7d6ba9b078cca47bc7eb4bbfe9dd74464c976ce23,4,circle
force_pulse_l6,-0.0020062587494592415,-0.015137553846385005,-0.02682275846600532,-0.008832591733076229,True,0.012892031705219872,preview,0.03785248547384807,0.07811303958296774,0.03472546294249313,6,0.01088577295576063,IdealZeroDelay,0.022714931627463065,0.05129028111696242,0.025892871209416902,force_pulse,c15a120662df139ed529a1c7d6ba9b078cca47bc7eb4bbfe9dd74464c976ce23,0,circle
force_pulse_l6,0.0013044061142871172,-0.006868612005287367,-0.0018525823950767961,0.0004658735934730332,True,0.012892031705219872,preview,0.03785248547384807,0.07811303958296774,0.03472546294249313,6,0.01419643781950699,IdealZeroDelay,0.030983873468560703,0.07626045718789094,0.035191336535966164,force_pulse,c15a120662df139ed529a1c7d6ba9b078cca47bc7eb4bbfe9dd74464c976ce23,1,circle
force_pulse_l6,0.0001766697060804675,-0.010494136763073099,-0.021375266835093505,-0.004214587454187721,True,0.012892031705219872,preview,0.03785248547384807,0.07811303958296774,0.03472546294249313,6,0.01306870141130034,IdealZeroDelay,0.02735834871077497,0.056737772747874234,0.03051087548830541,force_pulse,c15a120662df139ed529a1c7d6ba9b078cca47bc7eb4bbfe9dd74464c976ce23,2,circle
force_pulse_l6,0.0014123257876699873,-0.006978904318547908,-0.014078409224748609,-0.0001024080310155634,True,0.012892031705219872,preview,0.03785248547384807,0.07811303958296774,0.03472546294249313,6,0.01430435749288986,IdealZeroDelay,0.030873581155300162,0.06403463035821913,0.03462305491147757,force_pulse,c15a120662df139ed529a1c7d6ba9b078cca47bc7eb4bbfe9dd74464c976ce23,3,circle
force_pulse_l6,-0.0012918681350324018,-0.013018273164294714,-0.02064108215272427,-0.006746161098149222,True,0.012892031705219872,preview,0.03785248547384807,0.07811303958296774,0.03472546294249313,6,0.01160016357018747,IdealZeroDelay,0.024834212309553357,0.05747195743024347,0.02797930184434391,force_pulse,c15a120662df139ed529a1c7d6ba9b078cca47bc7eb4bbfe9dd74464c976ce23,4,circle
force_pulse_l6,0.053116088564456064,0.11443852126196563,0.059796492010354876,0.03549716278438326,True,0.012892031705219872,preview,0.03785248547384807,0.07811303958296774,0.03472546294249313,6,0.06600812026967594,NaiveDelayed,0.1522910067358137,0.13790953159332262,0.07022262572687639,force_pulse,c15a120662df139ed529a1c7d6ba9b078cca47bc7eb4bbfe9dd74464c976ce23,0,circle
force_pulse_l6,0.08010014543251434,0.16311533020758748,0.08034770712256421,0.044676292024579144,True,0.012892031705219872,preview,0.03785248547384807,0.07811303958296774,0.03472546294249313,6,0.09299217713773421,NaiveDelayed,0.20096781568143554,0.15846074670553195,0.07940175496707227,force_pulse,c15a120662df139ed529a1c7d6ba9b078cca47bc7eb4bbfe9dd74464c976ce23,1,circle
force_pulse_l6,0.0720661670027756,0.16843427429084296,0.06136426106095312,0.03588316233041811,True,0.012892031705219872,preview,0.03785248547384807,0.07811303958296774,0.03472546294249313,6,0.08495819870799547,NaiveDelayed,0.20628675976469102,0.13947730064392086,0.07060862527291124,force_pulse,c15a120662df139ed529a1c7d6ba9b078cca47bc7eb4bbfe9dd74464c976ce23,2,circle
force_pulse_l6,0.09035310533328215,0.1846296060853586,0.05996265932917584,0.03575825246791168,True,0.012892031705219872,preview,0.03785248547384807,0.07811303958296774,0.03472546294249313,6,0.10324513703850202,NaiveDelayed,0.22248209155920667,0.13807569891214358,0.07048371541040481,force_pulse,c15a120662df139ed529a1c7d6ba9b078cca47bc7eb4bbfe9dd74464c976ce23,3,circle
force_pulse_l6,0.07748856619333118,0.1611838083075826,0.07242911681532861,0.043100017196663475,True,0.012892031705219872,preview,0.03785248547384807,0.07811303958296774,0.03472546294249313,6,0.09038059789855105,NaiveDelayed,0.19903629378143067,0.15054215639829635,0.0778254801391566,force_pulse,c15a120662df139ed529a1c7d6ba9b078cca47bc7eb4bbfe9dd74464c976ce23,4,circle
force_pulse_l6,-0.000880841699894731,-0.010780213986046863,-0.012228514999151216,-0.005119089137689849,True,0.012892031705219872,preview,0.03785248547384807,0.07811303958296774,0.03472546294249313,6,0.012011190005325141,VirtualDelayAware,0.027072271487801208,0.06588452458381652,0.02960637380480328,force_pulse,c15a120662df139ed529a1c7d6ba9b078cca47bc7eb4bbfe9dd74464c976ce23,0,circle
force_pulse_l6,0.0020252542808388042,-0.004008556833670483,-0.014843735098838892,-0.0003840734366234652,True,0.012892031705219872,preview,0.03785248547384807,0.07811303958296774,0.03472546294249313,6,0.014917285986058676,VirtualDelayAware,0.03384392864017759,0.06326930448412885,0.034341389505869666,force_pulse,c15a120662df139ed529a1c7d6ba9b078cca47bc7eb4bbfe9dd74464c976ce23,1,circle
force_pulse_l6,0.005001949687591231,0.0014319848920254855,-0.0035231798887252613,0.006541322308745698,True,0.012892031705219872,preview,0.03785248547384807,0.07811303958296774,0.03472546294249313,6,0.017893981392811103,VirtualDelayAware,0.039284470365873556,0.07458985969424248,0.04126678525123883,force_pulse,c15a120662df139ed529a1c7d6ba9b078cca47bc7eb4bbfe9dd74464c976ce23,2,circle
force_pulse_l6,-0.0005905067182304276,-0.011631419945112114,-0.019634883850812912,-0.004892415107952085,True,0.012892031705219872,preview,0.03785248547384807,0.07811303958296774,0.03472546294249313,6,0.012301524986989444,VirtualDelayAware,0.026221065528735956,0.05847815573215483,0.029833047834541045,force_pulse,c15a120662df139ed529a1c7d6ba9b078cca47bc7eb4bbfe9dd74464c976ce23,3,circle
force_pulse_l6,-0.001465910382019018,-0.011761284686157874,-0.02188833914697169,-0.00681368060176293,True,0.012892031705219872,preview,0.03785248547384807,0.07811303958296774,0.03472546294249313,6,0.011426121323200854,VirtualDelayAware,0.026091200787690196,0.05622470043599605,0.0279117823407302,force_pulse,c15a120662df139ed529a1c7d6ba9b078cca47bc7eb4bbfe9dd74464c976ce23,4,circle
force_pulse_l6,-0.0011836377528749841,-0.01229107219739629,-0.013250663131475465,-0.0059370356515907954,True,0.012892031705219872,preview,0.03785248547384807,0.07811303958296774,0.03472546294249313,6,0.011708393952344888,ThreadedAsync,0.02556141327645178,0.06486237645149227,0.028788427290902335,force_pulse,c15a120662df139ed529a1c7d6ba9b078cca47bc7eb4bbfe9dd74464c976ce23,0,circle
force_pulse_l6,-0.0012416067150064977,-0.013217977143903863,-0.020586057007312808,-0.006245410952322689,True,0.012892031705219872,preview,0.03785248547384807,0.07811303958296774,0.03472546294249313,6,0.011650424990213374,ThreadedAsync,0.024634508329944207,0.05752698257565493,0.02848005199017044,force_pulse,c15a120662df139ed529a1c7d6ba9b078cca47bc7eb4bbfe9dd74464c976ce23,1,circle
force_pulse_l6,-0.00117188087184035,-0.011829157997416014,-0.02222501710057257,-0.006064695950925583,True,0.012892031705219872,preview,0.03785248547384807,0.07811303958296774,0.03472546294249313,6,0.011720150833379522,ThreadedAsync,0.026023327476432056,0.05588802248239517,0.028660766991567548,force_pulse,c15a120662df139ed529a1c7d6ba9b078cca47bc7eb4bbfe9dd74464c976ce23,2,circle
force_pulse_l6,-0.0011992008100166589,-0.012429359382003107,-0.015919698029756527,-0.005497183550150289,True,0.012892031705219872,preview,0.03785248547384807,0.07811303958296774,0.03472546294249313,6,0.011692830895203213,ThreadedAsync,0.025423126091844963,0.06219334155321121,0.02922827939234284,force_pulse,c15a120662df139ed529a1c7d6ba9b078cca47bc7eb4bbfe9dd74464c976ce23,3,circle
force_pulse_l6,-0.0014429237494046933,-0.01282274848067897,-0.023800873756408672,-0.006417629178342082,True,0.012892031705219872,preview,0.03785248547384807,0.07811303958296774,0.03472546294249313,6,0.011449107955815179,ThreadedAsync,0.0250297369931691,0.05431216582655907,0.02830783376415105,force_pulse,c15a120662df139ed529a1c7d6ba9b078cca47bc7eb4bbfe9dd74464c976ce23,4,circle
nominal,-0.002130206339577766,-0.015604241716165323,-0.026513013616204256,-0.008930125388088381,True,0.012235345914788963,preview,0.03662201644947683,0.07413697764277458,0.03314213574014842,0,0.010105139575211197,IdealZeroDelay,0.021017774733311508,0.04762396402657032,0.024212010352060036,nominal,c15a120662df139ed529a1c7d6ba9b078cca47bc7eb4bbfe9dd74464c976ce23,0,circle
nominal,-0.0010418847535928442,-0.012494895989705906,-0.019602388516068478,-0.005189985454339203,True,0.012235345914788963,preview,0.03662201644947683,0.07413697764277458,0.03314213574014842,0,0.011193461161196119,IdealZeroDelay,0.024127120459770925,0.0545345891267061,0.027952150285809215,nominal,c15a120662df139ed529a1c7d6ba9b078cca47bc7eb4bbfe9dd74464c976ce23,1,circle
nominal,0.00044585082131015294,-0.009662271395228062,-0.015299002081155803,-0.002618420315229922,True,0.012235345914788963,preview,0.03662201644947683,0.07413697764277458,0.03314213574014842,0,0.012681196736099116,IdealZeroDelay,0.02695974505424877,0.05883797556161877,0.030523715424918496,nominal,c15a120662df139ed529a1c7d6ba9b078cca47bc7eb4bbfe9dd74464c976ce23,2,circle
nominal,-0.0002875850651848002,-0.012206579637931494,-0.02027781642973428,-0.005179485792403068,True,0.012235345914788963,preview,0.03662201644947683,0.07413697764277458,0.03314213574014842,0,0.011947760849604163,IdealZeroDelay,0.024415436811545337,0.053859161213040296,0.02796264994774535,nominal,c15a120662df139ed529a1c7d6ba9b078cca47bc7eb4bbfe9dd74464c976ce23,3,circle
nominal,-0.0014614374258393806,-0.013642294669421063,-0.02289746068418027,-0.006592709886281967,True,0.012235345914788963,preview,0.03662201644947683,0.07413697764277458,0.03314213574014842,0,0.010773908488949583,IdealZeroDelay,0.022979721780055768,0.05123951695859431,0.02654942585386645,nominal,c15a120662df139ed529a1c7d6ba9b078cca47bc7eb4bbfe9dd74464c976ce23,4,circle
nominal,0.05293233522996192,0.11497783302962222,0.05420521870255468,0.03505486616728215,True,0.012235345914788963,preview,0.03662201644947683,0.07413697764277458,0.03314213574014842,0,0.06516768114475088,NaiveDelayed,0.15159984947909905,0.12834219634532926,0.06819700190743057,nominal,c15a120662df139ed529a1c7d6ba9b078cca47bc7eb4bbfe9dd74464c976ce23,0,circle
nominal,0.08254987509571964,0.1610101543248635,0.06358677521347988,0.03699459697865841,True,0.012235345914788963,preview,0.03662201644947683,0.07413697764277458,0.03314213574014842,0,0.0947852210105086,NaiveDelayed,0.19763217077434034,0.13772375285625446,0.07013673271880683,nominal,c15a120662df139ed529a1c7d6ba9b078cca47bc7eb4bbfe9dd74464c976ce23,1,circle
nominal,0.07092949458533157,0.16379598834923825,0.044655086845159536,0.029244037565530956,True,0.012235345914788963,preview,0.03662201644947683,0.07413697764277458,0.03314213574014842,0,0.08316484050012053,NaiveDelayed,0.20041800479871508,0.11879206448793411,0.062386173305679374,nominal,c15a120662df139ed529a1c7d6ba9b078cca47bc7eb4bbfe9dd74464c976ce23,2,circle
nominal,0.08421654027618894,0.17108933260984577,0.07190665230154983,0.04059013021536033,True,0.012235345914788963,preview,0.03662201644947683,0.07413697764277458,0.03314213574014842,0,0.0964518861909779,NaiveDelayed,0.2077113490593226,0.1460436299443244,0.07373226595550875,nominal,c15a120662df139ed529a1c7d6ba9b078cca47bc7eb4bbfe9dd74464c976ce23,3,circle
nominal,0.0775995433542986,0.16116931740849758,0.05897683426737779,0.039369865507471555,True,0.012235345914788963,preview,0.03662201644947683,0.07413697764277458,0.03314213574014842,0,0.08983488926908756,NaiveDelayed,0.1977913338579744,0.13311381191015237,0.07251200124761997,nominal,c15a120662df139ed529a1c7d6ba9b078cca47bc7eb4bbfe9dd74464c976ce23,4,circle
nominal,0.0008105559365803403,-0.008099894265703015,-0.007493706047534937,-0.0010680125101413945,True,0.012235345914788963,preview,0.03662201644947683,0.07413697764277458,0.03314213574014842,0,0.013045901851369304,VirtualDelayAware,0.028522122183773816,0.06664327159523964,0.03207412323000702,nominal,c15a120662df139ed529a1c7d6ba9b078cca47bc7eb4bbfe9dd74464c976ce23,0,circle
nominal,-0.0013361544939411614,-0.01227182343721334,-0.01988759934902192,-0.00716529100175569,True,0.012235345914788963,preview,0.03662201644947683,0.07413697764277458,0.03314213574014842,0,0.010899191420847802,VirtualDelayAware,0.02435019301226349,0.054249378293752655,0.025976844738392728,nominal,c15a120662df139ed529a1c7d6ba9b078cca47bc7eb4bbfe9dd74464c976ce23,1,circle
nominal,0.002749730671470052,-0.0042989655158765586,-0.00904848799109459,0.0017735534309767306,True,0.012235345914788963,preview,0.03662201644947683,0.07413697764277458,0.03314213574014842,0,0.014985076586259015,VirtualDelayAware,0.03232305093360027,0.06508848965167999,0.03491568917112515,nominal,c15a120662df139ed529a1c7d6ba9b078cca47bc7eb4bbfe9dd74464c976ce23,2,circle
nominal,-0.0010054071770851172,-0.012283327993909313,-0.022793632000684738,-0.006145817837602402,True,0.012235345914788963,preview,0.03662201644947683,0.07413697764277458,0.03314213574014842,0,0.011229938737703846,VirtualDelayAware,0.02433868845556752,0.05134334564208984,0.026996317902546016,nominal,c15a120662df139ed529a1c7d6ba9b078cca47bc7eb4bbfe9dd74464c976ce23,3,circle
nominal,-0.0009351922914245022,-0.012561484709237316,-0.021174110099673293,-0.0066331696916623155,True,0.012235345914788963,preview,0.03662201644947683,0.07413697764277458,0.03314213574014842,0,0.011300153623364461,VirtualDelayAware,0.024060531740239515,0.05296286754310128,0.026508966048486102,nominal,c15a120662df139ed529a1c7d6ba9b078cca47bc7eb4bbfe9dd74464c976ce23,4,circle
nominal,0.00028484063917407106,-0.009920293993545527,-0.01223363615572453,-0.003437499802158059,True,0.012235345914788963,preview,0.03662201644947683,0.07413697764277458,0.03314213574014842,0,0.012520186553963034,ThreadedAsync,0.026701722455931304,0.06190334148705005,0.02970463593799036,nominal,c15a120662df139ed529a1c7d6ba9b078cca47bc7eb4bbfe9dd74464c976ce23,0,circle
nominal,-0.0009122309487601937,-0.012802883043269687,-0.015305339917540559,-0.005357540616790495,True,0.012235345914788963,preview,0.03662201644947683,0.07413697764277458,0.03314213574014842,0,0.01132311496602877,ThreadedAsync,0.023819133406207144,0.05883163772523402,0.027784595123357923,nominal,c15a120662df139ed529a1c7d6ba9b078cca47bc7eb4bbfe9dd74464c976ce23,1,circle
nominal,-0.00036065479838093446,-0.01162310718139489,-0.009556567668914814,-0.0037180684168117047,True,0.012235345914788963,preview,0.03662201644947683,0.07413697764277458,0.03314213574014842,0,0.011874691116408029,ThreadedAsync,0.024998909268081942,0.06458040997385976,0.029424067323336713,nominal,c15a120662df139ed529a1c7d6ba9b078cca47bc7eb4bbfe9dd74464c976ce23,2,circle
nominal,-0.0009980486344408623,-0.011614939563236906,-0.011502631008625044,-0.004864654841704518,True,0.012235345914788963,preview,0.03662201644947683,0.07413697764277458,0.03314213574014842,0,0.011237297280348101,ThreadedAsync,0.025007076886239925,0.06263434663414953,0.0282774808984439,nominal,c15a120662df139ed529a1c7d6ba9b078cca47bc7eb4bbfe9dd74464c976ce23,3,circle
nominal,-0.0013194491161373726,-0.0130321373244098,-0.019082321971654895,-0.006326106043336693,True,0.012235345914788963,preview,0.03662201644947683,0.07413697764277458,0.03314213574014842,0,0.01091589679865159,ThreadedAsync,0.02358987912506703,0.05505465567111968,0.026816029696811725,nominal,c15a120662df139ed529a1c7d6ba9b078cca47bc7eb4bbfe9dd74464c976ce23,4,circle
observation_noise_l3,-0.0004316323938174608,-0.011289732449191531,-0.022574871033430144,-0.005655695140546431,True,0.012235345914788963,preview,0.03662201644947683,0.07413697764277458,0.03314213574014842,3,0.011803713520971502,IdealZeroDelay,0.0253322840002853,0.05156210660934443,0.027486440599601987,observation_noise,c15a120662df139ed529a1c7d6ba9b078cca47bc7eb4bbfe9dd74464c976ce23,0,circle
observation_noise_l3,-0.0008540147591972018,-0.012467103258287468,-0.022629636153578762,-0.0065804697061745375,True,0.012235345914788963,preview,0.03662201644947683,0.07413697764277458,0.03314213574014842,3,0.011381331155591761,IdealZeroDelay,0.024154913191189363,0.051507341489195814,0.02656166603397388,observation_noise,c15a120662df139ed529a1c7d6ba9b078cca47bc7eb4bbfe9dd74464c976ce23,1,circle
observation_noise_l3,0.0023723663575326535,-0.004725210406657382,-0.008273906260728867,0.001434979588328368,True,0.012235345914788963,preview,0.03662201644947683,0.07413697764277458,0.03314213574014842,3,0.014607712272321617,IdealZeroDelay,0.03189680604281945,0.06586307138204571,0.034577115328476786,observation_noise,c15a120662df139ed529a1c7d6ba9b078cca47bc7eb4bbfe9dd74464c976ce23,2,circle
observation_noise_l3,-0.0010622063371517592,-0.01365798372280037,-0.017605777829885587,-0.006261879665495386,True,0.012235345914788963,preview,0.03662201644947683,0.07413697764277458,0.03314213574014842,3,0.011173139577637204,IdealZeroDelay,0.02296403272667646,0.05653119981288899,0.026880256074653032,observation_noise,c15a120662df139ed529a1c7d6ba9b078cca47bc7eb4bbfe9dd74464c976ce23,3,circle
observation_noise_l3,0.0010451127285241169,-0.009099634098238024,-0.017559037357568738,-0.0034049784382137772,True,0.012235345914788963,preview,0.03662201644947683,0.07413697764277458,0.03314213574014842,3,0.01328045864331308,IdealZeroDelay,0.027522382351238807,0.05657794028520584,0.02973715730193464,observation_noise,c15a120662df139ed529a1c7d6ba9b078cca47bc7eb4bbfe9dd74464c976ce23,4,circle
observation_noise_l3,0.07969896375579048,0.16325798924317536,0.07024032846093173,0.03878748083895851,True,0.012235345914788963,preview,0.03662201644947683,0.07413697764277458,0.03314213574014842,3,0.09193430967057944,NaiveDelayed,0.19988000569265219,0.1443773061037063,0.07192961657910693,observation_noise,c15a120662df139ed529a1c7d6ba9b078cca47bc7eb4bbfe9dd74464c976ce23,0,circle
observation_noise_l3,0.0903201488180229,0.1851152969004498,0.08419683054089544,0.043927116336212546,True,0.012235345914788963,preview,0.03662201644947683,0.07413697764277458,0.03314213574014842,3,0.10255549473281186,NaiveDelayed,0.22173731334992663,0.15833380818367002,0.07706925207636096,observation_noise,c15a120662df139ed529a1c7d6ba9b078cca47bc7eb4bbfe9dd74464c976ce23,1,circle
observation_noise_l3,0.06746847494022952,0.13519605287221972,0.06842793896794311,0.0373131391060882,True,0.012235345914788963,preview,0.03662201644947683,0.07413697764277458,0.03314213574014842,3,0.07970382085501848,NaiveDelayed,0.17181806932169655,0.14256491661071768,0.07045527484623662,observation_noise,c15a120662df139ed529a1c7d6ba9b078cca47bc7eb4bbfe9dd74464c976ce23,2,circle
observation_noise_l3,0.06896837791137386,0.1582488038221885,0.06558786705136294,0.03476356562716354,True,0.012235345914788963,preview,0.03662201644947683,0.07413697764277458,0.03314213574014842,3,0.08120372382616282,NaiveDelayed,0.19487082027166533,0.1397248446941375,0.06790570136731196,observation_noise,c15a120662df139ed529a1c7d6ba9b078cca47bc7eb4bbfe9dd74464c976ce23,3,circle
observation_noise_l3,0.08540129290593891,0.16248964728699986,0.06808322891592977,0.0359484363920938,True,0.012235345914788963,preview,0.03662201644947683,0.07413697764277458,0.03314213574014842,3,0.09763663882072787,NaiveDelayed,0.19911166373647668,0.14222020655870435,0.06909057213224222,observation_noise,c15a120662df139ed529a1c7d6ba9b078cca47bc7eb4bbfe9dd74464c976ce23,4,circle
observation_noise_l3,0.0008486169165201393,-0.009068996622412253,-0.013532760739326612,-0.002192859988500006,True,0.012235345914788963,preview,0.03662201644947683,0.07413697764277458,0.03314213574014842,3,0.013083962831309102,VirtualDelayAware,0.027553019827064578,0.060604216903447965,0.030949275751648412,observation_noise,c15a120662df139ed529a1c7d6ba9b078cca47bc7eb4bbfe9dd74464c976ce23,0,circle
observation_noise_l3,0.00011701475835550375,-0.010340607321803693,-0.022515629976987854,-0.004637102717245323,True,0.012235345914788963,preview,0.03662201644947683,0.07413697764277458,0.03314213574014842,3,0.012352360673144467,VirtualDelayAware,0.026281409127673138,0.05162134766578672,0.028505033022903095,observation_noise,c15a120662df139ed529a1c7d6ba9b078cca47bc7eb4bbfe9dd74464c976ce23,1,circle
observation_noise_l3,-0.0008613605845379756,-0.011409040523043503,-0.018578718230128313,-0.00551729922119349,True,0.012235345914788963,preview,0.03662201644947683,0.07413697764277458,0.03314213574014842,3,0.011373985330250988,VirtualDelayAware,0.025212975926433328,0.05555825941264626,0.027624836518954927,observation_noise,c15a120662df139ed529a1c7d6ba9b078cca47bc7eb4bbfe9dd74464c976ce23,2,circle
observation_noise_l3,0.0008164397028530088,-0.008605072672002216,-0.021367796882987032,-0.0037872371504641747,True,0.012235345914788963,preview,0.03662201644947683,0.07413697764277458,0.03314213574014842,3,0.013051785617641972,VirtualDelayAware,0.028016943777474615,0.052769180759787544,0.029354898589684243,observation_noise,c15a120662df139ed529a1c7d6ba9b078cca47bc7eb4bbfe9dd74464c976ce23,3,circle
observation_noise_l3,-0.0012788954871475553,-0.01285858823735109,-0.022357370704412474,-0.006652029372524661,True,0.012235345914788963,preview,0.03662201644947683,0.07413697764277458,0.03314213574014842,3,0.010956450427641408,VirtualDelayAware,0.02376342821212574,0.0517796069383621,0.026490106367623757,observation_noise,c15a120662df139ed529a1c7d6ba9b078cca47bc7eb4bbfe9dd74464c976ce23,4,circle
observation_noise_l3,0.0023483596674132613,-0.0031046911542239944,-0.0034900911152363073,0.003312061954899366,True,0.012235345914788963,preview,0.03662201644947683,0.07413697764277458,0.03314213574014842,3,0.014583705582202225,ThreadedAsync,0.03351732529525284,0.07064688652753827,0.036454197695047784,observation_noise,c15a120662df139ed529a1c7d6ba9b078cca47bc7eb4bbfe9dd74464c976ce23,0,circle
observation_noise_l3,0.00036567773458709256,-0.008450326734078348,-0.0005898080766201519,-0.0008525711342635411,True,0.012235345914788963,preview,0.03662201644947683,0.07413697764277458,0.03314213574014842,3,0.012601023649376056,ThreadedAsync,0.028171689715398483,0.07354716956615442,0.03228956460588488,observation_noise,c15a120662df139ed529a1c7d6ba9b078cca47bc7eb4bbfe9dd74464c976ce23,1,circle
observation_noise_l3,0.0008252004533435275,-0.00704414316191564,-0.004713463038206106,3.549783875671231e-05,True,0.012235345914788963,preview,0.03662201644947683,0.07413697764277458,0.03314213574014842,3,0.01306054636813249,ThreadedAsync,0.02957787328756119,0.06942351460456847,0.03317763357890513,observation_noise,c15a120662df139ed529a1c7d6ba9b078cca47bc7eb4bbfe9dd74464c976ce23,2,circle
observation_noise_l3,0.00048484585446126327,-0.007702671243283391,-0.009577775746584014,-0.0017782546463698604,True,0.012235345914788963,preview,0.03662201644947683,0.07413697764277458,0.03314213574014842,3,0.012720191769250227,ThreadedAsync,0.02891934520619344,0.06455920189619056,0.03136388109377856,observation_noise,c15a120662df139ed529a1c7d6ba9b078cca47bc7eb4bbfe9dd74464c976ce23,3,circle
observation_noise_l3,0.0008696571990272264,-0.007062244050577485,-0.0070312857627868736,-0.00035934220393764316,True,0.012235345914788963,preview,0.03662201644947683,0.07413697764277458,0.03314213574014842,3,0.01310500311381619,ThreadedAsync,0.029559772398899346,0.0671056918799877,0.032782793536210775,observation_noise,c15a120662df139ed529a1c7d6ba9b078cca47bc7eb4bbfe9dd74464c976ce23,4,circle
observation_noise_l6,0.002359009398963439,-0.00462425538958585,-0.008503603935241716,0.0017168041857826624,True,0.012235345914788963,preview,0.03662201644947683,0.07413697764277458,0.03314213574014842,6,0.014594355313752402,IdealZeroDelay,0.03199776105989098,0.06563337370753286,0.03485893992593108,observation_noise,c15a120662df139ed529a1c7d6ba9b078cca47bc7eb4bbfe9dd74464c976ce23,0,circle
observation_noise_l6,0.003827216181312437,-0.0032997862172361517,-0.0029540039598942025,0.003050237668730041,True,0.012235345914788963,preview,0.03662201644947683,0.07413697764277458,0.03314213574014842,6,0.0160625620961014,IdealZeroDelay,0.03332223023224068,0.07118297368288037,0.03619237340887846,observation_noise,c15a120662df139ed529a1c7d6ba9b078cca47bc7eb4bbfe9dd74464c976ce23,1,circle
observation_noise_l6,0.004030327192042134,-0.0021423241879689053,-0.004972845315933283,0.0037376838426700504,True,0.012235345914788963,preview,0.03662201644947683,0.07413697764277458,0.03314213574014842,6,0.016265673106831097,IdealZeroDelay,0.034479692261507926,0.0691641323268413,0.03687981958281847,observation_noise,c15a120662df139ed529a1c7d6ba9b078cca47bc7eb4bbfe9dd74464c976ce23,2,circle
observation_noise_l6,0.003152123351928786,-0.0046867490819366,-0.008541107177734389,0.001741942025726806,True,0.012235345914788963,preview,0.03662201644947683,0.07413697764277458,0.03314213574014842,6,0.01538746926671775,IdealZeroDelay,0.03193526736754023,0.06559587046504019,0.034884077765875224,observation_noise,c15a120662df139ed529a1c7d6ba9b078cca47bc7eb4bbfe9dd74464c976ce23,3,circle
observation_noise_l6,0.003268236374775073,-0.0037891144563945087,-0.009936805069446594,0.0013877730310225336,True,0.012235345914788963,preview,0.03662201644947683,0.07413697764277458,0.03314213574014842,6,0.015503582289564036,IdealZeroDelay,0.03283290199308232,0.06420017257332798,0.03452990877117095,observation_noise,c15a120662df139ed529a1c7d6ba9b078cca47bc7eb4bbfe9dd74464c976ce23,4,circle
observation_noise_l6,0.08375931551048633,0.1783986469983607,0.08081607446074479,0.041592709738319564,True,0.012235345914788963,preview,0.03662201644947683,0.07413697764277458,0.03314213574014842,6,0.0959946614252753,NaiveDelayed,0.21502066344783752,0.15495305210351937,0.07473484547846798,observation_noise,c15a120662df139ed529a1c7d6ba9b078cca47bc7eb4bbfe9dd74464c976ce23,0,circle
observation_noise_l6,0.07068789949422144,0.14672890138302078,0.08769785389304158,0.045079732140458545,True,0.012235345914788963,preview,0.03662201644947683,0.07413697764277458,0.03314213574014842,6,0.0829232454090104,NaiveDelayed,0.1833509178324976,0.16183483153581615,0.07822186788060696,observation_noise,c15a120662df139ed529a1c7d6ba9b078cca47bc7eb4bbfe9dd74464c976ce23,1,circle
observation_noise_l6,0.06628971489380421,0.12460140903785377,0.04246502071619031,0.029360616114850538,True,0.012235345914788963,preview,0.03662201644947683,0.07413697764277458,0.03314213574014842,6,0.07852506080859317,NaiveDelayed,0.1612234254873306,0.11660199835896488,0.06250275185499896,observation_noise,c15a120662df139ed529a1c7d6ba9b078cca47bc7eb4bbfe9dd74464c976ce23,2,circle
observation_noise_l6,0.09108945142328798,0.18830163080070025,0.08236391022801398,0.04373967907114916,True,0.012235345914788963,preview,0.03662201644947683,0.07413697764277458,0.03314213574014842,6,0.10332479733807694,NaiveDelayed,0.22492364725017708,0.15650088787078856,0.07688181481129758,observation_noise,c15a120662df139ed529a1c7d6ba9b078cca47bc7eb4bbfe9dd74464c976ce23,3,circle
observation_noise_l6,0.06876760610393488,0.12256706211421456,0.06409733369946474,0.04143657974704505,True,0.012235345914788963,preview,0.03662201644947683,0.07413697764277458,0.03314213574014842,6,0.08100295201872384,NaiveDelayed,0.15918907856369138,0.13823431134223932,0.07457871548719347,observation_noise,c15a120662df139ed529a1c7d6ba9b078cca47bc7eb4bbfe9dd74464c976ce23,4,circle
observation_noise_l6,0.006714647766363451,0.0037739316489833474,0.0045804515480995095,0.008211254296918422,True,0.012235345914788963,preview,0.03662201644947683,0.07413697764277458,0.03314213574014842,6,0.018949993681152414,VirtualDelayAware,0.04039594809846018,0.07871742919087409,0.04135339003706684,observation_noise,c15a120662df139ed529a1c7d6ba9b078cca47bc7eb4bbfe9dd74464c976ce23,0,circle
observation_noise_l6,0.00221394345455796,-0.005405871659863455,-0.015501809492707248,-0.001577383419916159,True,0.012235345914788963,preview,0.03662201644947683,0.07413697764277458,0.03314213574014842,6,0.014449289369346923,VirtualDelayAware,0.031216144789613376,0.05863516815006733,0.03156475232023226,observation_noise,c15a120662df139ed529a1c7d6ba9b078cca47bc7eb4bbfe9dd74464c976ce23,1,circle
observation_noise_l6,0.003448739990163206,-0.0028854620400613484,-0.008728695660829552,0.0006411529511136452,True,0.012235345914788963,preview,0.03662201644947683,0.07413697764277458,0.03314213574014842,6,0.01568408590495217,VirtualDelayAware,0.03373655440941548,0.06540828198194502,0.03378328869126206,observation_noise,c15a120662df139ed529a1c7d6ba9b078cca47bc7eb4bbfe9dd74464c976ce23,2,circle
observation_noise_l6,0.003201432088958971,-0.002659335459710553,-0.0036551237106323547,0.0027642628854979007,True,0.012235345914788963,preview,0.03662201644947683,0.07413697764277458,0.03314213574014842,6,0.015436778003747934,VirtualDelayAware,0.03396268098976628,0.07048185393214222,0.03590639862564632,observation_noise,c15a120662df139ed529a1c7d6ba9b078cca47bc7eb4bbfe9dd74464c976ce23,3,circle
observation_noise_l6,0.003415225395760819,-0.004101314850740535,-0.005406963825225861,0.0009671335791807123,True,0.012235345914788963,preview,0.03662201644947683,0.07413697764277458,0.03314213574014842,6,0.015650571310549782,VirtualDelayAware,0.032520701598736296,0.06873001381754872,0.03410926931932913,observation_noise,c15a120662df139ed529a1c7d6ba9b078cca47bc7eb4bbfe9dd74464c976ce23,4,circle
observation_noise_l6,0.0022758664266961694,-0.0052517527433668665,-0.011938566714525263,-0.0011035534086333426,True,0.012235345914788963,preview,0.03662201644947683,0.07413697764277458,0.03314213574014842,6,0.014511212341485133,ThreadedAsync,0.031370263706109965,0.06219841092824931,0.032038582331515075,observation_noise,c15a120662df139ed529a1c7d6ba9b078cca47bc7eb4bbfe9dd74464c976ce23,0,circle
observation_noise_l6,0.0039989903125050765,-0.0020954741455644008,-0.0065870016813278365,0.00317998944002678,True,0.012235345914788963,preview,0.03662201644947683,0.07413697764277458,0.03314213574014842,6,0.01623433622729404,ThreadedAsync,0.03452654230391243,0.06754997596144674,0.0363221251801752,observation_noise,c15a120662df139ed529a1c7d6ba9b078cca47bc7eb4bbfe9dd74464c976ce23,1,circle
observation_noise_l6,0.001820800384664296,-0.0058163054736392016,-0.016593138501048092,-0.0006103955492716279,True,0.012235345914788963,preview,0.03662201644947683,0.07413697764277458,0.03314213574014842,6,0.01405614629945326,ThreadedAsync,0.03080571097583763,0.057543839141726484,0.03253174019087679,observation_noise,c15a120662df139ed529a1c7d6ba9b078cca47bc7eb4bbfe9dd74464c976ce23,2,circle
observation_noise_l6,0.004662794105919901,-0.0004370132618974551,-0.005724200606346125,0.003195947858576284,True,0.012235345914788963,preview,0.03662201644947683,0.07413697764277458,0.03314213574014842,6,0.016898140020708864,ThreadedAsync,0.036185003187579376,0.06841277703642845,0.0363380835987247,observation_noise,c15a120662df139ed529a1c7d6ba9b078cca47bc7eb4bbfe9dd74464c976ce23,3,circle
observation_noise_l6,0.004132157998517466,-0.0016193187899471648,-0.0012267388403416346,0.004086762503729226,True,0.012235345914788963,preview,0.03662201644947683,0.07413697764277458,0.03314213574014842,6,0.01636750391330643,ThreadedAsync,0.035002697659529666,0.07291023880243294,0.037228898243877644,observation_noise,c15a120662df139ed529a1c7d6ba9b078cca47bc7eb4bbfe9dd74464c976ce23,4,circle
payload_l3,0.004148480221173822,-0.011857239582817064,0.009333162754774235,0.0017719167815792441,True,0.019102997344783167,preview,0.06458690998022988,0.09317042306065546,0.053113117820214883,3,0.02325147756595699,IdealZeroDelay,0.05272967039741282,0.10250358581542969,0.05488503460179413,payload,c15a120662df139ed529a1c7d6ba9b078cca47bc7eb4bbfe9dd74464c976ce23,0,circle
payload_l3,0.0010306190587691944,-0.01896529655393376,-0.008972846716642266,-0.0065207102627309055,True,0.019102997344783167,preview,0.06458690998022988,0.09317042306065546,0.053113117820214883,3,0.02013361640355236,IdealZeroDelay,0.04562161342629612,0.08419757634401319,0.04659240755748398,payload,c15a120662df139ed529a1c7d6ba9b078cca47bc7eb4bbfe9dd74464c976ce23,1,circle
payload_l3,0.0023891962588544584,-0.01706997673743762,-0.009511882811784611,-0.004707133828533994,True,0.019102997344783167,preview,0.06458690998022988,0.09317042306065546,0.053113117820214883,3,0.021492193603637626,IdealZeroDelay,0.04751693324279226,0.08365854024887084,0.04840598399168089,payload,c15a120662df139ed529a1c7d6ba9b078cca47bc7eb4bbfe9dd74464c976ce23,2,circle
payload_l3,0.002268826241213766,-0.01731932833010643,-0.006799438595771659,-0.004102583894159607,True,0.019102997344783167,preview,0.06458690998022988,0.09317042306065546,0.053113117820214883,3,0.021371823585996933,IdealZeroDelay,0.04726758165012345,0.0863709844648838,0.049010533926055276,payload,c15a120662df139ed529a1c7d6ba9b078cca47bc7eb4bbfe9dd74464c976ce23,3,circle
payload_l3,0.0007467700313038006,-0.019166584650325398,-0.0007977798581122325,-0.006506872656048303,True,0.019102997344783167,preview,0.06458690998022988,0.09317042306065546,0.053113117820214883,3,0.019849767376086968,IdealZeroDelay,0.04542032532990448,0.09237264320254322,0.04660624516416658,payload,c15a120662df139ed529a1c7d6ba9b078cca47bc7eb4bbfe9dd74464c976ce23,4,circle
payload_l3,0.09106428477281933,0.166369663929895,0.05648337826132785,0.024332434947320555,True,0.019102997344783167,preview,0.06458690998022988,0.09317042306065546,0.053113117820214883,3,0.1101672821176025,NaiveDelayed,0.2309565739101249,0.1496538013219833,0.07744555276753544,payload,c15a120662df139ed529a1c7d6ba9b078cca47bc7eb4bbfe9dd74464c976ce23,0,circle
payload_l3,0.06554610455690674,0.11263006569768134,0.05510372146964085,0.02127871370699852,True,0.019102997344783167,preview,0.06458690998022988,0.09317042306065546,0.053113117820214883,3,0.08464910190168991,NaiveDelayed,0.17721697567791123,0.1482741445302963,0.0743918315272134,payload,c15a120662df139ed529a1c7d6ba9b078cca47bc7eb4bbfe9dd74464c976ce23,1,circle
payload_l3,0.08759166073975688,0.18141805323327065,0.07778776511549951,0.021403273125891353,True,0.019102997344783167,preview,0.06458690998022988,0.09317042306065546,0.053113117820214883,3,0.10669465808454005,NaiveDelayed,0.24600496321350054,0.17095818817615496,0.07451639094610624,payload,c15a120662df139ed529a1c7d6ba9b078cca47bc7eb4bbfe9dd74464c976ce23,2,circle
payload_l3,0.056993715975143494,0.09684116323969995,0.09031870141625414,0.030717747769977877,True,0.019102997344783167,preview,0.06458690998022988,0.09317042306065546,0.053113117820214883,3,0.07609671331992666,NaiveDelayed,0.16142807321992983,0.1834891244769096,0.08383086559019276,payload,c15a120662df139ed529a1c7d6ba9b078cca47bc7eb4bbfe9dd74464c976ce23,3,circle
payload_l3,0.06850232388761796,0.1401336107496653,0.061572775989770956,0.018233471450391378,True,0.019102997344783167,preview,0.06458690998022988,0.09317042306065546,0.053113117820214883,3,0.08760532123240113,NaiveDelayed,0.20472052072989516,0.1547431990504264,0.07134658927060626,payload,c15a120662df139ed529a1c7d6ba9b078cca47bc7eb4bbfe9dd74464c976ce23,4,circle
payload_l3,-0.002075048187236625,-0.02087396752017675,-0.02129338011145579,-0.011038442616154637,True,0.019102997344783167,preview,0.06458690998022988,0.09317042306065546,0.053113117820214883,3,0.017027949157546542,VirtualDelayAware,0.04371294246005313,0.07187704294919967,0.04207467520406025,payload,c15a120662df139ed529a1c7d6ba9b078cca47bc7eb4bbfe9dd74464c976ce23,0,circle
payload_l3,-0.0016052101625759693,-0.020579047550135947,-0.007776482403278245,-0.0108631842658364,True,0.019102997344783167,preview,0.06458690998022988,0.09317042306065546,0.053113117820214883,3,0.017497787182207198,VirtualDelayAware,0.044007862430093934,0.08539394065737721,0.042249933554378484,payload,c15a120662df139ed529a1c7d6ba9b078cca47bc7eb4bbfe9dd74464c976ce23,1,circle
payload_l3,0.004105601901924785,-0.009362824660401226,0.00903657600283636,0.00040206315331964976,True,0.019102997344783167,preview,0.06458690998022988,0.09317042306065546,0.053113117820214883,3,0.023208599246707953,VirtualDelayAware,0.055224085319828656,0.10220699906349182,0.05351518097353453,payload,c15a120662df139ed529a1c7d6ba9b078cca47bc7eb4bbfe9dd74464c976ce23,2,circle
payload_l3,-0.0003765012111371438,-0.018874939341960953,-0.02322123944759355,-0.009748421050181678,True,0.019102997344783167,preview,0.06458690998022988,0.09317042306065546,0.053113117820214883,3,0.018726496133646024,VirtualDelayAware,0.04571197063826893,0.0699491836130619,0.043364696770033205,payload,c15a120662df139ed529a1c7d6ba9b078cca47bc7eb4bbfe9dd74464c976ce23,3,circle
payload_l3,4.895871560387302e-05,-0.017340578334634135,-0.011537875980138654,-0.007291042862046446,True,0.019102997344783167,preview,0.06458690998022988,0.09317042306065546,0.053113117820214883,3,0.01915195606038704,VirtualDelayAware,0.047246331645595746,0.0816325470805168,0.04582207495816844,payload,c15a120662df139ed529a1c7d6ba9b078cca47bc7eb4bbfe9dd74464c976ce23,4,circle
payload_l3,-0.0033611719688169048,-0.023514911283177002,-0.021488568931817872,-0.012764657722421427,True,0.019102997344783167,preview,0.06458690998022988,0.09317042306065546,0.053113117820214883,3,0.015741825375966263,ThreadedAsync,0.04107199869705288,0.07168185412883758,0.04034846009779346,payload,c15a120662df139ed529a1c7d6ba9b078cca47bc7eb4bbfe9dd74464c976ce23,0,circle
payload_l3,-0.00012298782510593298,-0.017283079714677914,-0.00702163204550732,-0.007766745514618381,True,0.019102997344783167,preview,0.06458690998022988,0.09317042306065546,0.053113117820214883,3,0.018980009519677234,ThreadedAsync,0.04730383026555197,0.08614879101514814,0.0453463723055965,payload,c15a120662df139ed529a1c7d6ba9b078cca47bc7eb4bbfe9dd74464c976ce23,1,circle
payload_l3,-0.0023820994001273604,-0.021759809313468416,-0.010089796781539803,-0.010843150087438642,True,0.019102997344783167,preview,0.06458690998022988,0.09317042306065546,0.053113117820214883,3,0.016720897944655807,ThreadedAsync,0.042827100666761465,0.08308062627911565,0.04226996773277624,payload,c15a120662df139ed529a1c7d6ba9b078cca47bc7eb4bbfe9dd74464c976ce23,2,circle
payload_l3,-0.0015600922069607497,-0.02150561574771885,-0.012576951831579128,-0.010276617427109593,True,0.019102997344783167,preview,0.06458690998022988,0.09317042306065546,0.053113117820214883,3,0.017542905137822418,ThreadedAsync,0.04308129423251103,0.08059347122907633,0.04283650039310529,payload,c15a120662df139ed529a1c7d6ba9b078cca47bc7eb4bbfe9dd74464c976ce23,3,circle
payload_l3,0.0006200163720701639,-0.017427172918410963,-0.008898079395294162,-0.006736398583866154,True,0.019102997344783167,preview,0.06458690998022988,0.09317042306065546,0.053113117820214883,3,0.01972301371685333,ThreadedAsync,0.04715973706181892,0.0842723436653613,0.04637671923634873,payload,c15a120662df139ed529a1c7d6ba9b078cca47bc7eb4bbfe9dd74464c976ce23,4,circle
payload_l6,-0.013145994324859439,-0.07484550445451885,-0.03442822545766813,-0.03959403537299207,True,0.044643881461610635,preview,0.16145986477143343,0.1734508126974104,0.12478934682128859,6,0.031497887136751196,IdealZeroDelay,0.08661436031691458,0.13902258723974226,0.08519531144829652,payload,c15a120662df139ed529a1c7d6ba9b078cca47bc7eb4bbfe9dd74464c976ce23,0,circle
payload_l6,-0.010157467709319065,-0.07135786287205133,-0.018778440356254533,-0.03443512127503792,True,0.044643881461610635,preview,0.16145986477143343,0.1734508126974104,0.12478934682128859,6,0.03448641375229157,IdealZeroDelay,0.0901020018993821,0.15467237234115586,0.09035422554625067,payload,c15a120662df139ed529a1c7d6ba9b078cca47bc7eb4bbfe9dd74464c976ce23,1,circle
payload_l6,-0.011066962959545748,-0.07274724628903166,-0.025084203481674006,-0.0356314612907406,True,0.044643881461610635,preview,0.16145986477143343,0.1734508126974104,0.12478934682128859,6,0.03357691850206489,IdealZeroDelay,0.08871261848240176,0.14836660921573638,0.08915788553054799,payload,c15a120662df139ed529a1c7d6ba9b078cca47bc7eb4bbfe9dd74464c976ce23,2,circle
payload_l6,-0.011533755932396167,-0.07252019362349699,-0.03166402429342255,-0.03744937611152509,True,0.044643881461610635,preview,0.16145986477143343,0.1734508126974104,0.12478934682128859,6,0.03311012552921447,IdealZeroDelay,0.08893967114793644,0.14178678840398784,0.0873399707097635,payload,c15a120662df139ed529a1c7d6ba9b078cca47bc7eb4bbfe9dd74464c976ce23,3,circle
payload_l6,-0.007994266017726077,-0.06481735122467323,-0.01920709013938887,-0.026790496962422666,True,0.044643881461610635,preview,0.16145986477143343,0.1734508126974104,0.12478934682128859,6,0.03664961544388456,IdealZeroDelay,0.09664251354676019,0.15424372255802152,0.09799884985886592,payload,c15a120662df139ed529a1c7d6ba9b078cca47bc7eb4bbfe9dd74464c976ce23,4,circle
payload_l6,0.04645838337428489,0.05601966779349321,0.0353117793798447,-0.0291337350472842,True,0.044643881461610635,preview,0.16145986477143343,0.1734508126974104,0.12478934682128859,6,0.09110226483589552,NaiveDelayed,0.21747953256492664,0.2087625920772551,0.09565561177400439,payload,c15a120662df139ed529a1c7d6ba9b078cca47bc7eb4bbfe9dd74464c976ce23,0,circle
payload_l6,0.06047457327658484,0.05871179455753667,0.007972039282322069,-0.029872204321114204,True,0.044643881461610635,preview,0.16145986477143343,0.1734508126974104,0.12478934682128859,6,0.10511845473819548,NaiveDelayed,0.2201716593289701,0.18142285197973246,0.09491714250017438,payload,c15a120662df139ed529a1c7d6ba9b078cca47bc7eb4bbfe9dd74464c976ce23,1,circle
payload_l6,0.060521296706476824,0.08092720191025049,0.047733919322490825,-0.02444785842772995,True,0.044643881461610635,preview,0.16145986477143343,0.1734508126974104,0.12478934682128859,6,0.10516517816808746,NaiveDelayed,0.24238706668168392,0.22118473201990121,0.10034148839355864,payload,c15a120662df139ed529a1c7d6ba9b078cca47bc7eb4bbfe9dd74464c976ce23,2,circle
payload_l6,0.04236307654008899,0.022251753499319987,-0.01083836555480941,-0.03414426253519588,True,0.044643881461610635,preview,0.16145986477143343,0.1734508126974104,0.12478934682128859,6,0.08700695800169962,NaiveDelayed,0.1837116182707534,0.16261244714260098,0.0906450842860927,payload,c15a120662df139ed529a1c7d6ba9b078cca47bc7eb4bbfe9dd74464c976ce23,3,circle
payload_l6,0.03938509067718213,0.0013132555132428503,0.02612895071506502,-0.0265398423655695,True,0.044643881461610635,preview,0.16145986477143343,0.1734508126974104,0.12478934682128859,6,0.08402897213879276,NaiveDelayed,0.16277312028467628,0.1995797634124754,0.09824950445571909,payload,c15a120662df139ed529a1c7d6ba9b078cca47bc7eb4bbfe9dd74464c976ce23,4,circle
payload_l6,-0.011970223371337983,-0.06418873673359253,-0.032694531977176505,-0.036400100158661505,True,0.044643881461610635,preview,0.16145986477143343,0.1734508126974104,0.12478934682128859,6,0.03267365809027265,VirtualDelayAware,0.0972711280378409,0.14075628072023388,0.08838924666262708,payload,c15a120662df139ed529a1c7d6ba9b078cca47bc7eb4bbfe9dd74464c976ce23,0,circle
payload_l6,-0.011412105108667962,-0.0630695515983161,-0.02556590735912312,-0.03450186911369316,True,0.044643881461610635,preview,0.16145986477143343,0.1734508126974104,0.12478934682128859,6,0.03323177635294267,VirtualDelayAware,0.09839031317311732,0.14788490533828727,0.09028747770759543,payload,c15a120662df139ed529a1c7d6ba9b078cca47bc7eb4bbfe9dd74464c976ce23,1,circle
payload_l6,-0.011286266741295146,-0.06328139704886569,-0.02883970439434047,-0.03479405947526579,True,0.044643881461610635,preview,0.16145986477143343,0.1734508126974104,0.12478934682128859,6,0.03335761472031549,VirtualDelayAware,0.09817846772256773,0.14461110830306992,0.0899952873460228,payload,c15a120662df139ed529a1c7d6ba9b078cca47bc7eb4bbfe9dd74464c976ce23,2,circle
payload_l6,-0.013097212139599024,-0.0665233600380156,-0.03177122771739943,-0.037168560052642255,True,0.044643881461610635,preview,0.16145986477143343,0.1734508126974104,0.12478934682128859,6,0.03154666932201161,VirtualDelayAware,0.09493650473341783,0.14167958498001096,0.08762078676864633,payload,c15a120662df139ed529a1c7d6ba9b078cca47bc7eb4bbfe9dd74464c976ce23,3,circle
payload_l6,-0.013381809785968167,-0.06793408815008795,-0.045299999415874315,-0.03958122254480506,True,0.044643881461610635,preview,0.16145986477143343,0.1734508126974104,0.12478934682128859,6,0.03126207167564247,VirtualDelayAware,0.09352577662134548,0.12815081328153607,0.08520812427648353,payload,c15a120662df139ed529a1c7d6ba9b078cca47bc7eb4bbfe9dd74464c976ce23,4,circle
payload_l6,-0.014213292236349442,-0.06837740444764864,-0.04425353556871395,-0.038095541861848686,True,0.044643881461610635,preview,0.16145986477143343,0.1734508126974104,0.12478934682128859,6,0.030430589225261193,ThreadedAsync,0.09308246032378478,0.12919727712869644,0.0866938049594399,payload,c15a120662df139ed529a1c7d6ba9b078cca47bc7eb4bbfe9dd74464c976ce23,0,circle
payload_l6,-0.011623296950695083,-0.06324023915908122,-0.02797152101993544,-0.03198486111555558,True,0.044643881461610635,preview,0.16145986477143343,0.1734508126974104,0.12478934682128859,6,0.03302058451091555,ThreadedAsync,0.0982196256123522,0.14547929167747495,0.092804485705733,payload,c15a120662df139ed529a1c7d6ba9b078cca47bc7eb4bbfe9dd74464c976ce23,1,circle
payload_l6,-0.011108685987686398,-0.06395640463129919,-0.012628477811813171,-0.03300022085950004,True,0.044643881461610635,preview,0.16145986477143343,0.1734508126974104,0.12478934682128859,6,0.03353519547392424,ThreadedAsync,0.09750346014013424,0.16082233488559722,0.09178912596178855,payload,c15a120662df139ed529a1c7d6ba9b078cca47bc7eb4bbfe9dd74464c976ce23,2,circle
payload_l6,-0.012610031916464676,-0.06680027734032941,-0.03894919306039793,-0.03549733475903778,True,0.044643881461610635,preview,0.16145986477143343,0.1734508126974104,0.12478934682128859,6,0.03203384954514596,ThreadedAsync,0.09465958743110402,0.13450161963701246,0.0892920120622508,payload,c15a120662df139ed529a1c7d6ba9b078cca47bc7eb4bbfe9dd74464c976ce23,3,circle
payload_l6,-0.011192987068358445,-0.06035205477008958,-0.02490913122892363,-0.02987045533977517,True,0.044643881461610635,preview,0.16145986477143343,0.1734508126974104,0.12478934682128859,6,0.03345089439325219,ThreadedAsync,0.10110781000134385,0.14854168146848676,0.09491889148151342,payload,c15a120662df139ed529a1c7d6ba9b078cca47bc7eb4bbfe9dd74464c976ce23,4,circle
actuator_gain_l3,-0.0004274526857411861,-0.011447604439430166,-0.019463784992694827,-0.006234105835724688,True,0.015486638035651243,preview,0.043732528748017106,0.09209884405136108,0.0432617709133538,3,0.015059185349910057,IdealZeroDelay,0.03228492430858694,0.07263505905866625,0.03702766507762911,actuator_gain,a84ffca02433ad64f0319e8491bdfb45dc33c2b92cc508e1e0adeeff8df170e0,0,fast_ellipse
actuator_gain_l3,-0.0015605627262193205,-0.015106802102730837,-0.025815431773662564,-0.009294875230320375,True,0.015486638035651243,preview,0.043732528748017106,0.09209884405136108,0.0432617709133538,3,0.013926075309431922,IdealZeroDelay,0.02862572664528627,0.06628341227769852,0.033966895683033425,actuator_gain,a84ffca02433ad64f0319e8491bdfb45dc33c2b92cc508e1e0adeeff8df170e0,1,fast_ellipse
actuator_gain_l3,-0.00034761182270666435,-0.011874975834450248,-0.019435201585292813,-0.006563656639585608,True,0.015486638035651243,preview,0.043732528748017106,0.09209884405136108,0.0432617709133538,3,0.015139026212944579,IdealZeroDelay,0.03185755291356686,0.07266364246606827,0.03669811427376819,actuator_gain,a84ffca02433ad64f0319e8491bdfb45dc33c2b92cc508e1e0adeeff8df170e0,2,fast_ellipse
actuator_gain_l3,-0.0009847301638609314,-0.0132121722039952,-0.02418667525053024,-0.008282704397136395,True,0.015486638035651243,preview,0.043732528748017106,0.09209884405136108,0.0432617709133538,3,0.014501907871790311,IdealZeroDelay,0.030520356544021906,0.06791216880083084,0.034979066516217405,actuator_gain,a84ffca02433ad64f0319e8491bdfb45dc33c2b92cc508e1e0adeeff8df170e0,3,fast_ellipse
actuator_gain_l3,-0.0002834505748405044,-0.011452441377790036,-0.018196488916873935,-0.00606115498903842,True,0.015486638035651243,preview,0.043732528748017106,0.09209884405136108,0.0432617709133538,3,0.015203187460810738,IdealZeroDelay,0.03228008737022707,0.07390235513448715,0.03720061592431538,actuator_gain,a84ffca02433ad64f0319e8491bdfb45dc33c2b92cc508e1e0adeeff8df170e0,4,fast_ellipse
actuator_gain_l3,0.0908005974773733,0.20305700814040908,0.027527146786451337,0.019861541463935525,True,0.015486638035651243,preview,0.043732528748017106,0.09209884405136108,0.0432617709133538,3,0.10628723551302455,NaiveDelayed,0.2467895368884262,0.11962599083781242,0.06312331237728933,actuator_gain,a84ffca02433ad64f0319e8491bdfb45dc33c2b92cc508e1e0adeeff8df170e0,0,fast_ellipse
actuator_gain_l3,0.0831480149848139,0.17065072066117673,0.06791011691093445,0.03660706368670982,True,0.015486638035651243,preview,0.043732528748017106,0.09209884405136108,0.0432617709133538,3,0.09863465302046515,NaiveDelayed,0.21438324940919384,0.16000896096229553,0.07986883460006362,actuator_gain,a84ffca02433ad64f0319e8491bdfb45dc33c2b92cc508e1e0adeeff8df170e0,1,fast_ellipse
actuator_gain_l3,0.09361973647303347,0.1593612642714276,0.060456250607967374,0.034334744142242565,True,0.015486638035651243,preview,0.043732528748017106,0.09209884405136108,0.0432617709133538,3,0.10910637450868471,NaiveDelayed,0.20309379301944472,0.15255509465932846,0.07759651505559637,actuator_gain,a84ffca02433ad64f0319e8491bdfb45dc33c2b92cc508e1e0adeeff8df170e0,2,fast_ellipse
actuator_gain_l3,0.0701363913953767,0.13884444676115293,0.04982266128063202,0.030339693328626488,True,0.015486638035651243,preview,0.043732528748017106,0.09209884405136108,0.0432617709133538,3,0.08562302943102794,NaiveDelayed,0.18257697550917004,0.1419215053319931,0.07360146424198029,actuator_gain,a84ffca02433ad64f0319e8491bdfb45dc33c2b92cc508e1e0adeeff8df170e0,3,fast_ellipse
actuator_gain_l3,0.08547900417301117,0.13776703847041186,0.08285771757364273,0.0458833169498406,True,0.015486638035651243,preview,0.043732528748017106,0.09209884405136108,0.0432617709133538,3,0.10096564220866242,NaiveDelayed,0.18149956721842897,0.1749565616250038,0.0891450878631944,actuator_gain,a84ffca02433ad64f0319e8491bdfb45dc33c2b92cc508e1e0adeeff8df170e0,4,fast_ellipse
actuator_gain_l3,-0.0007829974779805307,-0.012176315899316004,-0.020750072598457334,-0.006641010988154394,True,0.015486638035651243,preview,0.043732528748017106,0.09209884405136108,0.0432617709133538,3,0.014703640557670712,VirtualDelayAware,0.0315562128487011,0.07134877145290375,0.036620759925199406,actuator_gain,a84ffca02433ad64f0319e8491bdfb45dc33c2b92cc508e1e0adeeff8df170e0,0,fast_ellipse
actuator_gain_l3,-0.00034139224698181113,-0.009824185762537352,-0.013266611099243153,-0.00565263870035896,True,0.015486638035651243,preview,0.043732528748017106,0.09209884405136108,0.0432617709133538,3,0.015145245788669432,VirtualDelayAware,0.033908342985479754,0.07883223295211793,0.03760913221299484,actuator_gain,a84ffca02433ad64f0319e8491bdfb45dc33c2b92cc508e1e0adeeff8df170e0,1,fast_ellipse
actuator_gain_l3,-0.00027191401175363436,-0.01099093409674358,-0.017048697173595417,-0.005817056626374599,True,0.015486638035651243,preview,0.043732528748017106,0.09209884405136108,0.0432617709133538,3,0.015214724023897609,VirtualDelayAware,0.03274159465127353,0.07505014687776566,0.0374447142869792,actuator_gain,a84ffca02433ad64f0319e8491bdfb45dc33c2b92cc508e1e0adeeff8df170e0,2,fast_ellipse
actuator_gain_l3,-0.0004627760409693926,-0.01013147203872651,-0.022147225588560096,-0.005619974417117264,True,0.015486638035651243,preview,0.043732528748017106,0.09209884405136108,0.0432617709133538,3,0.01502386199468185,VirtualDelayAware,0.033601056709290596,0.06995161846280099,0.037641796496236536,actuator_gain,a84ffca02433ad64f0319e8491bdfb45dc33c2b92cc508e1e0adeeff8df170e0,3,fast_ellipse
actuator_gain_l3,-0.000730901567648292,-0.01162296571032391,-0.021318591386079777,-0.0068432554932987,True,0.015486638035651243,preview,0.043732528748017106,0.09209884405136108,0.0432617709133538,3,0.01475573646800295,VirtualDelayAware,0.032109563037693196,0.0707802526652813,0.0364185154200551,actuator_gain,a84ffca02433ad64f0319e8491bdfb45dc33c2b92cc508e1e0adeeff8df170e0,4,fast_ellipse
actuator_gain_l3,0.002168370947565796,-0.00477829570656315,-0.005041284859180428,0.0008056559969999225,True,0.015486638035651243,preview,0.043732528748017106,0.09209884405136108,0.0432617709133538,3,0.01765500898321704,ThreadedAsync,0.038954233041453956,0.08705755919218065,0.04406742691035372,actuator_gain,a84ffca02433ad64f0319e8491bdfb45dc33c2b92cc508e1e0adeeff8df170e0,0,fast_ellipse
actuator_gain_l3,0.0016250612651569699,-0.00401681310242135,-0.0017937287688255255,-0.00017203185638847707,True,0.015486638035651243,preview,0.043732528748017106,0.09209884405136108,0.0432617709133538,3,0.017111699300808213,ThreadedAsync,0.039715715645595756,0.09030511528253556,0.04308973905696532,actuator_gain,a84ffca02433ad64f0319e8491bdfb45dc33c2b92cc508e1e0adeeff8df170e0,1,fast_ellipse
actuator_gain_l3,0.0013750602807158611,-0.006383122043700479,-0.0034074515104293712,-0.0009600824691836166,True,0.015486638035651243,preview,0.043732528748017106,0.09209884405136108,0.0432617709133538,3,0.016861698316367104,ThreadedAsync,0.03734940670431663,0.08869139254093171,0.042301688444170184,actuator_gain,a84ffca02433ad64f0319e8491bdfb45dc33c2b92cc508e1e0adeeff8df170e0,2,fast_ellipse
actuator_gain_l3,-0.0004309310100932204,-0.010852574755915563,-0.016053373366594306,-0.005185288410569623,True,0.015486638035651243,preview,0.043732528748017106,0.09209884405136108,0.0432617709133538,3,0.015055707025558022,ThreadedAsync,0.03287995399210154,0.07604547068476677,0.03807648250278418,actuator_gain,a84ffca02433ad64f0319e8491bdfb45dc33c2b92cc508e1e0adeeff8df170e0,3,fast_ellipse
actuator_gain_l3,0.0005872076745791453,-0.00854598048238818,-0.011616928875446311,-0.003865689823977926,True,0.015486638035651243,preview,0.043732528748017106,0.09209884405136108,0.0432617709133538,3,0.016073845710230388,ThreadedAsync,0.03518654826562893,0.08048191517591477,0.039396081089375874,actuator_gain,a84ffca02433ad64f0319e8491bdfb45dc33c2b92cc508e1e0adeeff8df170e0,4,fast_ellipse
actuator_gain_l6,-0.0017767596306806632,-0.013836556704701651,-0.031161962449550648,-0.011154243339164767,True,0.02116176749096783,preview,0.056362747228197826,0.13433058708906176,0.06026584520216856,6,0.019385007860287167,IdealZeroDelay,0.042526190523496175,0.10316862463951111,0.04911160186300379,actuator_gain,a84ffca02433ad64f0319e8491bdfb45dc33c2b92cc508e1e0adeeff8df170e0,0,fast_ellipse
actuator_gain_l6,-0.000623444658351447,-0.013776928895469907,-0.033943414688110365,-0.009380701646999688,True,0.02116176749096783,preview,0.056362747228197826,0.13433058708906176,0.06026584520216856,6,0.020538322832616383,IdealZeroDelay,0.04258581833272792,0.1003871724009514,0.05088514355516887,actuator_gain,a84ffca02433ad64f0319e8491bdfb45dc33c2b92cc508e1e0adeeff8df170e0,1,fast_ellipse
actuator_gain_l6,-0.0017068864124874517,-0.015493975708281336,-0.03388839960098268,-0.01214324929201755,True,0.02116176749096783,preview,0.056362747228197826,0.13433058708906176,0.06026584520216856,6,0.01945488107848038,IdealZeroDelay,0.04086877151991649,0.10044218748807908,0.04812259591015101,actuator_gain,a84ffca02433ad64f0319e8491bdfb45dc33c2b92cc508e1e0adeeff8df170e0,2,fast_ellipse
actuator_gain_l6,-0.001387879263717657,-0.01467634338488169,-0.034962747991085064,-0.011775089263252506,True,0.02116176749096783,preview,0.056362747228197826,0.13433058708906176,0.06026584520216856,6,0.019773888227250173,IdealZeroDelay,0.041686403843316136,0.0993678390979767,0.04849075593891605,actuator_gain,a84ffca02433ad64f0319e8491bdfb45dc33c2b92cc508e1e0adeeff8df170e0,3,fast_ellipse
actuator_gain_l6,5.465577071815317e-05,-0.010511445908164121,-0.023204812407493614,-0.006772485806825712,True,0.02116176749096783,preview,0.056362747228197826,0.13433058708906176,0.06026584520216856,6,0.021216423261685984,IdealZeroDelay,0.045851301320033705,0.11112577468156815,0.053493359395342846,actuator_gain,a84ffca02433ad64f0319e8491bdfb45dc33c2b92cc508e1e0adeeff8df170e0,4,fast_ellipse
actuator_gain_l6,0.07293065628906509,0.14772820138426507,0.026637062430381775,0.017862360464359378,True,0.02116176749096783,preview,0.056362747228197826,0.13433058708906176,0.06026584520216856,6,0.09409242378003292,NaiveDelayed,0.20409094861246288,0.16096764951944353,0.07812820566652794,actuator_gain,a84ffca02433ad64f0319e8491bdfb45dc33c2b92cc508e1e0adeeff8df170e0,0,fast_ellipse
actuator_gain_l6,0.09142427138248052,0.1609388934438769,0.047158297896385176,0.030394715014736534,True,0.02116176749096783,preview,0.056362747228197826,0.13433058708906176,0.06026584520216856,6,0.11258603887344835,NaiveDelayed,0.21730164067207472,0.18148888498544694,0.09066056021690509,actuator_gain,a84ffca02433ad64f0319e8491bdfb45dc33c2b92cc508e1e0adeeff8df170e0,1,fast_ellipse
actuator_gain_l6,0.07565555081288886,0.1298572363094712,0.04601269811391828,0.03440667215350472,True,0.02116176749096783,preview,0.056362747228197826,0.13433058708906176,0.06026584520216856,6,0.09681731830385669,NaiveDelayed,0.18621998353766903,0.18034328520298004,0.09467251735567328,actuator_gain,a84ffca02433ad64f0319e8491bdfb45dc33c2b92cc508e1e0adeeff8df170e0,2,fast_ellipse
actuator_gain_l6,0.07156504209225045,0.1462431807485689,0.03899547606706619,0.02417903471528883,True,0.02116176749096783,preview,0.056362747228197826,0.13433058708906176,0.06026584520216856,6,0.09272680958321829,NaiveDelayed,0.20260592797676671,0.17332606315612795,0.08444487991745739,actuator_gain,a84ffca02433ad64f0319e8491bdfb45dc33c2b92cc508e1e0adeeff8df170e0,3,fast_ellipse
actuator_gain_l6,0.08170621102577999,0.14033931149702672,0.03955274820327759,0.02278157410207199,True,0.02116176749096783,preview,0.056362747228197826,0.13433058708906176,0.06026584520216856,6,0.10286797851674782,NaiveDelayed,0.19670205872522453,0.17388333529233935,0.08304741930424055,actuator_gain,a84ffca02433ad64f0319e8491bdfb45dc33c2b92cc508e1e0adeeff8df170e0,4,fast_ellipse
actuator_gain_l6,-0.0014886792686455812,-0.013543216123445181,-0.035232830792665495,-0.010970038325872608,True,0.02116176749096783,preview,0.056362747228197826,0.13433058708906176,0.06026584520216856,6,0.01967308822232225,VirtualDelayAware,0.042819531104752645,0.09909775629639626,0.04929580687629595,actuator_gain,a84ffca02433ad64f0319e8491bdfb45dc33c2b92cc508e1e0adeeff8df170e0,0,fast_ellipse
actuator_gain_l6,-0.0005254037118315041,-0.012951480309037526,-0.030888583511114148,-0.00918337208100184,True,0.02116176749096783,preview,0.056362747228197826,0.13433058708906176,0.06026584520216856,6,0.020636363779136326,VirtualDelayAware,0.0434112669191603,0.10344200357794761,0.05108247312116672,actuator_gain,a84ffca02433ad64f0319e8491bdfb45dc33c2b92cc508e1e0adeeff8df170e0,1,fast_ellipse
actuator_gain_l6,-0.00019980954460434644,-0.010526164442150591,-0.02795059308409692,-0.0076576374593697386,True,0.02116176749096783,preview,0.056362747228197826,0.13433058708906176,0.06026584520216856,6,0.020961957946363484,VirtualDelayAware,0.045836582786047235,0.10637999400496484,0.05260820774279882,actuator_gain,a84ffca02433ad64f0319e8491bdfb45dc33c2b92cc508e1e0adeeff8df170e0,2,fast_ellipse
actuator_gain_l6,-0.0002466105524487443,-0.012868324026046339,-0.031117549538612385,-0.00921787585981735,True,0.02116176749096783,preview,0.056362747228197826,0.13433058708906176,0.06026584520216856,6,0.020915156938519086,VirtualDelayAware,0.04349442320215149,0.10321303755044937,0.05104796934235121,actuator_gain,a84ffca02433ad64f0319e8491bdfb45dc33c2b92cc508e1e0adeeff8df170e0,3,fast_ellipse
actuator_gain_l6,0.00017804730857866324,-0.010364326832922682,-0.02383520901203158,-0.007709116966472397,True,0.02116176749096783,preview,0.056362747228197826,0.13433058708906176,0.06026584520216856,6,0.021339814799546494,VirtualDelayAware,0.045998420395275144,0.11049537807703018,0.05255672823569616,actuator_gain,a84ffca02433ad64f0319e8491bdfb45dc33c2b92cc508e1e0adeeff8df170e0,4,fast_ellipse
actuator_gain_l6,-0.0004093924064438974,-0.01146666703924467,-0.022012323141098036,-0.007666887270363222,True,0.02116176749096783,preview,0.056362747228197826,0.13433058708906176,0.06026584520216856,6,0.020752375084523933,ThreadedAsync,0.04489608018895316,0.11231826394796372,0.052598957931805336,actuator_gain,a84ffca02433ad64f0319e8491bdfb45dc33c2b92cc508e1e0adeeff8df170e0,0,fast_ellipse
actuator_gain_l6,-0.0009007748306368892,-0.011948756734711054,-0.026748533546924608,-0.008713485922258984,True,0.02116176749096783,preview,0.056362747228197826,0.13433058708906176,0.06026584520216856,6,0.02026099266033094,ThreadedAsync,0.04441399049348677,0.10758205354213715,0.051552359279909574,actuator_gain,a84ffca02433ad64f0319e8491bdfb45dc33c2b92cc508e1e0adeeff8df170e0,1,fast_ellipse
actuator_gain_l6,-0.000671013223142447,-0.011161329448547044,-0.025950815528631224,-0.007786529486262121,True,0.02116176749096783,preview,0.056362747228197826,0.13433058708906176,0.06026584520216856,6,0.020490754267825383,ThreadedAsync,0.04520141777965078,0.10837977156043054,0.05247931571590644,actuator_gain,a84ffca02433ad64f0319e8491bdfb45dc33c2b92cc508e1e0adeeff8df170e0,2,fast_ellipse
actuator_gain_l6,-0.0012984685192724,-0.01330667641103421,-0.028307518362998968,-0.009668466364181158,True,0.02116176749096783,preview,0.056362747228197826,0.13433058708906176,0.06026584520216856,6,0.01986329897169543,ThreadedAsync,0.043056070817163616,0.10602306872606279,0.0505973788379874,actuator_gain,a84ffca02433ad64f0319e8491bdfb45dc33c2b92cc508e1e0adeeff8df170e0,3,fast_ellipse
actuator_gain_l6,-0.0008239160182527197,-0.012963001943759607,-0.024754660576581974,-0.009253640615085788,True,0.02116176749096783,preview,0.056362747228197826,0.13433058708906176,0.06026584520216856,6,0.02033785147271511,ThreadedAsync,0.04339974528443822,0.10957592651247978,0.05101220458708277,actuator_gain,a84ffca02433ad64f0319e8491bdfb45dc33c2b92cc508e1e0adeeff8df170e0,4,fast_ellipse
force_pulse_l3,-0.0004431042986329167,-0.010645116919375489,-0.012740582227706895,-0.003624452007670975,True,0.013582892782551979,preview,0.038930000507809925,0.07657713517546653,0.036156044065570915,3,0.013139788483919062,IdealZeroDelay,0.028284883588434437,0.06383655294775964,0.03253159205789994,force_pulse,a84ffca02433ad64f0319e8491bdfb45dc33c2b92cc508e1e0adeeff8df170e0,0,fast_ellipse
force_pulse_l3,-0.00086232222250914,-0.01304358139207032,-0.021206302568316453,-0.007172079330817285,True,0.013582892782551979,preview,0.038930000507809925,0.07657713517546653,0.036156044065570915,3,0.012720570560042839,IdealZeroDelay,0.025886419115739606,0.05537083260715008,0.02898396473475363,force_pulse,a84ffca02433ad64f0319e8491bdfb45dc33c2b92cc508e1e0adeeff8df170e0,1,fast_ellipse
force_pulse_l3,0.00479834136277415,0.0013322642572313748,0.010246422141790404,0.007865406126491933,True,0.013582892782551979,preview,0.038930000507809925,0.07657713517546653,0.036156044065570915,3,0.01838123414532613,IdealZeroDelay,0.0402622647650413,0.08682355731725694,0.04402145019206285,force_pulse,a84ffca02433ad64f0319e8491bdfb45dc33c2b92cc508e1e0adeeff8df170e0,2,fast_ellipse
force_pulse_l3,-0.002295436927681506,-0.014824178579038658,-0.021785381436347957,-0.008531765215034279,True,0.013582892782551979,preview,0.038930000507809925,0.07657713517546653,0.036156044065570915,3,0.011287455854870473,IdealZeroDelay,0.024105821928771268,0.05479175373911858,0.027624278850536636,force_pulse,a84ffca02433ad64f0319e8491bdfb45dc33c2b92cc508e1e0adeeff8df170e0,3,fast_ellipse
force_pulse_l3,0.0014896095334370491,-0.00733746504876142,-0.0016894377768039703,-0.0004772964517647457,True,0.013582892782551979,preview,0.038930000507809925,0.07657713517546653,0.036156044065570915,3,0.015072502315989028,IdealZeroDelay,0.031592535459048506,0.07488769739866256,0.03567874761380617,force_pulse,a84ffca02433ad64f0319e8491bdfb45dc33c2b92cc508e1e0adeeff8df170e0,4,fast_ellipse
force_pulse_l3,0.09711104584401876,0.20810454115346258,0.08018965795636178,0.04424895116351719,True,0.013582892782551979,preview,0.038930000507809925,0.07657713517546653,0.036156044065570915,3,0.11069393862657075,NaiveDelayed,0.2470345416612725,0.1567667931318283,0.0804049952290881,force_pulse,a84ffca02433ad64f0319e8491bdfb45dc33c2b92cc508e1e0adeeff8df170e0,0,fast_ellipse
force_pulse_l3,0.08800288024875001,0.1880067538996508,0.06993456259369853,0.034069646618516934,True,0.013582892782551979,preview,0.038930000507809925,0.07657713517546653,0.036156044065570915,3,0.10158577303130199,NaiveDelayed,0.22693675440746072,0.14651169776916506,0.07022569068408785,force_pulse,a84ffca02433ad64f0319e8491bdfb45dc33c2b92cc508e1e0adeeff8df170e0,1,fast_ellipse
force_pulse_l3,0.10127317467817001,0.1898369091036865,0.06900537088513377,0.033878845007408336,True,0.013582892782551979,preview,0.038930000507809925,0.07657713517546653,0.036156044065570915,3,0.114856067460722,NaiveDelayed,0.22876690961149643,0.1455825060606003,0.07003488907297925,force_pulse,a84ffca02433ad64f0319e8491bdfb45dc33c2b92cc508e1e0adeeff8df170e0,2,fast_ellipse
force_pulse_l3,0.07199328094238097,0.17059031035563024,0.07007363811135293,0.03651860067891844,True,0.013582892782551979,preview,0.038930000507809925,0.07657713517546653,0.036156044065570915,3,0.08557617372493295,NaiveDelayed,0.20952031086344017,0.14665077328681947,0.07267464474448936,force_pulse,a84ffca02433ad64f0319e8491bdfb45dc33c2b92cc508e1e0adeeff8df170e0,3,fast_ellipse
force_pulse_l3,0.09159274388014015,0.18261066336702936,0.09895599558949471,0.049829155454133085,True,0.013582892782551979,preview,0.038930000507809925,0.07657713517546653,0.036156044065570915,3,0.10517563666269213,NaiveDelayed,0.22154066387483928,0.17553313076496124,0.085985199519704,force_pulse,a84ffca02433ad64f0319e8491bdfb45dc33c2b92cc508e1e0adeeff8df170e0,4,fast_ellipse
force_pulse_l3,-5.712152260336188e-05,-0.008497471659063113,-0.008288764953613276,-0.002654162129346674,True,0.013582892782551979,preview,0.038930000507809925,0.07657713517546653,0.036156044065570915,3,0.013525771259948617,VirtualDelayAware,0.030432528848746813,0.06828837022185326,0.03350188193622424,force_pulse,a84ffca02433ad64f0319e8491bdfb45dc33c2b92cc508e1e0adeeff8df170e0,0,fast_ellipse
force_pulse_l3,-0.0012388142617802862,-0.01116836932555149,-0.018771683424711222,-0.006196077583545366,True,0.013582892782551979,preview,0.038930000507809925,0.07657713517546653,0.036156044065570915,3,0.012344078520771693,VirtualDelayAware,0.027761631182258436,0.05780545175075531,0.02995996648202555,force_pulse,a84ffca02433ad64f0319e8491bdfb45dc33c2b92cc508e1e0adeeff8df170e0,1,fast_ellipse
force_pulse_l3,4.021273174611116e-05,-0.008736936771953422,-0.008224049210548381,-0.0031191059213555306,True,0.013582892782551979,preview,0.038930000507809925,0.07657713517546653,0.036156044065570915,3,0.01362310551429809,VirtualDelayAware,0.030193063735856503,0.06835308596491815,0.033036938144215384,force_pulse,a84ffca02433ad64f0319e8491bdfb45dc33c2b92cc508e1e0adeeff8df170e0,2,fast_ellipse
force_pulse_l3,-0.0008598246812008912,-0.010827462303057245,-0.013532664626836777,-0.004793260401755019,True,0.013582892782551979,preview,0.038930000507809925,0.07657713517546653,0.036156044065570915,3,0.012723068101351088,VirtualDelayAware,0.02810253820475268,0.06304447054862976,0.031362783663815896,force_pulse,a84ffca02433ad64f0319e8491bdfb45dc33c2b92cc508e1e0adeeff8df170e0,3,fast_ellipse
force_pulse_l3,-0.0010069234728241738,-0.009425920484716528,-0.01527268663048744,-0.004785532078089946,True,0.013582892782551979,preview,0.038930000507809925,0.07657713517546653,0.036156044065570915,3,0.012575969309727805,VirtualDelayAware,0.029504080023093397,0.061304448544979094,0.03137051198748097,force_pulse,a84ffca02433ad64f0319e8491bdfb45dc33c2b92cc508e1e0adeeff8df170e0,4,fast_ellipse
force_pulse_l3,0.0018064830619363807,-0.005235136652726569,-0.006361138075590134,0.00024398238429182428,True,0.013582892782551979,preview,0.038930000507809925,0.07657713517546653,0.036156044065570915,3,0.01538937584448836,ThreadedAsync,0.03369486385508336,0.0702159970998764,0.03640002644986274,force_pulse,a84ffca02433ad64f0319e8491bdfb45dc33c2b92cc508e1e0adeeff8df170e0,0,fast_ellipse
force_pulse_l3,-0.0010077949283047016,-0.011218281593613062,-0.015540594607591628,-0.005207969204300458,True,0.013582892782551979,preview,0.038930000507809925,0.07657713517546653,0.036156044065570915,3,0.012575097854247277,ThreadedAsync,0.027711718914196864,0.06103654056787491,0.030948074861270457,force_pulse,a84ffca02433ad64f0319e8491bdfb45dc33c2b92cc508e1e0adeeff8df170e0,1,fast_ellipse
force_pulse_l3,-0.0010611533470774245,-0.011621332672547568,-0.01647567562758922,-0.005330841748183896,True,0.013582892782551979,preview,0.038930000507809925,0.07657713517546653,0.036156044065570915,3,0.012521739435474554,ThreadedAsync,0.027308667835262358,0.060101459547877316,0.03082520231738702,force_pulse,a84ffca02433ad64f0319e8491bdfb45dc33c2b92cc508e1e0adeeff8df170e0,2,fast_ellipse
force_pulse_l3,-0.0009322349949353482,-0.012457195222064468,-0.01778776869177818,-0.005714600574502578,True,0.013582892782551979,preview,0.038930000507809925,0.07657713517546653,0.036156044065570915,3,0.01265065778761663,ThreadedAsync,0.026472805285745457,0.058789366483688356,0.030441443491068337,force_pulse,a84ffca02433ad64f0319e8491bdfb45dc33c2b92cc508e1e0adeeff8df170e0,3,fast_ellipse
force_pulse_l3,-0.0017549593660675933,-0.01287687906524479,-0.017210657894611354,-0.006874540925927215,True,0.013582892782551979,preview,0.038930000507809925,0.07657713517546653,0.036156044065570915,3,0.011827933416484386,ThreadedAsync,0.026053121442565136,0.05936647728085518,0.0292815031396437,force_pulse,a84ffca02433ad64f0319e8491bdfb45dc33c2b92cc508e1e0adeeff8df170e0,4,fast_ellipse
force_pulse_l6,-0.0010109099462137089,-0.011282886658881601,-0.01654193177819252,-0.004936280609483715,True,0.014196271765817906,preview,0.04014025650551606,0.07904599905014038,0.037717784127027254,6,0.013185361819604197,IdealZeroDelay,0.028857369846634458,0.06250406727194786,0.03278150351754354,force_pulse,a84ffca02433ad64f0319e8491bdfb45dc33c2b92cc508e1e0adeeff8df170e0,0,fast_ellipse
force_pulse_l6,-0.002261216725409517,-0.015050930621463232,-0.023964602127671236,-0.009770171171071342,True,0.014196271765817906,preview,0.04014025650551606,0.07904599905014038,0.037717784127027254,6,0.011935055040408388,IdealZeroDelay,0.025089325884052827,0.05508139692246915,0.027947612955955912,force_pulse,a84ffca02433ad64f0319e8491bdfb45dc33c2b92cc508e1e0adeeff8df170e0,1,fast_ellipse
force_pulse_l6,0.003694625296875361,-0.0010226750256101327,0.007670193910598755,0.004539775677754189,True,0.014196271765817906,preview,0.04014025650551606,0.07904599905014038,0.037717784127027254,6,0.017890897062693267,IdealZeroDelay,0.039117581479905926,0.08671619296073914,0.04225755980478144,force_pulse,a84ffca02433ad64f0319e8491bdfb45dc33c2b92cc508e1e0adeeff8df170e0,2,fast_ellipse
force_pulse_l6,-0.002625571188467986,-0.015183189576239226,-0.027099641785025594,-0.010161464055087704,True,0.014196271765817906,preview,0.04014025650551606,0.07904599905014038,0.037717784127027254,6,0.01157070057734992,IdealZeroDelay,0.024957066929276833,0.05194635726511479,0.02755632007193955,force_pulse,a84ffca02433ad64f0319e8491bdfb45dc33c2b92cc508e1e0adeeff8df170e0,3,fast_ellipse
force_pulse_l6,0.001339774683398678,-0.006896203977737346,-0.0017027854919433594,-0.0006233926232373024,True,0.014196271765817906,preview,0.04014025650551606,0.07904599905014038,0.037717784127027254,6,0.015536046449216584,IdealZeroDelay,0.03324405252777871,0.07734321355819702,0.03709439150378995,force_pulse,a84ffca02433ad64f0319e8491bdfb45dc33c2b92cc508e1e0adeeff8df170e0,4,fast_ellipse
force_pulse_l6,0.09094224573180425,0.18367419289695902,0.07015532553195954,0.04101210356780553,True,0.014196271765817906,preview,0.04014025650551606,0.07904599905014038,0.037717784127027254,6,0.10513851749762215,NaiveDelayed,0.22381444940247508,0.14920132458209992,0.07872988769483279,force_pulse,a84ffca02433ad64f0319e8491bdfb45dc33c2b92cc508e1e0adeeff8df170e0,0,fast_ellipse
force_pulse_l6,0.091849356253601,0.19025256900821574,0.07689431607723236,0.04036927031645675,True,0.014196271765817906,preview,0.04014025650551606,0.07904599905014038,0.037717784127027254,6,0.1060456280194189,NaiveDelayed,0.2303928255137318,0.15594031512737275,0.078087054443484,force_pulse,a84ffca02433ad64f0319e8491bdfb45dc33c2b92cc508e1e0adeeff8df170e0,1,fast_ellipse
force_pulse_l6,0.09357065169602861,0.17581895474284515,0.051725094020366666,0.02955330262226903,True,0.014196271765817906,preview,0.04014025650551606,0.07904599905014038,0.037717784127027254,6,0.10776692346184652,NaiveDelayed,0.2159592112483612,0.13077109307050705,0.06727108674929629,force_pulse,a84ffca02433ad64f0319e8491bdfb45dc33c2b92cc508e1e0adeeff8df170e0,2,fast_ellipse
force_pulse_l6,0.07051524892681003,0.15866300954750967,0.056978748738765725,0.03245297614591422,True,0.014196271765817906,preview,0.04014025650551606,0.07904599905014038,0.037717784127027254,6,0.08471152069262794,NaiveDelayed,0.19880326605302573,0.1360247477889061,0.07017076027294147,force_pulse,a84ffca02433ad64f0319e8491bdfb45dc33c2b92cc508e1e0adeeff8df170e0,3,fast_ellipse
force_pulse_l6,0.08722023387267967,0.17773243242444567,0.09152297824621201,0.04729532898967177,True,0.014196271765817906,preview,0.04014025650551606,0.07904599905014038,0.037717784127027254,6,0.10141650563849758,NaiveDelayed,0.21787268892996173,0.1705689772963524,0.08501311311669903,force_pulse,a84ffca02433ad64f0319e8491bdfb45dc33c2b92cc508e1e0adeeff8df170e0,4,fast_ellipse
force_pulse_l6,-0.0006948815632493374,-0.009555201823077921,-0.010458963364362694,-0.004601597758679896,True,0.014196271765817906,preview,0.04014025650551606,0.07904599905014038,0.037717784127027254,6,0.013501390202568568,VirtualDelayAware,0.030585054682438138,0.06858703568577769,0.03311618636834736,force_pulse,a84ffca02433ad64f0319e8491bdfb45dc33c2b92cc508e1e0adeeff8df170e0,0,fast_ellipse
force_pulse_l6,-0.0017653294916331955,-0.012440355662397297,-0.01990998834371567,-0.007041972884719784,True,0.014196271765817906,preview,0.04014025650551606,0.07904599905014038,0.037717784127027254,6,0.01243094227418471,VirtualDelayAware,0.027699900843118762,0.05913601070642471,0.03067581124230747,force_pulse,a84ffca02433ad64f0319e8491bdfb45dc33c2b92cc508e1e0adeeff8df170e0,1,fast_ellipse
force_pulse_l6,-0.0008209395337448831,-0.009816238001627932,-0.0092695601284504,-0.004617367805424613,True,0.014196271765817906,preview,0.04014025650551606,0.07904599905014038,0.037717784127027254,6,0.013375332232073022,VirtualDelayAware,0.030324018503888127,0.06977643892168998,0.03310041632160264,force_pulse,a84ffca02433ad64f0319e8491bdfb45dc33c2b92cc508e1e0adeeff8df170e0,2,fast_ellipse
force_pulse_l6,-0.001049579888472367,-0.010871067925389614,-0.01267115175724029,-0.005391179501185443,True,0.014196271765817906,preview,0.04014025650551606,0.07904599905014038,0.037717784127027254,6,0.013146691877345539,VirtualDelayAware,0.029269188580126445,0.0663748472929001,0.03232660462584181,force_pulse,a84ffca02433ad64f0319e8491bdfb45dc33c2b92cc508e1e0adeeff8df170e0,3,fast_ellipse
force_pulse_l6,-0.0018932649751769639,-0.011250313037861764,-0.01920207217335701,-0.007089985623766587,True,0.014196271765817906,preview,0.04014025650551606,0.07904599905014038,0.037717784127027254,6,0.012303006790640942,VirtualDelayAware,0.028889943467654295,0.059843926876783374,0.030627798503260667,force_pulse,a84ffca02433ad64f0319e8491bdfb45dc33c2b92cc508e1e0adeeff8df170e0,4,fast_ellipse
force_pulse_l6,-8.0005378770176e-05,-0.00874409181508376,-0.0023058243095874786,-0.0024244952996193628,True,0.014196271765817906,preview,0.04014025650551606,0.07904599905014038,0.037717784127027254,6,0.01411626638704773,ThreadedAsync,0.0313961646904323,0.0767401747405529,0.03529328882740789,force_pulse,a84ffca02433ad64f0319e8491bdfb45dc33c2b92cc508e1e0adeeff8df170e0,0,fast_ellipse
force_pulse_l6,0.0005090270375581827,-0.007751615846471847,-0.015036611258983604,-0.0035091810843189478,True,0.014196271765817906,preview,0.04014025650551606,0.07904599905014038,0.037717784127027254,6,0.014705298803376088,ThreadedAsync,0.03238864065904421,0.06400938779115678,0.034208603042708306,force_pulse,a84ffca02433ad64f0319e8491bdfb45dc33c2b92cc508e1e0adeeff8df170e0,1,fast_ellipse
force_pulse_l6,-4.46203481729128e-05,-0.008469531908464674,-0.008383005112409594,-0.0025600848599470066,True,0.014196271765817906,preview,0.04014025650551606,0.07904599905014038,0.037717784127027254,6,0.014151651417644993,ThreadedAsync,0.031670724597051385,0.07066299393773079,0.03515769926708025,force_pulse,a84ffca02433ad64f0319e8491bdfb45dc33c2b92cc508e1e0adeeff8df170e0,2,fast_ellipse
force_pulse_l6,-0.0003667941178249843,-0.009589999878083531,-0.009444466978311541,-0.0037492491965077854,True,0.014196271765817906,preview,0.04014025650551606,0.07904599905014038,0.037717784127027254,6,0.013829477647992921,ThreadedAsync,0.030550256627432527,0.06960153207182884,0.03396853493051947,force_pulse,a84ffca02433ad64f0319e8491bdfb45dc33c2b92cc508e1e0adeeff8df170e0,3,fast_ellipse
force_pulse_l6,0.0014133721339296777,-0.004825199548149611,0.006365178525447851,0.0020226146832353076,True,0.014196271765817906,preview,0.04014025650551606,0.07904599905014038,0.037717784127027254,6,0.015609643899747583,ThreadedAsync,0.03531505695736645,0.08541117757558823,0.03974039881026256,force_pulse,a84ffca02433ad64f0319e8491bdfb45dc33c2b92cc508e1e0adeeff8df170e0,4,fast_ellipse
nominal,0.0008377820094184855,-0.007951669457614469,-0.0018158055841922538,-0.0007823403448424734,True,0.013797613568467891,preview,0.03947057674271738,0.07657713517546653,0.03674122510417365,0,0.014635395577886377,IdealZeroDelay,0.03151890728510291,0.07476132959127428,0.03595888475933118,nominal,a84ffca02433ad64f0319e8491bdfb45dc33c2b92cc508e1e0adeeff8df170e0,0,fast_ellipse
nominal,-0.00145760435540568,-0.013647110610017839,-0.020185204967856404,-0.007513278770615056,True,0.013797613568467891,preview,0.03947057674271738,0.07657713517546653,0.03674122510417365,0,0.012340009213062211,IdealZeroDelay,0.025823466132699542,0.05639193020761013,0.029227946333558595,nominal,a84ffca02433ad64f0319e8491bdfb45dc33c2b92cc508e1e0adeeff8df170e0,1,fast_ellipse
nominal,0.0045966618941953585,0.00053692467697114,0.008028838783502606,0.00723819289291526,True,0.013797613568467891,preview,0.03947057674271738,0.07657713517546653,0.03674122510417365,0,0.01839427546266325,IdealZeroDelay,0.04000750141968852,0.08460597395896914,0.04397941799708891,nominal,a84ffca02433ad64f0319e8491bdfb45dc33c2b92cc508e1e0adeeff8df170e0,2,fast_ellipse
nominal,-0.0019653298187144227,-0.0143845471126752,-0.0241631083190441,-0.008280990782328503,True,0.013797613568467891,preview,0.03947057674271738,0.07657713517546653,0.03674122510417365,0,0.011832283749753468,IdealZeroDelay,0.02508602963004218,0.052414026856422435,0.02846023432184515,nominal,a84ffca02433ad64f0319e8491bdfb45dc33c2b92cc508e1e0adeeff8df170e0,3,fast_ellipse
nominal,0.0013866152310067475,-0.007959050803631525,-0.0006708696484565707,-0.0009043282966235341,True,0.013797613568467891,preview,0.03947057674271738,0.07657713517546653,0.03674122510417365,0,0.015184228799474639,IdealZeroDelay,0.031511525939085856,0.07590626552700996,0.03583689680755012,nominal,a84ffca02433ad64f0319e8491bdfb45dc33c2b92cc508e1e0adeeff8df170e0,4,fast_ellipse
nominal,0.08251932712327506,0.1586428873909354,0.07630072012543677,0.0404687611148049,True,0.013797613568467891,preview,0.03947057674271738,0.07657713517546653,0.03674122510417365,0,0.09631694069174296,NaiveDelayed,0.1981134641336528,0.1528778553009033,0.07720998621897855,nominal,a84ffca02433ad64f0319e8491bdfb45dc33c2b92cc508e1e0adeeff8df170e0,0,fast_ellipse
nominal,0.08612518325533458,0.18360926917242604,0.0716158650815487,0.03895012332916196,True,0.013797613568467891,preview,0.03947057674271738,0.07657713517546653,0.03674122510417365,0,0.09992279682380248,NaiveDelayed,0.2230798459151434,0.14819300025701523,0.07569134843333561,nominal,a84ffca02433ad64f0319e8491bdfb45dc33c2b92cc508e1e0adeeff8df170e0,1,fast_ellipse
nominal,0.09407012516404933,0.192496983600617,0.05076290294528009,0.027509055136309406,True,0.013797613568467891,preview,0.03947057674271738,0.07657713517546653,0.03674122510417365,0,0.10786773873251722,NaiveDelayed,0.23196756034333438,0.12734003812074662,0.06425028024048306,nominal,a84ffca02433ad64f0319e8491bdfb45dc33c2b92cc508e1e0adeeff8df170e0,2,fast_ellipse
nominal,0.0716431100938939,0.1700840021042953,0.06974152699112894,0.0351120782358846,True,0.013797613568467891,preview,0.03947057674271738,0.07657713517546653,0.03674122510417365,0,0.08544072366236179,NaiveDelayed,0.20955457884701267,0.14631866216659548,0.07185330334005825,nominal,a84ffca02433ad64f0319e8491bdfb45dc33c2b92cc508e1e0adeeff8df170e0,3,fast_ellipse
nominal,0.08762677944172417,0.17994235891211385,0.0854674480855465,0.043798670288149204,True,0.013797613568467891,preview,0.03947057674271738,0.07657713517546653,0.03674122510417365,0,0.10142439301019207,NaiveDelayed,0.21941293565483125,0.16204458326101304,0.08053989539232285,nominal,a84ffca02433ad64f0319e8491bdfb45dc33c2b92cc508e1e0adeeff8df170e0,4,fast_ellipse
nominal,-0.00012069069928795882,-0.009789148521245322,-0.008576754480600343,-0.003335945097407797,True,0.013797613568467891,preview,0.03947057674271738,0.07657713517546653,0.03674122510417365,0,0.013676922869179932,VirtualDelayAware,0.02968142822147206,0.06800038069486619,0.033405280006765854,nominal,a84ffca02433ad64f0319e8491bdfb45dc33c2b92cc508e1e0adeeff8df170e0,0,fast_ellipse
nominal,-0.00019465215749423295,-0.00928961257394792,-0.015109432116150852,-0.0037650613185733345,True,0.013797613568467891,preview,0.03947057674271738,0.07657713517546653,0.03674122510417365,0,0.013602961410973658,VirtualDelayAware,0.03018096416876946,0.06146770305931568,0.03297616378560032,nominal,a84ffca02433ad64f0319e8491bdfb45dc33c2b92cc508e1e0adeeff8df170e0,1,fast_ellipse
nominal,0.0007878831517420561,-0.007266542215181866,-0.003625523298978764,-0.0007984964337033953,True,0.013797613568467891,preview,0.03947057674271738,0.07657713517546653,0.03674122510417365,0,0.014585496720209947,VirtualDelayAware,0.032204034527535515,0.07295161187648777,0.035942728670470256,nominal,a84ffca02433ad64f0319e8491bdfb45dc33c2b92cc508e1e0adeeff8df170e0,2,fast_ellipse
nominal,-0.00016842395915729266,-0.008801527846737243,-0.01103971377015113,-0.0032776561714165722,True,0.013797613568467891,preview,0.03947057674271738,0.07657713517546653,0.03674122510417365,0,0.013629189609310598,VirtualDelayAware,0.030669048895980138,0.0655374214053154,0.03346356893275708,nominal,a84ffca02433ad64f0319e8491bdfb45dc33c2b92cc508e1e0adeeff8df170e0,3,fast_ellipse
nominal,-0.0004744866423442226,-0.009201274677057222,-0.015196025371551507,-0.003954559787987304,True,0.013797613568467891,preview,0.03947057674271738,0.07657713517546653,0.03674122510417365,0,0.013323126926123668,VirtualDelayAware,0.03026930206566016,0.06138110980391503,0.03278666531618635,nominal,a84ffca02433ad64f0319e8491bdfb45dc33c2b92cc508e1e0adeeff8df170e0,4,fast_ellipse
nominal,-0.0013618595424127276,-0.012418722664116158,-0.01642569378018379,-0.006004175419789291,True,0.013797613568467891,preview,0.03947057674271738,0.07657713517546653,0.03674122510417365,0,0.012435754026055163,ThreadedAsync,0.027051854078601223,0.060151441395282744,0.03073704968438436,nominal,a84ffca02433ad64f0319e8491bdfb45dc33c2b92cc508e1e0adeeff8df170e0,0,fast_ellipse
nominal,0.0007974391065000228,-0.00786622781892575,-0.003229465335607501,-0.0010141473224128048,True,0.013797613568467891,preview,0.03947057674271738,0.07657713517546653,0.03674122510417365,0,0.014595052674967914,ThreadedAsync,0.03160434892379163,0.07334766983985903,0.035727077781760846,nominal,a84ffca02433ad64f0319e8491bdfb45dc33c2b92cc508e1e0adeeff8df170e0,1,fast_ellipse
nominal,0.0006552857051273162,-0.008676764883131842,-0.009711793065071098,-0.0023036742420930456,True,0.013797613568467891,preview,0.03947057674271738,0.07657713517546653,0.03674122510417365,0,0.014452899273595207,ThreadedAsync,0.03079381185958554,0.06686534211039544,0.034437550862080606,nominal,a84ffca02433ad64f0319e8491bdfb45dc33c2b92cc508e1e0adeeff8df170e0,2,fast_ellipse
nominal,-0.0014588092707902914,-0.01259818614203792,-0.01692109182476996,-0.006385169235283868,True,0.013797613568467891,preview,0.03947057674271738,0.07657713517546653,0.03674122510417365,0,0.0123388042976776,ThreadedAsync,0.02687239060067946,0.059656043350696575,0.030356055868889783,nominal,a84ffca02433ad64f0319e8491bdfb45dc33c2b92cc508e1e0adeeff8df170e0,3,fast_ellipse
nominal,0.00028368009795877447,-0.009170181328727399,-0.012092186510562888,-0.0034115490499212475,True,0.013797613568467891,preview,0.03947057674271738,0.07657713517546653,0.03674122510417365,0,0.014081293666426666,ThreadedAsync,0.030300395413989982,0.06448494866490365,0.033329676054252404,nominal,a84ffca02433ad64f0319e8491bdfb45dc33c2b92cc508e1e0adeeff8df170e0,4,fast_ellipse
observation_noise_l3,0.001259733573081052,-0.007456435643730525,-0.013408517092466349,-0.0022585163813374706,True,0.013797613568467891,preview,0.03947057674271738,0.07657713517546653,0.03674122510417365,3,0.015057347141548943,IdealZeroDelay,0.032014141098986856,0.06316861808300019,0.03448270872283618,observation_noise,a84ffca02433ad64f0319e8491bdfb45dc33c2b92cc508e1e0adeeff8df170e0,0,fast_ellipse
observation_noise_l3,0.0016109130332650316,-0.006550824074300368,-0.007210962474346133,-0.0006615090120691072,True,0.013797613568467891,preview,0.03947057674271738,0.07657713517546653,0.03674122510417365,3,0.015408526601732923,IdealZeroDelay,0.03291975266841701,0.0693661727011204,0.036079716092104544,observation_noise,a84ffca02433ad64f0319e8491bdfb45dc33c2b92cc508e1e0adeeff8df170e0,1,fast_ellipse
observation_noise_l3,-0.0007686333936129022,-0.012429167321142534,-0.02161343991756439,-0.006176775020208816,True,0.013797613568467891,preview,0.03947057674271738,0.07657713517546653,0.03674122510417365,3,0.013028980174854989,IdealZeroDelay,0.027041409421574847,0.054963695257902144,0.030564450083964835,observation_noise,a84ffca02433ad64f0319e8491bdfb45dc33c2b92cc508e1e0adeeff8df170e0,2,fast_ellipse
observation_noise_l3,0.00221209740452576,-0.003435068456291719,0.012303062528371836,0.0037327135015638724,True,0.013797613568467891,preview,0.03947057674271738,0.07657713517546653,0.03674122510417365,3,0.01600971097299365,IdealZeroDelay,0.03603550828642566,0.08888019770383837,0.040473938605737524,observation_noise,a84ffca02433ad64f0319e8491bdfb45dc33c2b92cc508e1e0adeeff8df170e0,3,fast_ellipse
observation_noise_l3,0.003968316505878786,-0.0019781662413992443,0.0021586284041404807,0.004468579026788287,True,0.013797613568467891,preview,0.03947057674271738,0.07657713517546653,0.03674122510417365,3,0.017765930074346677,IdealZeroDelay,0.03749241050131814,0.07873576357960702,0.04120980413096194,observation_noise,a84ffca02433ad64f0319e8491bdfb45dc33c2b92cc508e1e0adeeff8df170e0,4,fast_ellipse
observation_noise_l3,0.10872024225967106,0.24710699116472684,0.05617768988013268,0.03003669442488075,True,0.013797613568467891,preview,0.03947057674271738,0.07657713517546653,0.03674122510417365,3,0.12251785582813894,NaiveDelayed,0.2865775679074442,0.1327548250555992,0.0667779195290544,observation_noise,a84ffca02433ad64f0319e8491bdfb45dc33c2b92cc508e1e0adeeff8df170e0,0,fast_ellipse
observation_noise_l3,0.09746754897324908,0.19002347036894884,0.08089362606406215,0.038227152356289394,True,0.013797613568467891,preview,0.03947057674271738,0.07657713517546653,0.03674122510417365,3,0.11126516254171698,NaiveDelayed,0.22949404711166624,0.1574707612395287,0.07496837746046305,observation_noise,a84ffca02433ad64f0319e8491bdfb45dc33c2b92cc508e1e0adeeff8df170e0,1,fast_ellipse
observation_noise_l3,0.09026282905142574,0.16603384650931075,0.06793063804507256,0.03557030772541877,True,0.013797613568467891,preview,0.03947057674271738,0.07657713517546653,0.03674122510417365,3,0.10406044261989363,NaiveDelayed,0.20550442325202814,0.1445077732205391,0.07231153282959242,observation_noise,a84ffca02433ad64f0319e8491bdfb45dc33c2b92cc508e1e0adeeff8df170e0,2,fast_ellipse
observation_noise_l3,0.07019910629694584,0.15951973943765146,0.04486174359917641,0.027431806202704793,True,0.013797613568467891,preview,0.03947057674271738,0.07657713517546653,0.03674122510417365,3,0.08399671986541374,NaiveDelayed,0.19899031618036886,0.12143887877464295,0.06417303130687844,observation_noise,a84ffca02433ad64f0319e8491bdfb45dc33c2b92cc508e1e0adeeff8df170e0,3,fast_ellipse
observation_noise_l3,0.08676223408825587,0.17003113746425602,0.060007239133119575,0.030604818045453765,True,0.013797613568467891,preview,0.03947057674271738,0.07657713517546653,0.03674122510417365,3,0.10055984765672375,NaiveDelayed,0.20950171420697342,0.1365843743085861,0.06734604314962742,observation_noise,a84ffca02433ad64f0319e8491bdfb45dc33c2b92cc508e1e0adeeff8df170e0,4,fast_ellipse
observation_noise_l3,0.0007684403418121554,-0.007904520003356792,-0.011197680234909038,-0.0021799460761297573,True,0.013797613568467891,preview,0.03947057674271738,0.07657713517546653,0.03674122510417365,3,0.014566053910280046,VirtualDelayAware,0.03156605673936059,0.0653794549405575,0.034561279028043894,observation_noise,a84ffca02433ad64f0319e8491bdfb45dc33c2b92cc508e1e0adeeff8df170e0,0,fast_ellipse
observation_noise_l3,0.0028084460579720846,-0.0037370804710599795,-0.005209785699844344,0.0029004838835332697,True,0.013797613568467891,preview,0.03947057674271738,0.07657713517546653,0.03674122510417365,3,0.016606059626439976,VirtualDelayAware,0.0357334962716574,0.07136734947562219,0.03964170898770692,observation_noise,a84ffca02433ad64f0319e8491bdfb45dc33c2b92cc508e1e0adeeff8df170e0,1,fast_ellipse
observation_noise_l3,0.0007527173425274994,-0.007906552602542243,-0.008672603964805597,-0.0025308232192847585,True,0.013797613568467891,preview,0.03947057674271738,0.07657713517546653,0.03674122510417365,3,0.01455033091099539,VirtualDelayAware,0.03156402414017514,0.06790453121066094,0.03421040188488889,observation_noise,a84ffca02433ad64f0319e8491bdfb45dc33c2b92cc508e1e0adeeff8df170e0,2,fast_ellipse
observation_noise_l3,-0.001133541953412488,-0.011971970027137957,-0.017200565338134764,-0.005602995153589509,True,0.013797613568467891,preview,0.03947057674271738,0.07657713517546653,0.03674122510417365,3,0.012664071615055403,VirtualDelayAware,0.027498606715579424,0.05937656983733177,0.031138229950584143,observation_noise,a84ffca02433ad64f0319e8491bdfb45dc33c2b92cc508e1e0adeeff8df170e0,3,fast_ellipse
observation_noise_l3,-0.00034124968122505213,-0.009816969219770984,-0.006429778039455408,-0.0028953570078089214,True,0.013797613568467891,preview,0.03947057674271738,0.07657713517546653,0.03674122510417365,3,0.013456363887242839,VirtualDelayAware,0.029653607522946396,0.07014735713601113,0.03384586809636473,observation_noise,a84ffca02433ad64f0319e8491bdfb45dc33c2b92cc508e1e0adeeff8df170e0,4,fast_ellipse
observation_noise_l3,0.002795347179734238,-0.0028386926430895923,0.006936125457286849,0.0030942924889833454,True,0.013797613568467891,preview,0.03947057674271738,0.07657713517546653,0.03674122510417365,3,0.01659296074820213,ThreadedAsync,0.03663188409962779,0.08351326063275338,0.039835517593157,observation_noise,a84ffca02433ad64f0319e8491bdfb45dc33c2b92cc508e1e0adeeff8df170e0,0,fast_ellipse
observation_noise_l3,0.0009823219538568264,-0.005203044642126196,-0.008548652380704874,-0.0008561598802277678,True,0.013797613568467891,preview,0.03947057674271738,0.07657713517546653,0.03674122510417365,3,0.014779935522324717,ThreadedAsync,0.034267532100591185,0.06802848279476166,0.03588506522394588,observation_noise,a84ffca02433ad64f0319e8491bdfb45dc33c2b92cc508e1e0adeeff8df170e0,1,fast_ellipse
observation_noise_l3,0.0022851028513810705,-0.0037495513647687884,-0.003303661197423924,0.0012931497346606938,True,0.013797613568467891,preview,0.03947057674271738,0.07657713517546653,0.03674122510417365,3,0.01608271641984896,ThreadedAsync,0.03572102537794859,0.07327347397804261,0.038034374838834345,observation_noise,a84ffca02433ad64f0319e8491bdfb45dc33c2b92cc508e1e0adeeff8df170e0,2,fast_ellipse
observation_noise_l3,0.0017284871155095697,-0.0054328975523956005,-0.0033865153789520153,0.0014696417505697043,True,0.013797613568467891,preview,0.03947057674271738,0.07657713517546653,0.03674122510417365,3,0.01552610068397746,ThreadedAsync,0.03403767919032178,0.07319061979651452,0.038210866854743356,observation_noise,a84ffca02433ad64f0319e8491bdfb45dc33c2b92cc508e1e0adeeff8df170e0,3,fast_ellipse
observation_noise_l3,0.0017790852999852984,-0.003792333137157551,0.004248303174972559,0.002000846830061208,True,0.013797613568467891,preview,0.03947057674271738,0.07657713517546653,0.03674122510417365,3,0.01557669886845319,ThreadedAsync,0.03567824360555983,0.0808254383504391,0.03874207193423486,observation_noise,a84ffca02433ad64f0319e8491bdfb45dc33c2b92cc508e1e0adeeff8df170e0,4,fast_ellipse
observation_noise_l6,0.006247471098756112,0.0035941563454591277,0.017055882513523135,0.010803683331074697,True,0.013797613568467891,preview,0.03947057674271738,0.07657713517546653,0.03674122510417365,6,0.020045084667224003,IdealZeroDelay,0.04306473308817651,0.09363301768898967,0.04754490843524835,observation_noise,a84ffca02433ad64f0319e8491bdfb45dc33c2b92cc508e1e0adeeff8df170e0,0,fast_ellipse
observation_noise_l6,0.00565904834834632,0.00035451672639526255,0.0013134270906448448,0.0052787185401568515,True,0.013797613568467891,preview,0.03947057674271738,0.07657713517546653,0.03674122510417365,6,0.01945666191681421,IdealZeroDelay,0.039825093469112643,0.07789056226611138,0.0420199436443305,observation_noise,a84ffca02433ad64f0319e8491bdfb45dc33c2b92cc508e1e0adeeff8df170e0,1,fast_ellipse
observation_noise_l6,0.00861862694749909,0.009746177988511046,0.028161056339740767,0.015892379885204956,True,0.013797613568467891,preview,0.03947057674271738,0.07657713517546653,0.03674122510417365,6,0.02241624051596698,IdealZeroDelay,0.049216754731228426,0.1047381915152073,0.05263360498937861,observation_noise,a84ffca02433ad64f0319e8491bdfb45dc33c2b92cc508e1e0adeeff8df170e0,2,fast_ellipse
observation_noise_l6,0.002028299244234845,-0.005744463426609454,-0.0050237268209457064,-0.00039558820081925933,True,0.013797613568467891,preview,0.03947057674271738,0.07657713517546653,0.03674122510417365,6,0.015825912812702736,IdealZeroDelay,0.03372611331610793,0.07155340835452083,0.03634563690335439,observation_noise,a84ffca02433ad64f0319e8491bdfb45dc33c2b92cc508e1e0adeeff8df170e0,3,fast_ellipse
observation_noise_l6,0.0022356906662033167,-0.00483851995129405,-0.005329767614603034,0.0005055504560166277,True,0.013797613568467891,preview,0.03947057674271738,0.07657713517546653,0.03674122510417365,6,0.016033304234671208,IdealZeroDelay,0.03463205679142333,0.0712473675608635,0.03724677556019028,observation_noise,a84ffca02433ad64f0319e8491bdfb45dc33c2b92cc508e1e0adeeff8df170e0,4,fast_ellipse
observation_noise_l6,0.07419935887298906,0.1496810054231864,0.0839647136628628,0.03400346153748406,True,0.013797613568467891,preview,0.03947057674271738,0.07657713517546653,0.03674122510417365,6,0.08799697244145696,NaiveDelayed,0.1891515821659038,0.16054184883832934,0.07074468664165771,observation_noise,a84ffca02433ad64f0319e8491bdfb45dc33c2b92cc508e1e0adeeff8df170e0,0,fast_ellipse
observation_noise_l6,0.08923179286242724,0.20695012302396976,0.09163084104657175,0.03656694105419985,True,0.013797613568467891,preview,0.03947057674271738,0.07657713517546653,0.03674122510417365,6,0.10302940643089514,NaiveDelayed,0.24642069976668712,0.16820797622203829,0.0733081661583735,observation_noise,a84ffca02433ad64f0319e8491bdfb45dc33c2b92cc508e1e0adeeff8df170e0,1,fast_ellipse
observation_noise_l6,0.07862375419591441,0.1396691557200775,0.0622601501643658,0.033864748772966795,True,0.013797613568467891,preview,0.03947057674271738,0.07657713517546653,0.03674122510417365,6,0.0924213677643823,NaiveDelayed,0.17913973246279488,0.13883728533983233,0.07060597387714045,observation_noise,a84ffca02433ad64f0319e8491bdfb45dc33c2b92cc508e1e0adeeff8df170e0,2,fast_ellipse
observation_noise_l6,0.08839383171172352,0.1662466342313303,0.09152821078896524,0.04735405231096656,True,0.013797613568467891,preview,0.03947057674271738,0.07657713517546653,0.03674122510417365,6,0.1021914452801914,NaiveDelayed,0.2057172109740477,0.16810534596443177,0.08409527741514021,observation_noise,a84ffca02433ad64f0319e8491bdfb45dc33c2b92cc508e1e0adeeff8df170e0,3,fast_ellipse
observation_noise_l6,0.09140937717380221,0.17667910860208952,0.07714566513895989,0.04204482355535393,True,0.013797613568467891,preview,0.03947057674271738,0.07657713517546653,0.03674122510417365,6,0.10520699074227009,NaiveDelayed,0.21614968534480689,0.15372280031442642,0.07878604865952758,observation_noise,a84ffca02433ad64f0319e8491bdfb45dc33c2b92cc508e1e0adeeff8df170e0,4,fast_ellipse
observation_noise_l6,0.007792625464231692,0.007393149459346396,0.01401280313730241,0.013108592345422387,True,0.013797613568467891,preview,0.03947057674271738,0.07657713517546653,0.03674122510417365,6,0.021590239032699583,VirtualDelayAware,0.04686372620206378,0.09058993831276894,0.04984981744959604,observation_noise,a84ffca02433ad64f0319e8491bdfb45dc33c2b92cc508e1e0adeeff8df170e0,0,fast_ellipse
observation_noise_l6,0.013404477733768762,0.021003140144167626,0.06756723001599312,0.027575194826565015,True,0.013797613568467891,preview,0.03947057674271738,0.07657713517546653,0.03674122510417365,6,0.027202091302236654,VirtualDelayAware,0.06047371688688501,0.14414436519145965,0.06431641993073867,observation_noise,a84ffca02433ad64f0319e8491bdfb45dc33c2b92cc508e1e0adeeff8df170e0,1,fast_ellipse
observation_noise_l6,0.007260834051825468,0.008390298391122264,0.016338761895895018,0.01281060615615097,True,0.013797613568467891,preview,0.03947057674271738,0.07657713517546653,0.03674122510417365,6,0.02105844762029336,VirtualDelayAware,0.047860875133839645,0.09291589707136155,0.04955183126032462,observation_noise,a84ffca02433ad64f0319e8491bdfb45dc33c2b92cc508e1e0adeeff8df170e0,2,fast_ellipse
observation_noise_l6,0.0019059190728417386,-0.00660014422893232,-0.006798046082258216,-0.0016712560917828204,True,0.013797613568467891,preview,0.03947057674271738,0.07657713517546653,0.03674122510417365,6,0.01570353264130963,VirtualDelayAware,0.03287043251378506,0.06977908909320832,0.03506996901239083,observation_noise,a84ffca02433ad64f0319e8491bdfb45dc33c2b92cc508e1e0adeeff8df170e0,3,fast_ellipse
observation_noise_l6,0.002129394985444656,-0.005050260290872216,-0.003737960010766969,7.377930526792503e-05,True,0.013797613568467891,preview,0.03947057674271738,0.07657713517546653,0.03674122510417365,6,0.015927008553912547,VirtualDelayAware,0.034420316451845165,0.07283917516469957,0.036815004409441576,observation_noise,a84ffca02433ad64f0319e8491bdfb45dc33c2b92cc508e1e0adeeff8df170e0,4,fast_ellipse
observation_noise_l6,0.007516802672416851,0.005493541889846812,0.014875625073909757,0.010593231624984892,True,0.013797613568467891,preview,0.03947057674271738,0.07657713517546653,0.03674122510417365,6,0.021314416240884742,ThreadedAsync,0.04496411863256419,0.09145276024937629,0.04733445672915854,observation_noise,a84ffca02433ad64f0319e8491bdfb45dc33c2b92cc508e1e0adeeff8df170e0,0,fast_ellipse
observation_noise_l6,0.007327603102046932,0.004006552408784073,0.015237735956907278,0.008524558269479489,True,0.013797613568467891,preview,0.03947057674271738,0.07657713517546653,0.03674122510417365,6,0.021125216670514823,ThreadedAsync,0.043477129151501454,0.09181487113237381,0.04526578337365314,observation_noise,a84ffca02433ad64f0319e8491bdfb45dc33c2b92cc508e1e0adeeff8df170e0,1,fast_ellipse
observation_noise_l6,0.0012196421788207984,-0.007701807899825289,-0.010277622938156122,-0.0019092292679565928,True,0.013797613568467891,preview,0.03947057674271738,0.07657713517546653,0.03674122510417365,6,0.01501725574728869,ThreadedAsync,0.03176876884289209,0.06629951223731041,0.03483199583621706,observation_noise,a84ffca02433ad64f0319e8491bdfb45dc33c2b92cc508e1e0adeeff8df170e0,2,fast_ellipse
observation_noise_l6,0.0008282546780234538,-0.006107534176723446,-0.004594662040472014,-0.0013154778856075966,True,0.013797613568467891,preview,0.03947057674271738,0.07657713517546653,0.03674122510417365,6,0.014625868246491345,ThreadedAsync,0.033363042565993935,0.07198247313499452,0.035425747218566055,observation_noise,a84ffca02433ad64f0319e8491bdfb45dc33c2b92cc508e1e0adeeff8df170e0,3,fast_ellipse
observation_noise_l6,0.004743572097944817,-0.0001050953236897828,-0.001159113645553586,0.004191683558554961,True,0.013797613568467891,preview,0.03947057674271738,0.07657713517546653,0.03674122510417365,6,0.018541185666412708,ThreadedAsync,0.0393654814190276,0.07541802152991295,0.04093290866272861,observation_noise,a84ffca02433ad64f0319e8491bdfb45dc33c2b92cc508e1e0adeeff8df170e0,4,fast_ellipse
payload_l3,5.873339634580865e-05,-0.020983853211327765,-0.01634829193353654,-0.009458917438216419,True,0.020026037814445084,preview,0.065913141374327,0.10121302828192713,0.055457751185852895,3,0.020084771210790893,IdealZeroDelay,0.04492928816299923,0.08486473634839059,0.045998833747636476,payload,a84ffca02433ad64f0319e8491bdfb45dc33c2b92cc508e1e0adeeff8df170e0,0,fast_ellipse
payload_l3,0.0006231668763808443,-0.016447359207151582,0.012803741544485117,-0.005261495959732347,True,0.020026037814445084,preview,0.065913141374327,0.10121302828192713,0.055457751185852895,3,0.02064920469082593,IdealZeroDelay,0.04946578216717541,0.11401676982641225,0.05019625522612055,payload,a84ffca02433ad64f0319e8491bdfb45dc33c2b92cc508e1e0adeeff8df170e0,1,fast_ellipse
payload_l3,0.0029214386107519336,-0.014481403671594277,0.0031610801815986495,-0.0008944837692768451,True,0.020026037814445084,preview,0.065913141374327,0.10121302828192713,0.055457751185852895,3,0.022947476425197018,IdealZeroDelay,0.05143173770273272,0.10437410846352578,0.05456326741657605,payload,a84ffca02433ad64f0319e8491bdfb45dc33c2b92cc508e1e0adeeff8df170e0,2,fast_ellipse
payload_l3,0.004502596123652839,-0.011221709952159875,0.008031091839075064,0.0006210031273790537,True,0.020026037814445084,preview,0.065913141374327,0.10121302828192713,0.055457751185852895,3,0.024528633938097923,IdealZeroDelay,0.05469143142216712,0.1092441201210022,0.05607875431323195,payload,a84ffca02433ad64f0319e8491bdfb45dc33c2b92cc508e1e0adeeff8df170e0,3,fast_ellipse
payload_l3,0.000535752105302191,-0.02076909843464337,-0.00821681395173074,-0.007669766872800916,True,0.020026037814445084,preview,0.065913141374327,0.10121302828192713,0.055457751185852895,3,0.020561789919747275,IdealZeroDelay,0.045144042939683625,0.09299621433019639,0.04778798431305198,payload,a84ffca02433ad64f0319e8491bdfb45dc33c2b92cc508e1e0adeeff8df170e0,4,fast_ellipse
payload_l3,0.08624773163579647,0.1510021766547701,0.0698274753987789,0.024361957490731785,True,0.020026037814445084,preview,0.065913141374327,0.10121302828192713,0.055457751185852895,3,0.10627376945024156,NaiveDelayed,0.21691531802909708,0.17104050368070603,0.07981970867658468,payload,a84ffca02433ad64f0319e8491bdfb45dc33c2b92cc508e1e0adeeff8df170e0,0,fast_ellipse
payload_l3,0.06950977846112621,0.12657637661604706,0.05574368909001351,0.021233614858233683,True,0.020026037814445084,preview,0.065913141374327,0.10121302828192713,0.055457751185852895,3,0.08953581627557129,NaiveDelayed,0.19248951799037406,0.15695671737194064,0.07669136604408658,payload,a84ffca02433ad64f0319e8491bdfb45dc33c2b92cc508e1e0adeeff8df170e0,1,fast_ellipse
payload_l3,0.0757561788783884,0.14249786944817586,0.055623742192983605,0.023525065807822078,True,0.020026037814445084,preview,0.065913141374327,0.10121302828192713,0.055457751185852895,3,0.09578221669283349,NaiveDelayed,0.20841101082250285,0.15683677047491074,0.07898281699367497,payload,a84ffca02433ad64f0319e8491bdfb45dc33c2b92cc508e1e0adeeff8df170e0,2,fast_ellipse
payload_l3,0.0908321740779913,0.21100847455444968,0.058975314348936075,0.020575760299267214,True,0.020026037814445084,preview,0.065913141374327,0.10121302828192713,0.055457751185852895,3,0.11085821189243637,NaiveDelayed,0.2769216159287767,0.1601883426308632,0.07603351148512011,payload,a84ffca02433ad64f0319e8491bdfb45dc33c2b92cc508e1e0adeeff8df170e0,3,fast_ellipse
payload_l3,0.06640432557180048,0.09303528962307409,0.051702547818422345,0.022403529699972828,True,0.020026037814445084,preview,0.065913141374327,0.10121302828192713,0.055457751185852895,3,0.08643036338624557,NaiveDelayed,0.15894843099740108,0.15291557610034948,0.07786128088582572,payload,a84ffca02433ad64f0319e8491bdfb45dc33c2b92cc508e1e0adeeff8df170e0,4,fast_ellipse
payload_l3,0.001265967210389133,-0.013511953460801883,0.0026564024388790047,-0.0032619670162017528,True,0.020026037814445084,preview,0.065913141374327,0.10121302828192713,0.055457751185852895,3,0.021292005024834217,VirtualDelayAware,0.05240118791352511,0.10386943072080614,0.05219578416965114,payload,a84ffca02433ad64f0319e8491bdfb45dc33c2b92cc508e1e0adeeff8df170e0,0,fast_ellipse
payload_l3,0.0006410653762069299,-0.016075579145321144,-0.003368812799453738,-0.006143039070830497,True,0.020026037814445084,preview,0.065913141374327,0.10121302828192713,0.055457751185852895,3,0.020667103190652014,VirtualDelayAware,0.04983756222900585,0.09784421548247339,0.0493147121150224,payload,a84ffca02433ad64f0319e8491bdfb45dc33c2b92cc508e1e0adeeff8df170e0,1,fast_ellipse
payload_l3,0.0026499144730403323,-0.013873910628680666,-0.0037402369081974,-0.003918650378027383,True,0.020026037814445084,preview,0.065913141374327,0.10121302828192713,0.055457751185852895,3,0.022675952287485417,VirtualDelayAware,0.05203923074564633,0.09747279137372973,0.05153910080782551,payload,a84ffca02433ad64f0319e8491bdfb45dc33c2b92cc508e1e0adeeff8df170e0,2,fast_ellipse
payload_l3,0.0005861505620033819,-0.016420315229787513,-0.00947267711162568,-0.007123311734182632,True,0.020026037814445084,preview,0.065913141374327,0.10121302828192713,0.055457751185852895,3,0.020612188376448466,VirtualDelayAware,0.04949282614453948,0.09174035117030145,0.048334439451670264,payload,a84ffca02433ad64f0319e8491bdfb45dc33c2b92cc508e1e0adeeff8df170e0,3,fast_ellipse
payload_l3,-0.00010230956873192448,-0.016646499280118694,-0.005703617632389066,-0.006638249433528927,True,0.020026037814445084,preview,0.065913141374327,0.10121302828192713,0.055457751185852895,3,0.01992372824571316,VirtualDelayAware,0.0492666420942083,0.09550941064953807,0.04881950175232397,payload,a84ffca02433ad64f0319e8491bdfb45dc33c2b92cc508e1e0adeeff8df170e0,4,fast_ellipse
payload_l3,0.00039589389365852004,-0.016131912670065154,-0.004811079055070888,-0.006245757423818596,True,0.020026037814445084,preview,0.065913141374327,0.10121302828192713,0.055457751185852895,3,0.020421931708103604,ThreadedAsync,0.04978122870426184,0.09640194922685624,0.0492119937620343,payload,a84ffca02433ad64f0319e8491bdfb45dc33c2b92cc508e1e0adeeff8df170e0,0,fast_ellipse
payload_l3,-0.00029049059938921276,-0.017142995084545663,-0.007226709276437773,-0.0057209106650411845,True,0.020026037814445084,preview,0.065913141374327,0.10121302828192713,0.055457751185852895,3,0.01973554721505587,ThreadedAsync,0.04877014628978133,0.09398631900548936,0.04973684052081171,payload,a84ffca02433ad64f0319e8491bdfb45dc33c2b92cc508e1e0adeeff8df170e0,1,fast_ellipse
payload_l3,-0.0003631128673552697,-0.018138139528289132,-0.014303767681121848,-0.007741432763416468,True,0.020026037814445084,preview,0.065913141374327,0.10121302828192713,0.055457751185852895,3,0.019662924947089815,ThreadedAsync,0.04777500184603786,0.08690926060080528,0.04771631842243643,payload,a84ffca02433ad64f0319e8491bdfb45dc33c2b92cc508e1e0adeeff8df170e0,2,fast_ellipse
payload_l3,-0.0012578261609142716,-0.01915465505068021,-0.004524668306112298,-0.008044033526397647,True,0.020026037814445084,preview,0.065913141374327,0.10121302828192713,0.055457751185852895,3,0.018768211653530813,ThreadedAsync,0.046758486323646785,0.09668835997581483,0.04741371765945525,payload,a84ffca02433ad64f0319e8491bdfb45dc33c2b92cc508e1e0adeeff8df170e0,3,fast_ellipse
payload_l3,0.00025739154117892377,-0.015996062221629886,-0.012512557208538083,-0.005951606728470282,True,0.020026037814445084,preview,0.065913141374327,0.10121302828192713,0.055457751185852895,3,0.020283429355624008,ThreadedAsync,0.04991707915269711,0.08870047107338905,0.04950614445738261,payload,a84ffca02433ad64f0319e8491bdfb45dc33c2b92cc508e1e0adeeff8df170e0,4,fast_ellipse
payload_l6,-0.004958881681302006,-0.05661510027805762,-0.006220412254333507,-0.021441529156724273,True,0.044783475614187516,preview,0.16109918020406386,0.1817232266068459,0.12560106271310867,6,0.03982459393288551,IdealZeroDelay,0.10448407992600624,0.1755028143525124,0.1041595335563844,payload,a84ffca02433ad64f0319e8491bdfb45dc33c2b92cc508e1e0adeeff8df170e0,0,fast_ellipse
payload_l6,-0.00888910826169581,-0.06749187418252772,-0.016234864294528972,-0.03180331758030412,True,0.044783475614187516,preview,0.16109918020406386,0.1817232266068459,0.12560106271310867,6,0.035894367352491706,IdealZeroDelay,0.09360730602153614,0.16548836231231692,0.09379774513280455,payload,a84ffca02433ad64f0319e8491bdfb45dc33c2b92cc508e1e0adeeff8df170e0,1,fast_ellipse
payload_l6,-0.009321698759512345,-0.06857592313426075,-0.018471023440361056,-0.0343855439499855,True,0.044783475614187516,preview,0.16109918020406386,0.1817232266068459,0.12560106271310867,6,0.03546177685467517,IdealZeroDelay,0.0925232570698031,0.16325220316648484,0.09121551876312317,payload,a84ffca02433ad64f0319e8491bdfb45dc33c2b92cc508e1e0adeeff8df170e0,2,fast_ellipse
payload_l6,-0.008127078838937686,-0.06509980275427123,-0.030370856821537062,-0.032341890445358415,True,0.044783475614187516,preview,0.16109918020406386,0.1817232266068459,0.12560106271310867,6,0.03665639677524983,IdealZeroDelay,0.09599937744979263,0.15135236978530883,0.09325917226775025,payload,a84ffca02433ad64f0319e8491bdfb45dc33c2b92cc508e1e0adeeff8df170e0,3,fast_ellipse
payload_l6,-0.010301719374703554,-0.06759356635015941,-0.019993636012077376,-0.03323739651167447,True,0.044783475614187516,preview,0.16109918020406386,0.1817232266068459,0.12560106271310867,6,0.03448175623948396,IdealZeroDelay,0.09350561385390445,0.16172959059476852,0.0923636662014342,payload,a84ffca02433ad64f0319e8491bdfb45dc33c2b92cc508e1e0adeeff8df170e0,4,fast_ellipse
payload_l6,0.09802152875152004,0.16445833221431236,0.006347233057022089,-0.025648754507174104,True,0.044783475614187516,preview,0.16109918020406386,0.1817232266068459,0.12560106271310867,6,0.14280500436570756,NaiveDelayed,0.3255575124183762,0.18807045966386798,0.09995230820593456,payload,a84ffca02433ad64f0319e8491bdfb45dc33c2b92cc508e1e0adeeff8df170e0,0,fast_ellipse
payload_l6,0.08982220926382525,0.13234692606542722,0.02697009742259976,-0.026154957638155202,True,0.044783475614187516,preview,0.16109918020406386,0.1817232266068459,0.12560106271310867,6,0.13460568487801278,NaiveDelayed,0.2934461062694911,0.20869332402944565,0.09944610507495347,payload,a84ffca02433ad64f0319e8491bdfb45dc33c2b92cc508e1e0adeeff8df170e0,1,fast_ellipse
payload_l6,0.054437393973511154,0.07733442851809635,0.013043634593486758,-0.031107069651613542,True,0.044783475614187516,preview,0.16109918020406386,0.1817232266068459,0.12560106271310867,6,0.09922086958769867,NaiveDelayed,0.2384336087221602,0.19476686120033265,0.09449399306149513,payload,a84ffca02433ad64f0319e8491bdfb45dc33c2b92cc508e1e0adeeff8df170e0,2,fast_ellipse
payload_l6,0.055228773638503446,0.08080709911473921,0.0078024715185165405,-0.030372143067684598,True,0.044783475614187516,preview,0.16109918020406386,0.1817232266068459,0.12560106271310867,6,0.10001224925269096,NaiveDelayed,0.24190627931880307,0.18952569812536244,0.09522891964542407,payload,a84ffca02433ad64f0319e8491bdfb45dc33c2b92cc508e1e0adeeff8df170e0,3,fast_ellipse
payload_l6,0.05767601116888147,0.06853810958348241,-0.011260189116001101,-0.03272599586607515,True,0.044783475614187516,preview,0.16109918020406386,0.1817232266068459,0.12560106271310867,6,0.10245948678306899,NaiveDelayed,0.22963728978754627,0.1704630374908448,0.09287506684703352,payload,a84ffca02433ad64f0319e8491bdfb45dc33c2b92cc508e1e0adeeff8df170e0,4,fast_ellipse
payload_l6,-0.007572373457838934,-0.05236445165717081,-0.01557518839836125,-0.024702246551631765,True,0.044783475614187516,preview,0.16109918020406386,0.1817232266068459,0.12560106271310867,6,0.03721110215634858,VirtualDelayAware,0.10873472854689305,0.16614803820848464,0.1008988161614769,payload,a84ffca02433ad64f0319e8491bdfb45dc33c2b92cc508e1e0adeeff8df170e0,0,fast_ellipse
payload_l6,-0.01251175724156698,-0.06340631158640761,-0.025669729709625194,-0.035661779071131966,True,0.044783475614187516,preview,0.16109918020406386,0.1817232266068459,0.12560106271310867,6,0.032271718372620536,VirtualDelayAware,0.09769286861765625,0.1560534968972207,0.0899392836419767,payload,a84ffca02433ad64f0319e8491bdfb45dc33c2b92cc508e1e0adeeff8df170e0,1,fast_ellipse
payload_l6,-0.007527633976129482,-0.055419451334769,-0.023585350811481498,-0.02492487742787207,True,0.044783475614187516,preview,0.16109918020406386,0.1817232266068459,0.12560106271310867,6,0.037255841638058035,VirtualDelayAware,0.10567972886929486,0.1581378757953644,0.1006761852852366,payload,a84ffca02433ad64f0319e8491bdfb45dc33c2b92cc508e1e0adeeff8df170e0,2,fast_ellipse
payload_l6,-0.008761617175134323,-0.05652398069437384,-0.020693801343441037,-0.028560125340548623,True,0.044783475614187516,preview,0.16109918020406386,0.1817232266068459,0.12560106271310867,6,0.03602185843905319,VirtualDelayAware,0.10457519950969002,0.16102942526340486,0.09704093737256005,payload,a84ffca02433ad64f0319e8491bdfb45dc33c2b92cc508e1e0adeeff8df170e0,3,fast_ellipse
payload_l6,-0.008211327576282297,-0.05313810918492645,0.0005472734570503013,-0.02352726647608544,True,0.044783475614187516,preview,0.16109918020406386,0.1817232266068459,0.12560106271310867,6,0.03657214803790522,VirtualDelayAware,0.1079610710191374,0.1822705000638962,0.10207379623702323,payload,a84ffca02433ad64f0319e8491bdfb45dc33c2b92cc508e1e0adeeff8df170e0,4,fast_ellipse
payload_l6,-0.012028815657516845,-0.0613447277384257,-0.038540057837963104,-0.03440818073073813,True,0.044783475614187516,preview,0.16109918020406386,0.1817232266068459,0.12560106271310867,6,0.03275465995667067,ThreadedAsync,0.09975445246563816,0.1431831687688828,0.09119288198237054,payload,a84ffca02433ad64f0319e8491bdfb45dc33c2b92cc508e1e0adeeff8df170e0,0,fast_ellipse
payload_l6,-0.011157268655813353,-0.06002709060358524,-0.02726765573024753,-0.03223112560176199,True,0.044783475614187516,preview,0.16109918020406386,0.1817232266068459,0.12560106271310867,6,0.033626206958374164,ThreadedAsync,0.10107208960047862,0.15445557087659836,0.09336993711134668,payload,a84ffca02433ad64f0319e8491bdfb45dc33c2b92cc508e1e0adeeff8df170e0,1,fast_ellipse
payload_l6,-0.011176013101407513,-0.06001860052878662,-0.02506619393825532,-0.031666796968717506,True,0.044783475614187516,preview,0.16109918020406386,0.1817232266068459,0.12560106271310867,6,0.033607462512780004,ThreadedAsync,0.10108057967527724,0.15665703266859057,0.09393426574439116,payload,a84ffca02433ad64f0319e8491bdfb45dc33c2b92cc508e1e0adeeff8df170e0,2,fast_ellipse
payload_l6,-0.012006416402907269,-0.06509803447708269,-0.040908935666084334,-0.03635571781253971,True,0.044783475614187516,preview,0.16109918020406386,0.1817232266068459,0.12560106271310867,6,0.03277705921128025,ThreadedAsync,0.09600114572698117,0.14081429094076156,0.08924534490056896,payload,a84ffca02433ad64f0319e8491bdfb45dc33c2b92cc508e1e0adeeff8df170e0,3,fast_ellipse
payload_l6,-0.009612002366389268,-0.05770401743948923,-0.01948232948780057,-0.027108803696717615,True,0.044783475614187516,preview,0.16109918020406386,0.1817232266068459,0.12560106271310867,6,0.03517147324779825,ThreadedAsync,0.10339516276457462,0.16224089711904532,0.09849225901639105,payload,a84ffca02433ad64f0319e8491bdfb45dc33c2b92cc508e1e0adeeff8df170e0,4,fast_ellipse
actuator_gain_l3,-0.0020681269345076587,-0.013823311127092897,-0.022351801395416232,-0.009119159149649572,True,0.013303755501454505,preview,0.03831873688648543,0.08936683088541028,0.03788847381504702,3,0.011235628566946846,IdealZeroDelay,0.024495425759392536,0.06701502948999405,0.02876931466539745,actuator_gain,fc025a1f6ab9fdf644127a3000f4fa2244f35d77ef570ff282c34eafdba01260,0,figure8
actuator_gain_l3,-0.002016645872803707,-0.01412743571178789,-0.03033366128802297,-0.009527191069193426,True,0.013303755501454505,preview,0.03831873688648543,0.08936683088541028,0.03788847381504702,3,0.011287109628650798,IdealZeroDelay,0.024191301174697543,0.05903316959738731,0.028361282745853596,actuator_gain,fc025a1f6ab9fdf644127a3000f4fa2244f35d77ef570ff282c34eafdba01260,1,figure8
actuator_gain_l3,-0.0021506796865984196,-0.015105566201825151,-0.03370759822428225,-0.01088128693959799,True,0.013303755501454505,preview,0.03831873688648543,0.08936683088541028,0.03788847381504702,3,0.011153075814856086,IdealZeroDelay,0.02321317068466028,0.05565923266112803,0.02700718687544903,actuator_gain,fc025a1f6ab9fdf644127a3000f4fa2244f35d77ef570ff282c34eafdba01260,2,figure8
actuator_gain_l3,-0.00037466036212598433,-0.010586075100286137,-0.020575585216283776,-0.007153862994025054,True,0.013303755501454505,preview,0.03831873688648543,0.08936683088541028,0.03788847381504702,3,0.01292909513932852,IdealZeroDelay,0.027732661786199295,0.0687912456691265,0.030734610821021968,actuator_gain,fc025a1f6ab9fdf644127a3000f4fa2244f35d77ef570ff282c34eafdba01260,3,figure8
actuator_gain_l3,-0.001494951994540238,-0.012799446366794958,-0.02962961606681354,-0.008230344092920089,True,0.013303755501454505,preview,0.03831873688648543,0.08936683088541028,0.03788847381504702,3,0.011808803506914267,IdealZeroDelay,0.025519290519690475,0.05973721481859674,0.029658129722126933,actuator_gain,fc025a1f6ab9fdf644127a3000f4fa2244f35d77ef570ff282c34eafdba01260,4,figure8
actuator_gain_l3,0.06954596121250536,0.13839603851010682,0.04564340561628341,0.022042081500849825,True,0.013303755501454505,preview,0.03831873688648543,0.08936683088541028,0.03788847381504702,3,0.08284971671395987,NaiveDelayed,0.17671477539659225,0.1350102365016937,0.05993055531589685,actuator_gain,fc025a1f6ab9fdf644127a3000f4fa2244f35d77ef570ff282c34eafdba01260,0,figure8
actuator_gain_l3,0.07848643858934262,0.1814068267603165,0.08063720613718034,0.039822589052003865,True,0.013303755501454505,preview,0.03831873688648543,0.08936683088541028,0.03788847381504702,3,0.09179019409079713,NaiveDelayed,0.21972556364680193,0.17000403702259062,0.07771106286705089,actuator_gain,fc025a1f6ab9fdf644127a3000f4fa2244f35d77ef570ff282c34eafdba01260,1,figure8
actuator_gain_l3,0.08408444872792538,0.20251612363331423,0.056488549709320074,0.029217037328954157,True,0.013303755501454505,preview,0.03831873688648543,0.08936683088541028,0.03788847381504702,3,0.09738820422937988,NaiveDelayed,0.24083486051979966,0.14585538059473035,0.06710551114400118,actuator_gain,fc025a1f6ab9fdf644127a3000f4fa2244f35d77ef570ff282c34eafdba01260,2,figure8
actuator_gain_l3,0.08556804908910998,0.17861595695181146,0.04735887795686716,0.024945111176000387,True,0.013303755501454505,preview,0.03831873688648543,0.08936683088541028,0.03788847381504702,3,0.09887180459056448,NaiveDelayed,0.2169346938382969,0.13672570884227744,0.06283358499104741,actuator_gain,fc025a1f6ab9fdf644127a3000f4fa2244f35d77ef570ff282c34eafdba01260,3,figure8
actuator_gain_l3,0.07373030878077953,0.13108313585441544,0.0676763579249382,0.03517666455310403,True,0.013303755501454505,preview,0.03831873688648543,0.08936683088541028,0.03788847381504702,3,0.08703406428223404,NaiveDelayed,0.16940187274090088,0.15704318881034848,0.07306513836815105,actuator_gain,fc025a1f6ab9fdf644127a3000f4fa2244f35d77ef570ff282c34eafdba01260,4,figure8
actuator_gain_l3,-0.0008193988978800002,-0.010989627463198082,-0.018631268292665565,-0.007039805271305308,True,0.013303755501454505,preview,0.03831873688648543,0.08936683088541028,0.03788847381504702,3,0.012484356603574505,VirtualDelayAware,0.02732910942328735,0.07073556259274472,0.030848668543741714,actuator_gain,fc025a1f6ab9fdf644127a3000f4fa2244f35d77ef570ff282c34eafdba01260,0,figure8
actuator_gain_l3,-0.000473337059334656,-0.00895081942368825,-0.020642961561679857,-0.0059541520510364015,True,0.013303755501454505,preview,0.03831873688648543,0.08936683088541028,0.03788847381504702,3,0.012830418442119849,VirtualDelayAware,0.029367917462797183,0.06872386932373042,0.03193432176401062,actuator_gain,fc025a1f6ab9fdf644127a3000f4fa2244f35d77ef570ff282c34eafdba01260,1,figure8
actuator_gain_l3,-0.0011314058519699046,-0.012370374717480731,-0.020671125501394272,-0.007184987321000563,True,0.013303755501454505,preview,0.03831873688648543,0.08936683088541028,0.03788847381504702,3,0.0121723496494846,VirtualDelayAware,0.0259483621690047,0.06869570538401601,0.03070348649404646,actuator_gain,fc025a1f6ab9fdf644127a3000f4fa2244f35d77ef570ff282c34eafdba01260,2,figure8
actuator_gain_l3,-0.0014181299337017225,-0.011922772080004678,-0.029099305719137172,-0.0077687926638175565,True,0.013303755501454505,preview,0.03831873688648543,0.08936683088541028,0.03788847381504702,3,0.011885625567752783,VirtualDelayAware,0.026395964806480755,0.06026752516627311,0.030119681151229465,actuator_gain,fc025a1f6ab9fdf644127a3000f4fa2244f35d77ef570ff282c34eafdba01260,3,figure8
actuator_gain_l3,-0.0013888298479001679,-0.01298135197911034,-0.029874053597450267,-0.00880135966764517,True,0.013303755501454505,preview,0.03831873688648543,0.08936683088541028,0.03788847381504702,3,0.011914925653554337,VirtualDelayAware,0.025337384907375093,0.059492777287960014,0.029087114147401852,actuator_gain,fc025a1f6ab9fdf644127a3000f4fa2244f35d77ef570ff282c34eafdba01260,4,figure8
actuator_gain_l3,0.0013391976461187352,-0.004942435623255609,-0.0037196584045886827,-0.0007341771547623027,True,0.013303755501454505,preview,0.03831873688648543,0.08936683088541028,0.03788847381504702,3,0.01464295314757324,ThreadedAsync,0.033376301263229824,0.0856471724808216,0.03715429666028472,actuator_gain,fc025a1f6ab9fdf644127a3000f4fa2244f35d77ef570ff282c34eafdba01260,0,figure8
actuator_gain_l3,0.0008639122138011258,-0.0053596369703568306,-0.006145794689655273,-0.0010430855301108155,True,0.013303755501454505,preview,0.03831873688648543,0.08936683088541028,0.03788847381504702,3,0.014167667715255631,ThreadedAsync,0.0329590999161286,0.08322103619575501,0.036845388284936206,actuator_gain,fc025a1f6ab9fdf644127a3000f4fa2244f35d77ef570ff282c34eafdba01260,1,figure8
actuator_gain_l3,0.00015509834508317666,-0.008130140556229713,-0.017245180159807222,-0.004291237206309487,True,0.013303755501454505,preview,0.03831873688648543,0.08936683088541028,0.03788847381504702,3,0.013458853846537682,ThreadedAsync,0.03018859633025572,0.07212165072560306,0.033597236608737535,actuator_gain,fc025a1f6ab9fdf644127a3000f4fa2244f35d77ef570ff282c34eafdba01260,2,figure8
actuator_gain_l3,0.0011021395936290403,-0.005759601650359936,-0.009150226414203613,-0.0013661175060496258,True,0.013303755501454505,preview,0.03831873688648543,0.08936683088541028,0.03788847381504702,3,0.014405895095083545,ThreadedAsync,0.0325591352361255,0.08021660447120667,0.036522356308997396,actuator_gain,fc025a1f6ab9fdf644127a3000f4fa2244f35d77ef570ff282c34eafdba01260,3,figure8
actuator_gain_l3,0.0014532532724842156,-0.0028725796234596243,-0.0039959907531738476,-0.00047896911067418085,True,0.013303755501454505,preview,0.03831873688648543,0.08936683088541028,0.03788847381504702,3,0.01475700877393872,ThreadedAsync,0.03544615726302581,0.08537084013223643,0.03740950470437284,actuator_gain,fc025a1f6ab9fdf644127a3000f4fa2244f35d77ef570ff282c34eafdba01260,4,figure8
actuator_gain_l6,-0.0017337376954872606,-0.012177432592639925,-0.026507829874753933,-0.009591743513301727,True,0.018990175756253534,preview,0.05101406493317672,0.13088456690311429,0.054698269112379384,6,0.017256438060766273,IdealZeroDelay,0.038836632340536796,0.10437673702836035,0.04510652559907766,actuator_gain,fc025a1f6ab9fdf644127a3000f4fa2244f35d77ef570ff282c34eafdba01260,0,figure8
actuator_gain_l6,-0.0026161254996951537,-0.016845910386302433,-0.04085645973682403,-0.014147738603942105,True,0.018990175756253534,preview,0.05101406493317672,0.13088456690311429,0.054698269112379384,6,0.01637405025655838,IdealZeroDelay,0.03416815454687429,0.09002810716629026,0.04055053050843728,actuator_gain,fc025a1f6ab9fdf644127a3000f4fa2244f35d77ef570ff282c34eafdba01260,1,figure8
actuator_gain_l6,-0.0015403830551045522,-0.01444340981919822,-0.03581093400716781,-0.011292255697099685,True,0.018990175756253534,preview,0.05101406493317672,0.13088456690311429,0.054698269112379384,6,0.01744979270114898,IdealZeroDelay,0.0365706551139785,0.09507363289594647,0.0434060134152797,actuator_gain,fc025a1f6ab9fdf644127a3000f4fa2244f35d77ef570ff282c34eafdba01260,2,figure8
actuator_gain_l6,-0.0024652540681886596,-0.016829252376651872,-0.04567645862698552,-0.013361360569895085,True,0.018990175756253534,preview,0.05101406493317672,0.13088456690311429,0.054698269112379384,6,0.016524921688064874,IdealZeroDelay,0.03418481255652485,0.08520810827612876,0.0413369085424843,actuator_gain,fc025a1f6ab9fdf644127a3000f4fa2244f35d77ef570ff282c34eafdba01260,3,figure8
actuator_gain_l6,-0.0028235283087916195,-0.016275848784444484,-0.046459045261144624,-0.01444360289575209,True,0.018990175756253534,preview,0.05101406493317672,0.13088456690311429,0.054698269112379384,6,0.016166647447461914,IdealZeroDelay,0.03473821614873224,0.08442552164196966,0.040254666216627294,actuator_gain,fc025a1f6ab9fdf644127a3000f4fa2244f35d77ef570ff282c34eafdba01260,4,figure8
actuator_gain_l6,0.05674501688357761,0.11397000449749237,0.039257831871509524,0.02212723434575275,True,0.018990175756253534,preview,0.05101406493317672,0.13088456690311429,0.054698269112379384,6,0.07573519263983114,NaiveDelayed,0.1649840694306691,0.1701423987746238,0.07682550345813213,actuator_gain,fc025a1f6ab9fdf644127a3000f4fa2244f35d77ef570ff282c34eafdba01260,0,figure8
actuator_gain_l6,0.07767047081338391,0.15718947487930776,0.025258462131023257,0.019180502739913348,True,0.018990175756253534,preview,0.05101406493317672,0.13088456690311429,0.054698269112379384,6,0.09666064656963744,NaiveDelayed,0.2082035398124845,0.15614302903413754,0.07387877185229273,actuator_gain,fc025a1f6ab9fdf644127a3000f4fa2244f35d77ef570ff282c34eafdba01260,1,figure8
actuator_gain_l6,0.0654490802400778,0.1390981891178733,0.03777756541967392,0.024550653909225735,True,0.018990175756253534,preview,0.05101406493317672,0.13088456690311429,0.054698269112379384,6,0.08443925599633133,NaiveDelayed,0.19011225405105003,0.1686621323227882,0.07924892302160512,actuator_gain,fc025a1f6ab9fdf644127a3000f4fa2244f35d77ef570ff282c34eafdba01260,2,figure8
actuator_gain_l6,0.057142621384169284,0.0996904061600675,0.039565540850162534,0.02659314950265374,True,0.018990175756253534,preview,0.05101406493317672,0.13088456690311429,0.054698269112379384,6,0.07613279714042281,NaiveDelayed,0.15070447109324422,0.17045010775327682,0.08129141861503313,actuator_gain,fc025a1f6ab9fdf644127a3000f4fa2244f35d77ef570ff282c34eafdba01260,3,figure8
actuator_gain_l6,0.07682581551057986,0.15034374467491748,0.03544228076934816,0.022035192177866904,True,0.018990175756253534,preview,0.05101406493317672,0.13088456690311429,0.054698269112379384,6,0.09581599126683339,NaiveDelayed,0.2013578096080942,0.16632684767246245,0.07673346129024629,actuator_gain,fc025a1f6ab9fdf644127a3000f4fa2244f35d77ef570ff282c34eafdba01260,4,figure8
actuator_gain_l6,-0.0013538311064443635,-0.011841969650660165,-0.031917791813611984,-0.009488583797620874,True,0.018990175756253534,preview,0.05101406493317672,0.13088456690311429,0.054698269112379384,6,0.01763634464980917,VirtualDelayAware,0.039172095282516556,0.0989667750895023,0.04520968531475851,actuator_gain,fc025a1f6ab9fdf644127a3000f4fa2244f35d77ef570ff282c34eafdba01260,0,figure8
actuator_gain_l6,-0.0011219780592257277,-0.011733188777505343,-0.02798025831580163,-0.009012698117286957,True,0.018990175756253534,preview,0.05101406493317672,0.13088456690311429,0.054698269112379384,6,0.017868197697027806,VirtualDelayAware,0.03928087615567138,0.10290430858731266,0.04568557099509243,actuator_gain,fc025a1f6ab9fdf644127a3000f4fa2244f35d77ef570ff282c34eafdba01260,1,figure8
actuator_gain_l6,-0.0013379177943047722,-0.011943973591290014,-0.024527168273925773,-0.009840775097507325,True,0.018990175756253534,preview,0.05101406493317672,0.13088456690311429,0.054698269112379384,6,0.01765225796194876,VirtualDelayAware,0.03907009134188671,0.10635739862918851,0.04485749401487206,actuator_gain,fc025a1f6ab9fdf644127a3000f4fa2244f35d77ef570ff282c34eafdba01260,2,figure8
actuator_gain_l6,-0.0013630277107669272,-0.012276552754702338,-0.025672275573015227,-0.00929768584004631,True,0.018990175756253534,preview,0.05101406493317672,0.13088456690311429,0.054698269112379384,6,0.017627148045486606,VirtualDelayAware,0.03873751217847438,0.10521229133009906,0.045400583272333074,actuator_gain,fc025a1f6ab9fdf644127a3000f4fa2244f35d77ef570ff282c34eafdba01260,3,figure8
actuator_gain_l6,-0.0021866745305012918,-0.014190791291299819,-0.030403546988964095,-0.011077769460925861,True,0.018990175756253534,preview,0.05101406493317672,0.13088456690311429,0.054698269112379384,6,0.016803501225752242,VirtualDelayAware,0.0368232736418769,0.10048101991415019,0.04362049965145352,actuator_gain,fc025a1f6ab9fdf644127a3000f4fa2244f35d77ef570ff282c34eafdba01260,4,figure8
actuator_gain_l6,-0.0011892781846658644,-0.012069049734080357,-0.023060439527034834,-0.008433730551983785,True,0.018990175756253534,preview,0.05101406493317672,0.13088456690311429,0.054698269112379384,6,0.01780089757158767,ThreadedAsync,0.038945015199096364,0.10782412737607945,0.0462645385603956,actuator_gain,fc025a1f6ab9fdf644127a3000f4fa2244f35d77ef570ff282c34eafdba01260,0,figure8
actuator_gain_l6,-0.0007796521993028611,-0.009739377076624242,-0.02073628902435304,-0.007363590475055214,True,0.018990175756253534,preview,0.05101406493317672,0.13088456690311429,0.054698269112379384,6,0.018210523556950672,ThreadedAsync,0.04127468785655248,0.11014827787876125,0.04733467863732417,actuator_gain,fc025a1f6ab9fdf644127a3000f4fa2244f35d77ef570ff282c34eafdba01260,1,figure8
actuator_gain_l6,-0.0021462681851714682,-0.014732873710435024,-0.03369286134839057,-0.011147469299497871,True,0.018990175756253534,preview,0.05101406493317672,0.13088456690311429,0.054698269112379384,6,0.016843907571082065,ThreadedAsync,0.0362811912227417,0.09719170555472371,0.04355079981288151,actuator_gain,fc025a1f6ab9fdf644127a3000f4fa2244f35d77ef570ff282c34eafdba01260,2,figure8
actuator_gain_l6,-0.0006628262668299766,-0.010836704798640177,-0.021713717281818437,-0.007574229281179408,True,0.018990175756253534,preview,0.05101406493317672,0.13088456690311429,0.054698269112379384,6,0.018327349489423557,ThreadedAsync,0.040177360134536544,0.10917084962129585,0.047124039831199976,actuator_gain,fc025a1f6ab9fdf644127a3000f4fa2244f35d77ef570ff282c34eafdba01260,3,figure8
actuator_gain_l6,-0.0012117630597341597,-0.012543416004255369,-0.02655930444598198,-0.008874222684430652,True,0.018990175756253534,preview,0.05101406493317672,0.13088456690311429,0.054698269112379384,6,0.017778412696519374,ThreadedAsync,0.03847064892892135,0.1043252624571323,0.04582404642794873,actuator_gain,fc025a1f6ab9fdf644127a3000f4fa2244f35d77ef570ff282c34eafdba01260,4,figure8
force_pulse_l3,-0.0006431489680930984,-0.01030067762726659,-0.018158283457160078,-0.004636275819349094,True,0.01150875658098803,preview,0.0339418536005384,0.07413702458143234,0.031453943760371555,3,0.010865607612894932,IdealZeroDelay,0.023641175973271807,0.055978741124272265,0.02681766794102246,force_pulse,fc025a1f6ab9fdf644127a3000f4fa2244f35d77ef570ff282c34eafdba01260,0,figure8
force_pulse_l3,-0.0009649956360264188,-0.010760885353794769,-0.016421470418572427,-0.00495897036778396,True,0.01150875658098803,preview,0.0339418536005384,0.07413702458143234,0.031453943760371555,3,0.010543760944961612,IdealZeroDelay,0.02318096824674363,0.057715554162859915,0.026494973392587596,force_pulse,fc025a1f6ab9fdf644127a3000f4fa2244f35d77ef570ff282c34eafdba01260,1,figure8
force_pulse_l3,-0.0010316178496027392,-0.01270638179788772,-0.020976943522691742,-0.006343815541479503,True,0.01150875658098803,preview,0.0339418536005384,0.07413702458143234,0.031453943760371555,3,0.010477138731385291,IdealZeroDelay,0.021235471802650677,0.0531600810587406,0.025110128218892053,force_pulse,fc025a1f6ab9fdf644127a3000f4fa2244f35d77ef570ff282c34eafdba01260,2,figure8
force_pulse_l3,-0.00099517569376361,-0.011432600655887224,-0.019750857725739555,-0.005504110746231344,True,0.01150875658098803,preview,0.0339418536005384,0.07413702458143234,0.031453943760371555,3,0.01051358088722442,IdealZeroDelay,0.022509252944651174,0.05438616685569279,0.025949833014140212,force_pulse,fc025a1f6ab9fdf644127a3000f4fa2244f35d77ef570ff282c34eafdba01260,3,figure8
force_pulse_l3,-0.00021932837577500787,-0.011075049898247768,-0.019389753416180648,-0.0053047932699248936,True,0.01150875658098803,preview,0.0339418536005384,0.07413702458143234,0.031453943760371555,3,0.011289428205213023,IdealZeroDelay,0.02286680370229063,0.054747271165251694,0.026149150490446662,force_pulse,fc025a1f6ab9fdf644127a3000f4fa2244f35d77ef570ff282c34eafdba01260,4,figure8
force_pulse_l3,0.06920606208711447,0.14074175111543477,0.042249079793691593,0.02445393025013405,True,0.01150875658098803,preview,0.0339418536005384,0.07413702458143234,0.031453943760371555,3,0.0807148186681025,NaiveDelayed,0.17468360471597316,0.11638610437512394,0.05590787401050561,force_pulse,fc025a1f6ab9fdf644127a3000f4fa2244f35d77ef570ff282c34eafdba01260,0,figure8
force_pulse_l3,0.08142255953161327,0.1700988980505487,0.0808025658130645,0.0413724739606155,True,0.01150875658098803,preview,0.0339418536005384,0.07413702458143234,0.031453943760371555,3,0.0929313161126013,NaiveDelayed,0.2040407516510871,0.15493959039449684,0.07282641772098705,force_pulse,fc025a1f6ab9fdf644127a3000f4fa2244f35d77ef570ff282c34eafdba01260,1,figure8
force_pulse_l3,0.08797082073344051,0.1998485865510809,0.06590807735919943,0.03382504517186087,True,0.01150875658098803,preview,0.0339418536005384,0.07413702458143234,0.031453943760371555,3,0.09947957731442854,NaiveDelayed,0.2337904401516193,0.14004510194063177,0.06527898893223243,force_pulse,fc025a1f6ab9fdf644127a3000f4fa2244f35d77ef570ff282c34eafdba01260,2,figure8
force_pulse_l3,0.07256145217030702,0.15886045392063627,0.048513566702604274,0.0287929928328143,True,0.01150875658098803,preview,0.0339418536005384,0.07413702458143234,0.031453943760371555,3,0.08407020875129505,NaiveDelayed,0.19280230752117467,0.12265059128403662,0.060246936593185856,force_pulse,fc025a1f6ab9fdf644127a3000f4fa2244f35d77ef570ff282c34eafdba01260,3,figure8
force_pulse_l3,0.07986860608086506,0.17041524655001836,0.06993588507175444,0.0373082668090811,True,0.01150875658098803,preview,0.0339418536005384,0.07413702458143234,0.031453943760371555,3,0.09137736266185309,NaiveDelayed,0.20435710015055675,0.14407290965318678,0.06876221056945266,force_pulse,fc025a1f6ab9fdf644127a3000f4fa2244f35d77ef570ff282c34eafdba01260,4,figure8
force_pulse_l3,-0.0007095219059426675,-0.01023249802287609,-0.017223194986581807,-0.0045398910811192544,True,0.01150875658098803,preview,0.0339418536005384,0.07413702458143234,0.031453943760371555,3,0.010799234675045363,VirtualDelayAware,0.02370935557766231,0.056913829594850536,0.0269140526792523,force_pulse,fc025a1f6ab9fdf644127a3000f4fa2244f35d77ef570ff282c34eafdba01260,0,figure8
force_pulse_l3,0.002270594305669329,-0.004674823784260072,-0.016585833951830886,-0.0006960737658913835,True,0.01150875658098803,preview,0.0339418536005384,0.07413702458143234,0.031453943760371555,3,0.01377935088665736,VirtualDelayAware,0.029267029816278326,0.057551190629601456,0.030757869994480172,force_pulse,fc025a1f6ab9fdf644127a3000f4fa2244f35d77ef570ff282c34eafdba01260,1,figure8
force_pulse_l3,-0.0011590159329042376,-0.010626776955734017,-0.02495003454387188,-0.005752478369939959,True,0.01150875658098803,preview,0.0339418536005384,0.07413702458143234,0.031453943760371555,3,0.010349740648083793,VirtualDelayAware,0.02331507664480438,0.04918699003756046,0.025701465390431597,force_pulse,fc025a1f6ab9fdf644127a3000f4fa2244f35d77ef570ff282c34eafdba01260,2,figure8
force_pulse_l3,-0.0004332644437342933,-0.009668031461359541,-0.01064280644059186,-0.004304542773520582,True,0.01150875658098803,preview,0.0339418536005384,0.07413702458143234,0.031453943760371555,3,0.011075492137253737,VirtualDelayAware,0.024273822139178856,0.06349421814084048,0.027149400986850973,force_pulse,fc025a1f6ab9fdf644127a3000f4fa2244f35d77ef570ff282c34eafdba01260,3,figure8
force_pulse_l3,-0.0004983059484765795,-0.009372499143091146,-0.02114980556070805,-0.00428642301500113,True,0.01150875658098803,preview,0.0339418536005384,0.07413702458143234,0.031453943760371555,3,0.011010450632511451,VirtualDelayAware,0.024569354457447252,0.05298721902072429,0.027167520745370426,force_pulse,fc025a1f6ab9fdf644127a3000f4fa2244f35d77ef570ff282c34eafdba01260,4,figure8
force_pulse_l3,0.00034586685915381256,-0.007991837997394991,-0.010014700144529348,-0.0016200964104346773,True,0.01150875658098803,preview,0.0339418536005384,0.07413702458143234,0.031453943760371555,3,0.011854623440141843,ThreadedAsync,0.025950015603143407,0.064122324436903,0.029833847349936878,force_pulse,fc025a1f6ab9fdf644127a3000f4fa2244f35d77ef570ff282c34eafdba01260,0,figure8
force_pulse_l3,-0.0008941146470991968,-0.01100463936719178,-0.014220301434397765,-0.004801330100298391,True,0.01150875658098803,preview,0.0339418536005384,0.07413702458143234,0.031453943760371555,3,0.010614641933888834,ThreadedAsync,0.022937214233346617,0.05991672314703458,0.026652613660073165,force_pulse,fc025a1f6ab9fdf644127a3000f4fa2244f35d77ef570ff282c34eafdba01260,1,figure8
force_pulse_l3,0.0010619362054716287,-0.004810512537394271,-0.007178962230682415,-0.00033147140367385114,True,0.01150875658098803,preview,0.0339418536005384,0.07413702458143234,0.031453943760371555,3,0.01257069278645966,ThreadedAsync,0.029131341063144127,0.06695806235074993,0.031122472356697704,force_pulse,fc025a1f6ab9fdf644127a3000f4fa2244f35d77ef570ff282c34eafdba01260,2,figure8
force_pulse_l3,-0.0013819279095439296,-0.011884548937995069,-0.02135522477328778,-0.006109656390873457,True,0.01150875658098803,preview,0.0339418536005384,0.07413702458143234,0.031453943760371555,3,0.010126828671444101,ThreadedAsync,0.02205730466254333,0.05278179980814456,0.0253442873694981,force_pulse,fc025a1f6ab9fdf644127a3000f4fa2244f35d77ef570ff282c34eafdba01260,3,figure8
force_pulse_l3,-0.0007692248919880049,-0.010921078035445477,-0.013908115029335082,-0.00473294202487836,True,0.01150875658098803,preview,0.0339418536005384,0.07413702458143234,0.031453943760371555,3,0.010739531689000026,ThreadedAsync,0.02302077556509292,0.06022890955209726,0.026721001735493195,force_pulse,fc025a1f6ab9fdf644127a3000f4fa2244f35d77ef570ff282c34eafdba01260,4,figure8
force_pulse_l6,0.00047415561855160965,-0.00725423833472719,-0.013298440724611282,-0.0016172186939648614,True,0.012291802240538503,preview,0.03547968559026557,0.07768176794052123,0.03341353015518861,6,0.012765957859090113,IdealZeroDelay,0.02822544725553838,0.06438332721590995,0.03179631146122375,force_pulse,fc025a1f6ab9fdf644127a3000f4fa2244f35d77ef570ff282c34eafdba01260,0,figure8
force_pulse_l6,-0.0012150954775048892,-0.011344146329601935,-0.020412965491414095,-0.006185258883474966,True,0.012291802240538503,preview,0.03547968559026557,0.07768176794052123,0.03341353015518861,6,0.011076706763033614,IdealZeroDelay,0.024135539260663634,0.057268802449107134,0.027228271271713643,force_pulse,fc025a1f6ab9fdf644127a3000f4fa2244f35d77ef570ff282c34eafdba01260,1,figure8
force_pulse_l6,-0.0008720986909655504,-0.011688246029398702,-0.01865099743008613,-0.00574325735043207,True,0.012291802240538503,preview,0.03547968559026557,0.07768176794052123,0.03341353015518861,6,0.011419703549572953,IdealZeroDelay,0.023791439560866868,0.0590307705104351,0.02767027280475654,force_pulse,fc025a1f6ab9fdf644127a3000f4fa2244f35d77ef570ff282c34eafdba01260,2,figure8
force_pulse_l6,-0.0007962713558243,-0.010411061121359394,-0.02253242619335652,-0.005121673072447298,True,0.012291802240538503,preview,0.03547968559026557,0.07768176794052123,0.03341353015518861,6,0.011495530884714203,IdealZeroDelay,0.025068624468906175,0.05514934174716471,0.02829185708274131,force_pulse,fc025a1f6ab9fdf644127a3000f4fa2244f35d77ef570ff282c34eafdba01260,3,figure8
force_pulse_l6,-0.0011036423129512276,-0.011387778124245348,-0.021494252607226372,-0.006071541045909075,True,0.012291802240538503,preview,0.03547968559026557,0.07768176794052123,0.03341353015518861,6,0.011188159927587276,IdealZeroDelay,0.02409190746602022,0.05618751533329486,0.027341989109279534,force_pulse,fc025a1f6ab9fdf644127a3000f4fa2244f35d77ef570ff282c34eafdba01260,4,figure8
force_pulse_l6,0.0689782314902109,0.14001525312570565,0.045258986204862475,0.024969995391992128,True,0.012291802240538503,preview,0.03547968559026557,0.07768176794052123,0.03341353015518861,6,0.08127003373074941,NaiveDelayed,0.17549493871597122,0.1229407541453837,0.05838352554718074,force_pulse,fc025a1f6ab9fdf644127a3000f4fa2244f35d77ef570ff282c34eafdba01260,0,figure8
force_pulse_l6,0.08415838503571477,0.17691594155472387,0.06465838551521302,0.033120273893547325,True,0.012291802240538503,preview,0.03547968559026557,0.07768176794052123,0.03341353015518861,6,0.09645018727625326,NaiveDelayed,0.21239562714498944,0.14234015345573425,0.06653380404873593,force_pulse,fc025a1f6ab9fdf644127a3000f4fa2244f35d77ef570ff282c34eafdba01260,1,figure8
force_pulse_l6,0.08095349723427725,0.17803707940960398,0.053009629249572754,0.03384507505590177,True,0.012291802240538503,preview,0.03547968559026557,0.07768176794052123,0.03341353015518861,6,0.09324529947481576,NaiveDelayed,0.21351676499986955,0.13069139719009398,0.06725860521109038,force_pulse,fc025a1f6ab9fdf644127a3000f4fa2244f35d77ef570ff282c34eafdba01260,2,figure8
force_pulse_l6,0.05542194482423985,0.12208637668989153,0.054928816854953766,0.032580319768492044,True,0.012291802240538503,preview,0.03547968559026557,0.07768176794052123,0.03341353015518861,6,0.06771374706477835,NaiveDelayed,0.1575660622801571,0.132610584795475,0.06599384992368065,force_pulse,fc025a1f6ab9fdf644127a3000f4fa2244f35d77ef570ff282c34eafdba01260,3,figure8
force_pulse_l6,0.07282946117231476,0.15001492946482967,0.06176089048385619,0.03509929272373104,True,0.012291802240538503,preview,0.03547968559026557,0.07768176794052123,0.03341353015518861,6,0.08512126341285325,NaiveDelayed,0.18549461505509524,0.13944265842437742,0.06851282287891965,force_pulse,fc025a1f6ab9fdf644127a3000f4fa2244f35d77ef570ff282c34eafdba01260,4,figure8
force_pulse_l6,-0.0007585815003169714,-0.010361883989861636,-0.01592894196510314,-0.005079354052265228,True,0.012291802240538503,preview,0.03547968559026557,0.07768176794052123,0.03341353015518861,6,0.011533220740221532,VirtualDelayAware,0.025117801600403934,0.06175282597541809,0.02833417610292338,force_pulse,fc025a1f6ab9fdf644127a3000f4fa2244f35d77ef570ff282c34eafdba01260,0,figure8
force_pulse_l6,0.0013832996239309912,-0.005526047220121583,-0.017006586492061618,-0.0018306102384343104,True,0.012291802240538503,preview,0.03547968559026557,0.07768176794052123,0.03341353015518861,6,0.013675101864469495,VirtualDelayAware,0.029953638370143986,0.06067518144845961,0.0315829199167543,force_pulse,fc025a1f6ab9fdf644127a3000f4fa2244f35d77ef570ff282c34eafdba01260,1,figure8
force_pulse_l6,-0.001517646697563992,-0.01074470738999465,-0.023168432340025892,-0.006509536081856334,True,0.012291802240538503,preview,0.03547968559026557,0.07768176794052123,0.03341353015518861,6,0.010774155542974511,VirtualDelayAware,0.02473497820027092,0.05451333560049534,0.026903994073332275,force_pulse,fc025a1f6ab9fdf644127a3000f4fa2244f35d77ef570ff282c34eafdba01260,2,figure8
force_pulse_l6,-0.0007553186280502434,-0.009626002926718936,-0.012365931272506722,-0.004479971311397678,True,0.012291802240538503,preview,0.03547968559026557,0.07768176794052123,0.03341353015518861,6,0.01153648361248826,VirtualDelayAware,0.025853682663546634,0.0653158366680145,0.02893355884379093,force_pulse,fc025a1f6ab9fdf644127a3000f4fa2244f35d77ef570ff282c34eafdba01260,3,figure8
force_pulse_l6,-0.00032471578335351546,-0.008575153827608928,-0.01974150314927106,-0.003971246871212138,True,0.012291802240538503,preview,0.03547968559026557,0.07768176794052123,0.03341353015518861,6,0.011967086457184988,VirtualDelayAware,0.02690453176265664,0.05794026479125017,0.02944228328397647,force_pulse,fc025a1f6ab9fdf644127a3000f4fa2244f35d77ef570ff282c34eafdba01260,4,figure8
force_pulse_l6,-0.0012998531109921375,-0.011569367135979638,-0.018721971660852432,-0.006215250435895856,True,0.012291802240538503,preview,0.03547968559026557,0.07768176794052123,0.03341353015518861,6,0.010991949129546366,ThreadedAsync,0.02391031845428593,0.0589597962796688,0.027198279719292753,force_pulse,fc025a1f6ab9fdf644127a3000f4fa2244f35d77ef570ff282c34eafdba01260,0,figure8
force_pulse_l6,-0.0009169031119775472,-0.009518153824341166,-0.01817570067942144,-0.00511780400584726,True,0.012291802240538503,preview,0.03547968559026557,0.07768176794052123,0.03341353015518861,6,0.011374899128560956,ThreadedAsync,0.025961531765924403,0.05950606726109979,0.02829572614934135,force_pulse,fc025a1f6ab9fdf644127a3000f4fa2244f35d77ef570ff282c34eafdba01260,1,figure8
force_pulse_l6,-0.0008807867345162219,-0.010908326787390073,-0.01741191223263744,-0.004615563757494841,True,0.012291802240538503,preview,0.03547968559026557,0.07768176794052123,0.03341353015518861,6,0.011411015506022281,ThreadedAsync,0.024571358802875497,0.06026985570788379,0.028797966397693768,force_pulse,fc025a1f6ab9fdf644127a3000f4fa2244f35d77ef570ff282c34eafdba01260,2,figure8
force_pulse_l6,-0.0005124321527157083,-0.00958152319114932,-0.016853139549493794,-0.004636971983780248,True,0.012291802240538503,preview,0.03547968559026557,0.07768176794052123,0.03341353015518861,6,0.011779370087822795,ThreadedAsync,0.02589816239911625,0.060828628391027435,0.02877655817140836,force_pulse,fc025a1f6ab9fdf644127a3000f4fa2244f35d77ef570ff282c34eafdba01260,3,figure8
force_pulse_l6,-0.0009724017974150675,-0.010727218564097467,-0.016085715964436552,-0.005058574713342701,True,0.012291802240538503,preview,0.03547968559026557,0.07768176794052123,0.03341353015518861,6,0.011319400443123436,ThreadedAsync,0.024752467026168103,0.06159605197608468,0.028354955441845908,force_pulse,fc025a1f6ab9fdf644127a3000f4fa2244f35d77ef570ff282c34eafdba01260,4,figure8
nominal,-0.00046799485662628836,-0.010303707700394616,-0.022398391738533988,-0.0049820848450476025,True,0.011595836496396353,preview,0.034207180543933915,0.07413702458143234,0.031694629843095914,0,0.011127841639770064,IdealZeroDelay,0.0239034728435393,0.051738632842898355,0.026712544998048312,nominal,fc025a1f6ab9fdf644127a3000f4fa2244f35d77ef570ff282c34eafdba01260,0,figure8
nominal,-0.001060504792649972,-0.010998373598085972,-0.01711556389927866,-0.005722711384171943,True,0.011595836496396353,preview,0.034207180543933915,0.07413702458143234,0.031694629843095914,0,0.01053533170374638,IdealZeroDelay,0.023208806945847944,0.057021460682153684,0.025971918458923972,nominal,fc025a1f6ab9fdf644127a3000f4fa2244f35d77ef570ff282c34eafdba01260,1,figure8
nominal,-0.0014745446139325918,-0.013476696011662563,-0.023713269084692026,-0.007390822076709335,True,0.011595836496396353,preview,0.034207180543933915,0.07413702458143234,0.031694629843095914,0,0.010121291882463761,IdealZeroDelay,0.020730484532271352,0.050423755496740316,0.02430380776638658,nominal,fc025a1f6ab9fdf644127a3000f4fa2244f35d77ef570ff282c34eafdba01260,2,figure8
nominal,-0.0008488735511515983,-0.01169309727082055,-0.01981842368841183,-0.005379811914109262,True,0.011595836496396353,preview,0.034207180543933915,0.07413702458143234,0.031694629843095914,0,0.010746962945244755,IdealZeroDelay,0.022514083273113366,0.05431860089302051,0.026314817928986652,nominal,fc025a1f6ab9fdf644127a3000f4fa2244f35d77ef570ff282c34eafdba01260,3,figure8
nominal,0.0019555559035635516,-0.005732457154724303,-0.011235039681196227,-0.0009629423422495009,True,0.011595836496396353,preview,0.034207180543933915,0.07413702458143234,0.031694629843095914,0,0.013551392399959904,IdealZeroDelay,0.028474723389209613,0.06290198490023612,0.030731687500846414,nominal,fc025a1f6ab9fdf644127a3000f4fa2244f35d77ef570ff282c34eafdba01260,4,figure8
nominal,0.06518953194088646,0.12838180800365934,0.043287336081266364,0.026135559239145026,True,0.011595836496396353,preview,0.034207180543933915,0.07413702458143234,0.031694629843095914,0,0.07678536843728281,NaiveDelayed,0.16258898854759327,0.1174243606626987,0.05783018908224094,nominal,fc025a1f6ab9fdf644127a3000f4fa2244f35d77ef570ff282c34eafdba01260,0,figure8
nominal,0.07637917012259336,0.1537949800434174,0.07749481350183485,0.03935424368669829,True,0.011595836496396353,preview,0.034207180543933915,0.07413702458143234,0.031694629843095914,0,0.08797500661898972,NaiveDelayed,0.1880021605873513,0.1516318380832672,0.07104887352979421,nominal,fc025a1f6ab9fdf644127a3000f4fa2244f35d77ef570ff282c34eafdba01260,1,figure8
nominal,0.0863599544629672,0.19874005435527226,0.06283895671367629,0.032486419833531635,True,0.011595836496396353,preview,0.034207180543933915,0.07413702458143234,0.031694629843095914,0,0.09795579095936355,NaiveDelayed,0.23294723489920616,0.13697598129510863,0.06418104967662755,nominal,fc025a1f6ab9fdf644127a3000f4fa2244f35d77ef570ff282c34eafdba01260,2,figure8
nominal,0.07156870020942505,0.1574512896655963,0.05023733451962471,0.02836178318874906,True,0.011595836496396353,preview,0.034207180543933915,0.07413702458143234,0.031694629843095914,0,0.0831645367058214,NaiveDelayed,0.1916584702095302,0.12437435910105706,0.060056413031844974,nominal,fc025a1f6ab9fdf644127a3000f4fa2244f35d77ef570ff282c34eafdba01260,3,figure8
nominal,0.07666033982764897,0.1732831179220195,0.07144425213336938,0.03623570326875272,True,0.011595836496396353,preview,0.034207180543933915,0.07413702458143234,0.031694629843095914,0,0.08825617632404532,NaiveDelayed,0.2074902984659534,0.14558127671480173,0.06793033311184864,nominal,fc025a1f6ab9fdf644127a3000f4fa2244f35d77ef570ff282c34eafdba01260,4,figure8
nominal,6.052545542136259e-05,-0.009813663548113857,-0.015431543439626702,-0.0039423541164654435,True,0.011595836496396353,preview,0.034207180543933915,0.07413702458143234,0.031694629843095914,0,0.011656361951817715,VirtualDelayAware,0.02439351699582006,0.05870548114180564,0.02775227572663047,nominal,fc025a1f6ab9fdf644127a3000f4fa2244f35d77ef570ff282c34eafdba01260,0,figure8
nominal,-0.0005191618919050747,-0.011291796030203659,-0.020507292449474336,-0.00524685283950399,True,0.011595836496396353,preview,0.034207180543933915,0.07413702458143234,0.031694629843095914,0,0.011076674604491278,VirtualDelayAware,0.022915384513730257,0.053629732131958006,0.026447777003591924,nominal,fc025a1f6ab9fdf644127a3000f4fa2244f35d77ef570ff282c34eafdba01260,1,figure8
nominal,-0.0007119607256277274,-0.009497549053893689,-0.020052991434931756,-0.004859866146872442,True,0.011595836496396353,preview,0.034207180543933915,0.07413702458143234,0.031694629843095914,0,0.010883875770768625,VirtualDelayAware,0.024709631490040226,0.054084033146500586,0.026834763696223472,nominal,fc025a1f6ab9fdf644127a3000f4fa2244f35d77ef570ff282c34eafdba01260,2,figure8
nominal,-0.0006530102656123592,-0.010397797024312108,-0.014853875711560272,-0.004354909472996826,True,0.011595836496396353,preview,0.034207180543933915,0.07413702458143234,0.031694629843095914,0,0.010942826230783994,VirtualDelayAware,0.023809383519621807,0.05928314886987207,0.027339720370099088,nominal,fc025a1f6ab9fdf644127a3000f4fa2244f35d77ef570ff282c34eafdba01260,3,figure8
nominal,-0.0008733227345764476,-0.010376187143562914,-0.022557849064469393,-0.0048987545645420745,True,0.011595836496396353,preview,0.034207180543933915,0.07413702458143234,0.031694629843095914,0,0.010722513761819905,VirtualDelayAware,0.023830993400371002,0.05157917551696295,0.02679587527855384,nominal,fc025a1f6ab9fdf644127a3000f4fa2244f35d77ef570ff282c34eafdba01260,4,figure8
nominal,-0.0010751711780608037,-0.01170976612148458,-0.021869238466024406,-0.005720759078072922,True,0.011595836496396353,preview,0.034207180543933915,0.07413702458143234,0.031694629843095914,0,0.010520665318335549,ThreadedAsync,0.022497414422449336,0.05226778611540794,0.025973870765022992,nominal,fc025a1f6ab9fdf644127a3000f4fa2244f35d77ef570ff282c34eafdba01260,0,figure8
nominal,-0.0010210614509668578,-0.011757377543990581,-0.019594848901033413,-0.005587374782214376,True,0.011595836496396353,preview,0.034207180543933915,0.07413702458143234,0.031694629843095914,0,0.010574775045429495,ThreadedAsync,0.022449802999943334,0.05454217568039893,0.02610725506088154,nominal,fc025a1f6ab9fdf644127a3000f4fa2244f35d77ef570ff282c34eafdba01260,1,figure8
nominal,-0.0011792277564526155,-0.010711459845062072,-0.018075047805905423,-0.0055745240417167455,True,0.011595836496396353,preview,0.034207180543933915,0.07413702458143234,0.031694629843095914,0,0.010416608739943737,ThreadedAsync,0.023495720698871844,0.05606197677552692,0.02612010580137917,nominal,fc025a1f6ab9fdf644127a3000f4fa2244f35d77ef570ff282c34eafdba01260,2,figure8
nominal,0.004635615075912383,-0.00023663021263367612,-0.009117610752582578,0.0032257447203962036,True,0.011595836496396353,preview,0.034207180543933915,0.07413702458143234,0.031694629843095914,0,0.016231451572308736,ThreadedAsync,0.03397055033130024,0.06501941382884976,0.03492037456349212,nominal,fc025a1f6ab9fdf644127a3000f4fa2244f35d77ef570ff282c34eafdba01260,3,figure8
nominal,-0.0005111251800048438,-0.010274594193384879,-0.01659042537212372,-0.0040149131755555685,True,0.011595836496396353,preview,0.034207180543933915,0.07413702458143234,0.031694629843095914,0,0.011084711316391509,ThreadedAsync,0.023932586350549036,0.05754659920930862,0.027679716667540346,nominal,fc025a1f6ab9fdf644127a3000f4fa2244f35d77ef570ff282c34eafdba01260,4,figure8
observation_noise_l3,-0.00028608591340668205,-0.009409703574829766,-0.017855561524629603,-0.00326103205562437,True,0.011595836496396353,preview,0.034207180543933915,0.07413702458143234,0.031694629843095914,3,0.01130975058298967,IdealZeroDelay,0.02479747696910415,0.05628146305680274,0.028433597787471544,observation_noise,fc025a1f6ab9fdf644127a3000f4fa2244f35d77ef570ff282c34eafdba01260,0,figure8
observation_noise_l3,-0.0015843897407100856,-0.013377670878536505,-0.028764425590634364,-0.007865490769390325,True,0.011595836496396353,preview,0.034207180543933915,0.07413702458143234,0.031694629843095914,3,0.010011446755686267,IdealZeroDelay,0.02082950966539741,0.04537259899079798,0.02382913907370559,observation_noise,fc025a1f6ab9fdf644127a3000f4fa2244f35d77ef570ff282c34eafdba01260,1,figure8
observation_noise_l3,0.00024806206998018165,-0.009359995799019402,-0.023769932985305803,-0.0038458226010332254,True,0.011595836496396353,preview,0.034207180543933915,0.07413702458143234,0.031694629843095914,3,0.011843898566376534,IdealZeroDelay,0.024847184744914513,0.05036709159612654,0.02784880724206269,observation_noise,fc025a1f6ab9fdf644127a3000f4fa2244f35d77ef570ff282c34eafdba01260,2,figure8
observation_noise_l3,-0.001086133530516004,-0.013158778408576013,-0.023818279430270255,-0.006764538946643285,True,0.011595836496396353,preview,0.034207180543933915,0.07413702458143234,0.031694629843095914,3,0.010509702965880349,IdealZeroDelay,0.021048402135357903,0.05031874515116209,0.02493009089645263,observation_noise,fc025a1f6ab9fdf644127a3000f4fa2244f35d77ef570ff282c34eafdba01260,3,figure8
observation_noise_l3,-0.0019302951606085094,-0.012809630705891074,-0.018180712684988984,-0.007224937861731808,True,0.011595836496396353,preview,0.034207180543933915,0.07413702458143234,0.031694629843095914,3,0.009665541335787843,IdealZeroDelay,0.021397549838042842,0.05595631189644336,0.024469691981364106,observation_noise,fc025a1f6ab9fdf644127a3000f4fa2244f35d77ef570ff282c34eafdba01260,4,figure8
observation_noise_l3,0.08619025334573292,0.19454317478509164,0.06430646777153007,0.0298083676250962,True,0.011595836496396353,preview,0.034207180543933915,0.07413702458143234,0.031694629843095914,3,0.09778608984212928,NaiveDelayed,0.22875035532902555,0.1384434923529624,0.061502997468192114,observation_noise,fc025a1f6ab9fdf644127a3000f4fa2244f35d77ef570ff282c34eafdba01260,0,figure8
observation_noise_l3,0.08312865582029058,0.15717384579959037,0.0911416485905647,0.04133679093863002,True,0.011595836496396353,preview,0.034207180543933915,0.07413702458143234,0.031694629843095914,3,0.09472449231668693,NaiveDelayed,0.19138102634352427,0.16527867317199704,0.07303142078172593,observation_noise,fc025a1f6ab9fdf644127a3000f4fa2244f35d77ef570ff282c34eafdba01260,1,figure8
observation_noise_l3,0.05902425068382666,0.12747954949662083,0.06316212564706791,0.030978582438973362,True,0.011595836496396353,preview,0.034207180543933915,0.07413702458143234,0.031694629843095914,3,0.07062008718022302,NaiveDelayed,0.16168673004055473,0.13729915022850026,0.06267321228206928,observation_noise,fc025a1f6ab9fdf644127a3000f4fa2244f35d77ef570ff282c34eafdba01260,2,figure8
observation_noise_l3,0.06480417189340994,0.12513204991624471,0.07167720198631283,0.0314362745493363,True,0.011595836496396353,preview,0.034207180543933915,0.07413702458143234,0.031694629843095914,3,0.07640000838980629,NaiveDelayed,0.15933923046017862,0.14581422656774518,0.06313090439243221,observation_noise,fc025a1f6ab9fdf644127a3000f4fa2244f35d77ef570ff282c34eafdba01260,3,figure8
observation_noise_l3,0.074313654946855,0.1680843852357089,0.0589545413851737,0.03387612044923083,True,0.011595836496396353,preview,0.034207180543933915,0.07413702458143234,0.031694629843095914,3,0.08590949144325136,NaiveDelayed,0.20229156577964283,0.13309156596660604,0.06557075029232674,observation_noise,fc025a1f6ab9fdf644127a3000f4fa2244f35d77ef570ff282c34eafdba01260,4,figure8
observation_noise_l3,-0.0006957900519458087,-0.009843991908106711,-0.0170771986246109,-0.004821227011331978,True,0.011595836496396353,preview,0.034207180543933915,0.07413702458143234,0.031694629843095914,3,0.010900046444450544,VirtualDelayAware,0.024363188635827204,0.05705982595682144,0.026873402831763937,observation_noise,fc025a1f6ab9fdf644127a3000f4fa2244f35d77ef570ff282c34eafdba01260,0,figure8
observation_noise_l3,-0.0003341010849616244,-0.009302921714579578,-0.021007638797164004,-0.0050018660599901905,True,0.011595836496396353,preview,0.034207180543933915,0.07413702458143234,0.031694629843095914,3,0.011261735411434728,VirtualDelayAware,0.024904258829354337,0.05312938578426834,0.026692763783105724,observation_noise,fc025a1f6ab9fdf644127a3000f4fa2244f35d77ef570ff282c34eafdba01260,1,figure8
observation_noise_l3,0.0009947436625870835,-0.006119127239697649,-0.01785763651132588,-0.0017200900540137454,True,0.011595836496396353,preview,0.034207180543933915,0.07413702458143234,0.031694629843095914,3,0.012590580158983436,VirtualDelayAware,0.028088053304236266,0.05627938807010646,0.02997453978908217,observation_noise,fc025a1f6ab9fdf644127a3000f4fa2244f35d77ef570ff282c34eafdba01260,2,figure8
observation_noise_l3,0.000703336296625362,-0.008261223258573452,-0.022459370270371447,-0.003536393364100502,True,0.011595836496396353,preview,0.034207180543933915,0.07413702458143234,0.031694629843095914,3,0.012299172793021715,VirtualDelayAware,0.025945957285360463,0.051677654311060896,0.028158236478995412,observation_noise,fc025a1f6ab9fdf644127a3000f4fa2244f35d77ef570ff282c34eafdba01260,3,figure8
observation_noise_l3,-0.0005466239009808763,-0.010130307048194065,-0.018774995952844667,-0.004805156559502706,True,0.011595836496396353,preview,0.034207180543933915,0.07413702458143234,0.031694629843095914,3,0.011049212595415477,VirtualDelayAware,0.02407687349573985,0.055362028628587676,0.02688947328359321,observation_noise,fc025a1f6ab9fdf644127a3000f4fa2244f35d77ef570ff282c34eafdba01260,4,figure8
observation_noise_l3,-0.00036810526218471716,-0.008927758179408204,-0.01352690830826763,-0.003438736178461247,True,0.011595836496396353,preview,0.034207180543933915,0.07413702458143234,0.031694629843095914,3,0.011227731234211636,ThreadedAsync,0.02527942236452571,0.06061011627316471,0.028255893664634667,observation_noise,fc025a1f6ab9fdf644127a3000f4fa2244f35d77ef570ff282c34eafdba01260,0,figure8
observation_noise_l3,0.0006521858839090514,-0.007877051895895965,-0.01688966862857342,-0.0028290128479811286,True,0.011595836496396353,preview,0.034207180543933915,0.07413702458143234,0.031694629843095914,3,0.012248022380305404,ThreadedAsync,0.02633012864803795,0.057247355952858923,0.028865616995114786,observation_noise,fc025a1f6ab9fdf644127a3000f4fa2244f35d77ef570ff282c34eafdba01260,1,figure8
observation_noise_l3,0.0006905844624718657,-0.007243101174480366,-0.012239638343453436,-0.001652969125864958,True,0.011595836496396353,preview,0.034207180543933915,0.07413702458143234,0.031694629843095914,3,0.012286420958868218,ThreadedAsync,0.02696407936945355,0.061897386237978906,0.030041660717230956,observation_noise,fc025a1f6ab9fdf644127a3000f4fa2244f35d77ef570ff282c34eafdba01260,2,figure8
observation_noise_l3,0.0002656649493054976,-0.007259542919286516,-0.010474576056003673,-0.0016477437523356071,True,0.011595836496396353,preview,0.034207180543933915,0.07413702458143234,0.031694629843095914,3,0.01186150144570185,ThreadedAsync,0.0269476376246474,0.06366244852542867,0.030046886090760307,observation_noise,fc025a1f6ab9fdf644127a3000f4fa2244f35d77ef570ff282c34eafdba01260,3,figure8
observation_noise_l3,0.0010567568210635217,-0.006181192656987883,-0.011133235692978,-0.0014430255208870667,True,0.011595836496396353,preview,0.034207180543933915,0.07413702458143234,0.031694629843095914,3,0.012652593317459875,ThreadedAsync,0.028025987886946033,0.06300378888845434,0.030251604322208848,observation_noise,fc025a1f6ab9fdf644127a3000f4fa2244f35d77ef570ff282c34eafdba01260,4,figure8
observation_noise_l6,0.008789040290161452,0.009071737201692673,0.007668047398328465,0.013576511635510595,True,0.011595836496396353,preview,0.034207180543933915,0.07413702458143234,0.031694629843095914,6,0.020384876786557805,IdealZeroDelay,0.04327891774562659,0.08180507197976081,0.04527114147860651,observation_noise,fc025a1f6ab9fdf644127a3000f4fa2244f35d77ef570ff282c34eafdba01260,0,figure8
observation_noise_l6,0.008372656410672558,0.007585747946200316,0.0015251137316224794,0.010862752442485656,True,0.011595836496396353,preview,0.034207180543933915,0.07413702458143234,0.031694629843095914,6,0.01996849290706891,IdealZeroDelay,0.04179292849013423,0.07566213831305482,0.04255738228558157,observation_noise,fc025a1f6ab9fdf644127a3000f4fa2244f35d77ef570ff282c34eafdba01260,1,figure8
observation_noise_l6,0.002831214036855257,-0.0037867696923854013,-0.009502086788415964,0.0007377920597297083,True,0.011595836496396353,preview,0.034207180543933915,0.07413702458143234,0.031694629843095914,6,0.01442705053325161,IdealZeroDelay,0.030420410851548514,0.06463493779301638,0.03243242190282562,observation_noise,fc025a1f6ab9fdf644127a3000f4fa2244f35d77ef570ff282c34eafdba01260,2,figure8
observation_noise_l6,0.006442315972366254,0.00459954641324712,0.0013674534857273102,0.009808108201552819,True,0.011595836496396353,preview,0.034207180543933915,0.07413702458143234,0.031694629843095914,6,0.018038152468762607,IdealZeroDelay,0.038806726957181036,0.07550447806715965,0.04150273804464873,observation_noise,fc025a1f6ab9fdf644127a3000f4fa2244f35d77ef570ff282c34eafdba01260,3,figure8
observation_noise_l6,0.0010563170977776013,-0.007232528244976541,-0.01761127039790155,-0.0034954737487722758,True,0.011595836496396353,preview,0.034207180543933915,0.07413702458143234,0.031694629843095914,6,0.012652153594173954,IdealZeroDelay,0.026974652298957374,0.05652575418353079,0.02819915609432364,observation_noise,fc025a1f6ab9fdf644127a3000f4fa2244f35d77ef570ff282c34eafdba01260,4,figure8
observation_noise_l6,0.06767666857919845,0.12603084956404875,0.06386268138885495,0.034882983930751565,True,0.011595836496396353,preview,0.034207180543933915,0.07413702458143234,0.031694629843095914,6,0.0792725050755948,NaiveDelayed,0.16023803010798265,0.1379997059702873,0.06657761377384748,observation_noise,fc025a1f6ab9fdf644127a3000f4fa2244f35d77ef570ff282c34eafdba01260,0,figure8
observation_noise_l6,0.09137550365608237,0.1963332497873922,0.07287451624870298,0.03557550180833968,True,0.011595836496396353,preview,0.034207180543933915,0.07413702458143234,0.031694629843095914,6,0.10297134015247872,NaiveDelayed,0.2305404303313261,0.14701154083013532,0.0672701316514356,observation_noise,fc025a1f6ab9fdf644127a3000f4fa2244f35d77ef570ff282c34eafdba01260,1,figure8
observation_noise_l6,0.0641855244191835,0.13772177880850134,0.07919595837593077,0.03944008985066029,True,0.011595836496396353,preview,0.034207180543933915,0.07413702458143234,0.031694629843095914,6,0.07578136091557985,NaiveDelayed,0.17192895935243527,0.1533329829573631,0.0711347196937562,observation_noise,fc025a1f6ab9fdf644127a3000f4fa2244f35d77ef570ff282c34eafdba01260,2,figure8
observation_noise_l6,0.08314745177768604,0.18346682400429587,0.07562069743871688,0.03981502355873326,True,0.011595836496396353,preview,0.034207180543933915,0.07413702458143234,0.031694629843095914,6,0.09474328827408239,NaiveDelayed,0.2176740045482298,0.14975772202014923,0.07150965340182917,observation_noise,fc025a1f6ab9fdf644127a3000f4fa2244f35d77ef570ff282c34eafdba01260,3,figure8
observation_noise_l6,0.09510668004318945,0.2130449473261362,0.07577648907899845,0.03909146791574615,True,0.011595836496396353,preview,0.034207180543933915,0.07413702458143234,0.031694629843095914,6,0.1067025165395858,NaiveDelayed,0.24725212787007014,0.1499135136604308,0.07078609775884206,observation_noise,fc025a1f6ab9fdf644127a3000f4fa2244f35d77ef570ff282c34eafdba01260,4,figure8
observation_noise_l6,0.006817987759020417,0.0049548770604469355,-0.007830110937356957,0.00737980666030625,True,0.011595836496396353,preview,0.034207180543933915,0.07413702458143234,0.031694629843095914,6,0.01841382425541677,VirtualDelayAware,0.03916205760438085,0.06630691364407539,0.039074436503402164,observation_noise,fc025a1f6ab9fdf644127a3000f4fa2244f35d77ef570ff282c34eafdba01260,0,figure8
observation_noise_l6,0.0005103279694888101,-0.00647336247344572,-0.01848721839487559,-0.003574756455280846,True,0.011595836496396353,preview,0.034207180543933915,0.07413702458143234,0.031694629843095914,6,0.012106164465885163,VirtualDelayAware,0.027733818070488196,0.05564980618655675,0.02811987338781507,observation_noise,fc025a1f6ab9fdf644127a3000f4fa2244f35d77ef570ff282c34eafdba01260,1,figure8
observation_noise_l6,0.00245145692870455,-0.002899064278791469,-0.003553356975317029,0.0012986967607066524,True,0.011595836496396353,preview,0.034207180543933915,0.07413702458143234,0.031694629843095914,6,0.014047293425100903,VirtualDelayAware,0.03130811626514245,0.07058366760611531,0.03299332660380257,observation_noise,fc025a1f6ab9fdf644127a3000f4fa2244f35d77ef570ff282c34eafdba01260,2,figure8
observation_noise_l6,0.006956675114558171,0.005519004921448585,0.001249860227107949,0.008190817915778324,True,0.011595836496396353,preview,0.034207180543933915,0.07413702458143234,0.031694629843095914,6,0.018552511610954524,VirtualDelayAware,0.0397261854653825,0.07538688480854029,0.03988544775887424,observation_noise,fc025a1f6ab9fdf644127a3000f4fa2244f35d77ef570ff282c34eafdba01260,3,figure8
observation_noise_l6,0.0048011548879123706,0.0010158327024957156,-0.0019936621189118042,0.00458331660365114,True,0.011595836496396353,preview,0.034207180543933915,0.07413702458143234,0.031694629843095914,6,0.016396991384308723,VirtualDelayAware,0.03522301324642963,0.07214336246252054,0.036277946446747054,observation_noise,fc025a1f6ab9fdf644127a3000f4fa2244f35d77ef570ff282c34eafdba01260,4,figure8
observation_noise_l6,0.008461975478616643,0.009177016158891507,0.02099291905760764,0.012945511307084996,True,0.011595836496396353,preview,0.034207180543933915,0.07413702458143234,0.031694629843095914,6,0.020057811975012996,ThreadedAsync,0.04338419670282542,0.09512994363903998,0.04464014115018091,observation_noise,fc025a1f6ab9fdf644127a3000f4fa2244f35d77ef570ff282c34eafdba01260,0,figure8
observation_noise_l6,0.0013638094862368812,-0.005480898095569373,-0.015531176328659066,-0.0016807709074620966,True,0.011595836496396353,preview,0.034207180543933915,0.07413702458143234,0.031694629843095914,6,0.012959645982633234,ThreadedAsync,0.028726282448364542,0.05860584825277328,0.030013858935633818,observation_noise,fc025a1f6ab9fdf644127a3000f4fa2244f35d77ef570ff282c34eafdba01260,1,figure8
observation_noise_l6,0.00011253248870935449,-0.009005418831209571,-0.02471700683236122,-0.005392780055351171,True,0.011595836496396353,preview,0.034207180543933915,0.07413702458143234,0.031694629843095914,6,0.011708368985105707,ThreadedAsync,0.025201761712724344,0.04942001774907112,0.026301849787744743,observation_noise,fc025a1f6ab9fdf644127a3000f4fa2244f35d77ef570ff282c34eafdba01260,2,figure8
observation_noise_l6,0.0037105833726215447,-0.0017715344795508486,-0.005635354667901993,0.0021665040014243186,True,0.011595836496396353,preview,0.034207180543933915,0.07413702458143234,0.031694629843095914,6,0.015306419869017898,ThreadedAsync,0.03243564606438307,0.06850166991353035,0.03386113384452023,observation_noise,fc025a1f6ab9fdf644127a3000f4fa2244f35d77ef570ff282c34eafdba01260,3,figure8
observation_noise_l6,-9.655711165883207e-05,-0.008238133176452615,-0.013162145018577619,-0.003764491958824917,True,0.011595836496396353,preview,0.034207180543933915,0.07413702458143234,0.031694629843095914,6,0.01149927938473752,ThreadedAsync,0.0259690473674813,0.060974879562854724,0.027930137884270997,observation_noise,fc025a1f6ab9fdf644127a3000f4fa2244f35d77ef570ff282c34eafdba01260,4,figure8
payload_l3,3.663110174093043e-05,-0.021414695837842238,-0.013579661399125934,-0.009919856810705646,True,0.018656055400033518,preview,0.06328932418889077,0.09317066594958291,0.05200666960875239,3,0.01869268650177445,IdealZeroDelay,0.041874628351048535,0.07959100455045698,0.04208681279804674,payload,fc025a1f6ab9fdf644127a3000f4fa2244f35d77ef570ff282c34eafdba01260,0,figure8
payload_l3,0.002245321472270651,-0.01713813476248563,-0.011026763916015508,-0.004264135437429151,True,0.018656055400033518,preview,0.06328932418889077,0.09317066594958291,0.05200666960875239,3,0.02090137687230417,IdealZeroDelay,0.04615118942640514,0.0821439020335674,0.047742534171323237,payload,fc025a1f6ab9fdf644127a3000f4fa2244f35d77ef570ff282c34eafdba01260,1,figure8
payload_l3,0.0016454144633106307,-0.014596123009192274,-0.0014272853732107682,-0.0014171762897986287,True,0.018656055400033518,preview,0.06328932418889077,0.09317066594958291,0.05200666960875239,3,0.02030146986334415,IdealZeroDelay,0.0486932011796985,0.09174338057637214,0.05058949331895376,payload,fc025a1f6ab9fdf644127a3000f4fa2244f35d77ef570ff282c34eafdba01260,2,figure8
payload_l3,0.0011271431304118174,-0.018008868690411933,-0.007490926980972243,-0.006552715313431774,True,0.018656055400033518,preview,0.06328932418889077,0.09317066594958291,0.05200666960875239,3,0.019783198530445335,IdealZeroDelay,0.04528045549847884,0.08567973896861067,0.04545395429532061,payload,fc025a1f6ab9fdf644127a3000f4fa2244f35d77ef570ff282c34eafdba01260,3,figure8
payload_l3,-0.001397548897223086,-0.021467911428253557,-0.009210450202226508,-0.011578600694436628,True,0.018656055400033518,preview,0.06328932418889077,0.09317066594958291,0.05200666960875239,3,0.017258506502810432,IdealZeroDelay,0.041821412760637215,0.0839602157473564,0.04042806891431576,payload,fc025a1f6ab9fdf644127a3000f4fa2244f35d77ef570ff282c34eafdba01260,4,figure8
payload_l3,0.07889558667351534,0.16257619249237282,0.04749186113476768,0.01395280560832965,True,0.018656055400033518,preview,0.06328932418889077,0.09317066594958291,0.05200666960875239,3,0.09755164207354886,NaiveDelayed,0.2258655166812636,0.1406625270843506,0.06595947521708204,payload,fc025a1f6ab9fdf644127a3000f4fa2244f35d77ef570ff282c34eafdba01260,0,figure8
payload_l3,0.08030309589749479,0.1396698174567112,0.042116261273622654,0.013919578619702166,True,0.018656055400033518,preview,0.06328932418889077,0.09317066594958291,0.05200666960875239,3,0.0989591512975283,NaiveDelayed,0.20295914164560197,0.13528692722320557,0.06592624822845455,payload,fc025a1f6ab9fdf644127a3000f4fa2244f35d77ef570ff282c34eafdba01260,1,figure8
payload_l3,0.07627358353211769,0.16821070679683003,0.03991853669285782,0.015748225148090225,True,0.018656055400033518,preview,0.06328932418889077,0.09317066594958291,0.05200666960875239,3,0.0949296389321512,NaiveDelayed,0.2315000309857208,0.13308920264244073,0.06775489475684261,payload,fc025a1f6ab9fdf644127a3000f4fa2244f35d77ef570ff282c34eafdba01260,2,figure8
payload_l3,0.09138322523113784,0.1868181347452335,0.06324167326092715,0.02154028274790143,True,0.018656055400033518,preview,0.06328932418889077,0.09317066594958291,0.05200666960875239,3,0.11003928063117137,NaiveDelayed,0.2501074589341243,0.15641233921051007,0.07354695235665382,payload,fc025a1f6ab9fdf644127a3000f4fa2244f35d77ef570ff282c34eafdba01260,3,figure8
payload_l3,0.09155362653610755,0.18189143556931478,0.04609084799885761,0.01611692069898059,True,0.018656055400033518,preview,0.06328932418889077,0.09317066594958291,0.05200666960875239,3,0.11020968193614107,NaiveDelayed,0.24518075975820555,0.13926151394844052,0.06812359030773298,payload,fc025a1f6ab9fdf644127a3000f4fa2244f35d77ef570ff282c34eafdba01260,4,figure8
payload_l3,-0.0012318276687411575,-0.017071543813420735,-0.00025374889373767917,-0.008351829368797178,True,0.018656055400033518,preview,0.06328932418889077,0.09317066594958291,0.05200666960875239,3,0.01742422773129236,VirtualDelayAware,0.04621778037547004,0.09291691705584523,0.04365484023995521,payload,fc025a1f6ab9fdf644127a3000f4fa2244f35d77ef570ff282c34eafdba01260,0,figure8
payload_l3,-0.00010685847030988613,-0.017578224720728994,-0.01367734745144833,-0.009431131409217731,True,0.018656055400033518,preview,0.06328932418889077,0.09317066594958291,0.05200666960875239,3,0.018549196929723632,VirtualDelayAware,0.04571109946816178,0.07949331849813458,0.042575538199534656,payload,fc025a1f6ab9fdf644127a3000f4fa2244f35d77ef570ff282c34eafdba01260,1,figure8
payload_l3,0.0025742056809897537,-0.012167823848392864,-0.0018360406160353449,-0.003684767654972318,True,0.018656055400033518,preview,0.06328932418889077,0.09317066594958291,0.05200666960875239,3,0.02123026108102327,VirtualDelayAware,0.05112150034049791,0.09133462533354757,0.04832190195378007,payload,fc025a1f6ab9fdf644127a3000f4fa2244f35d77ef570ff282c34eafdba01260,2,figure8
payload_l3,-0.0025238605958150806,-0.022780028064243736,-0.025716919451951842,-0.012791072351341998,True,0.018656055400033518,preview,0.06328932418889077,0.09317066594958291,0.05200666960875239,3,0.016132194804218437,VirtualDelayAware,0.040509296124647036,0.06745374649763107,0.03921559725741039,payload,fc025a1f6ab9fdf644127a3000f4fa2244f35d77ef570ff282c34eafdba01260,3,figure8
payload_l3,-0.0015926958456560537,-0.020131811173041796,-0.01858861893415438,-0.010480140018482922,True,0.018656055400033518,preview,0.06328932418889077,0.09317066594958291,0.05200666960875239,3,0.017063359554377464,VirtualDelayAware,0.043157513015848976,0.07458204701542853,0.041526529590269465,payload,fc025a1f6ab9fdf644127a3000f4fa2244f35d77ef570ff282c34eafdba01260,4,figure8
payload_l3,-0.004271470297839856,-0.024559895958675804,-0.028045061975717447,-0.015371596696056214,True,0.018656055400033518,preview,0.06328932418889077,0.09317066594958291,0.05200666960875239,3,0.014384585102193662,ThreadedAsync,0.03872942823021497,0.06512560397386546,0.03663507291269617,payload,fc025a1f6ab9fdf644127a3000f4fa2244f35d77ef570ff282c34eafdba01260,0,figure8
payload_l3,0.0014759144525343174,-0.01501850329241975,-0.0027751356363295843,-0.005271120264234597,True,0.018656055400033518,preview,0.06328932418889077,0.09317066594958291,0.05200666960875239,3,0.020131969852567835,ThreadedAsync,0.04827082089647102,0.09039553031325333,0.04673554934451779,payload,fc025a1f6ab9fdf644127a3000f4fa2244f35d77ef570ff282c34eafdba01260,1,figure8
payload_l3,-4.4320460969419356e-05,-0.017832102538276683,-0.004632174223661287,-0.007519898496889908,True,0.018656055400033518,preview,0.06328932418889077,0.09317066594958291,0.05200666960875239,3,0.0186117349390641,ThreadedAsync,0.04545722165061409,0.08853849172592163,0.04448677111186248,payload,fc025a1f6ab9fdf644127a3000f4fa2244f35d77ef570ff282c34eafdba01260,2,figure8
payload_l3,-0.0017243119221648229,-0.020041271996807254,-0.018820300698280376,-0.010821167874846542,True,0.018656055400033518,preview,0.06328932418889077,0.09317066594958291,0.05200666960875239,3,0.016931743477868695,ThreadedAsync,0.04324805219208352,0.07435036525130254,0.041185501733905845,payload,fc025a1f6ab9fdf644127a3000f4fa2244f35d77ef570ff282c34eafdba01260,3,figure8
payload_l3,-0.0011524266512808398,-0.01838384038096718,-0.010242177546024217,-0.008780971705724089,True,0.018656055400033518,preview,0.06328932418889077,0.09317066594958291,0.05200666960875239,3,0.017503628748752678,ThreadedAsync,0.04490548380792359,0.0829284884035587,0.0432256979030283,payload,fc025a1f6ab9fdf644127a3000f4fa2244f35d77ef570ff282c34eafdba01260,4,figure8
payload_l6,-0.011850344527104414,-0.07547111693370999,-0.04110255241394026,-0.04014294987578132,True,0.0444130042920987,preview,0.16098193328154503,0.1734514594078062,0.12415052939755508,6,0.032562659764994284,IdealZeroDelay,0.08551081634783504,0.13234890699386595,0.08400757952177376,payload,fc025a1f6ab9fdf644127a3000f4fa2244f35d77ef570ff282c34eafdba01260,0,figure8
payload_l6,-0.01247179209563605,-0.06981615286809002,-0.022915931046008947,-0.03526300754674233,True,0.0444130042920987,preview,0.16098193328154503,0.1734514594078062,0.12415052939755508,6,0.03194121219646265,IdealZeroDelay,0.09116578041345501,0.15053552836179726,0.08888752185081275,payload,fc025a1f6ab9fdf644127a3000f4fa2244f35d77ef570ff282c34eafdba01260,1,figure8
payload_l6,-0.010085607054305772,-0.0690259159465809,-0.02688157856464382,-0.03423910523059194,True,0.0444130042920987,preview,0.16098193328154503,0.1734514594078062,0.12415052939755508,6,0.03432739723779293,IdealZeroDelay,0.09195601733496413,0.1465698808431624,0.08991142416696314,payload,fc025a1f6ab9fdf644127a3000f4fa2244f35d77ef570ff282c34eafdba01260,2,figure8
payload_l6,-0.013543884423389916,-0.0774250060275046,-0.04278363138437255,-0.042702249359908365,True,0.0444130042920987,preview,0.16098193328154503,0.1734514594078062,0.12415052939755508,6,0.030869119868708782,IdealZeroDelay,0.08355692725404043,0.13066782802343366,0.08144828003764672,payload,fc025a1f6ab9fdf644127a3000f4fa2244f35d77ef570ff282c34eafdba01260,3,figure8
payload_l6,-0.011698224740900202,-0.072844138184125,-0.03644215911626797,-0.036386074026461754,True,0.0444130042920987,preview,0.16098193328154503,0.1734514594078062,0.12415052939755508,6,0.032714779551198496,IdealZeroDelay,0.08813779509742004,0.13700930029153824,0.08776445537109333,payload,fc025a1f6ab9fdf644127a3000f4fa2244f35d77ef570ff282c34eafdba01260,4,figure8
payload_l6,0.08304666811858145,0.12475715830550099,0.005871191620826721,-0.03592128507493325,True,0.0444130042920987,preview,0.16098193328154503,0.1734514594078062,0.12415052939755508,6,0.12745967241068015,NaiveDelayed,0.285739091587046,0.17932265102863293,0.08822924432262183,payload,fc025a1f6ab9fdf644127a3000f4fa2244f35d77ef570ff282c34eafdba01260,0,figure8
payload_l6,0.05520235769647058,0.05407269081816385,-0.009172974526882233,-0.0390564125070121,True,0.0444130042920987,preview,0.16098193328154503,0.1734514594078062,0.12415052939755508,6,0.09961536198856928,NaiveDelayed,0.21505462409970888,0.16427848488092398,0.08509411689054298,payload,fc025a1f6ab9fdf644127a3000f4fa2244f35d77ef570ff282c34eafdba01260,1,figure8
payload_l6,0.04285657636260651,0.022833458685848462,0.028706878423690935,-0.028724883447463476,True,0.0444130042920987,preview,0.16098193328154503,0.1734514594078062,0.12415052939755508,6,0.0872695806547052,NaiveDelayed,0.1838153919673935,0.20215833783149714,0.0954256459500916,payload,fc025a1f6ab9fdf644127a3000f4fa2244f35d77ef570ff282c34eafdba01260,2,figure8
payload_l6,0.06177481562533703,0.09641411513826742,0.02318113893270507,-0.02990286909265555,True,0.0444130042920987,preview,0.16098193328154503,0.1734514594078062,0.12415052939755508,6,0.10618781991743573,NaiveDelayed,0.25739604841981245,0.19663259834051128,0.09424766030489953,payload,fc025a1f6ab9fdf644127a3000f4fa2244f35d77ef570ff282c34eafdba01260,3,figure8
payload_l6,0.07940616457836695,0.13023693955987364,0.009531490504741669,-0.03226144386265266,True,0.0444130042920987,preview,0.16098193328154503,0.1734514594078062,0.12415052939755508,6,0.12381916887046565,NaiveDelayed,0.2912188728414187,0.18298294991254788,0.09188908553490242,payload,fc025a1f6ab9fdf644127a3000f4fa2244f35d77ef570ff282c34eafdba01260,4,figure8
payload_l6,-0.009405341547741322,-0.054398234057497954,-0.017510715126991122,-0.029166541311269167,True,0.0444130042920987,preview,0.16098193328154503,0.1734514594078062,0.12415052939755508,6,0.035007662744357376,VirtualDelayAware,0.10658369922404708,0.15594074428081509,0.09498398808628591,payload,fc025a1f6ab9fdf644127a3000f4fa2244f35d77ef570ff282c34eafdba01260,0,figure8
payload_l6,-0.011948496517177228,-0.06195377146450848,-0.03176338672637921,-0.03574965264786338,True,0.0444130042920987,preview,0.16098193328154503,0.1734514594078062,0.12415052939755508,6,0.03246450777492147,VirtualDelayAware,0.09902816181703655,0.141688072681427,0.0884008767496917,payload,fc025a1f6ab9fdf644127a3000f4fa2244f35d77ef570ff282c34eafdba01260,1,figure8
payload_l6,-0.011480976693631753,-0.06259363679770918,-0.04702467620372755,-0.034425203136033436,True,0.0444130042920987,preview,0.16098193328154503,0.1734514594078062,0.12415052939755508,6,0.032932027598466945,VirtualDelayAware,0.09838829648383585,0.12642678320407866,0.08972532626152165,payload,fc025a1f6ab9fdf644127a3000f4fa2244f35d77ef570ff282c34eafdba01260,2,figure8
payload_l6,-0.01188736710019591,-0.06337286560046937,-0.03711591660976396,-0.03502305827503452,True,0.0444130042920987,preview,0.16098193328154503,0.1734514594078062,0.12415052939755508,6,0.03252563719190279,VirtualDelayAware,0.09760906768107566,0.13633554279804225,0.08912747112252056,payload,fc025a1f6ab9fdf644127a3000f4fa2244f35d77ef570ff282c34eafdba01260,3,figure8
payload_l6,-0.012299489777770588,-0.06433281384675851,-0.03655334860086423,-0.03688130721632199,True,0.0444130042920987,preview,0.16098193328154503,0.1734514594078062,0.12415052939755508,6,0.03211351451432811,VirtualDelayAware,0.09664911943478652,0.13689811080694197,0.08726922218123309,payload,fc025a1f6ab9fdf644127a3000f4fa2244f35d77ef570ff282c34eafdba01260,4,figure8
payload_l6,-0.0108948691783982,-0.05992093535750194,-0.029778063297271562,-0.031084115091835784,True,0.0444130042920987,preview,0.16098193328154503,0.1734514594078062,0.12415052939755508,6,0.0335181351137005,ThreadedAsync,0.10106099792404309,0.14367339611053465,0.0930664143057193,payload,fc025a1f6ab9fdf644127a3000f4fa2244f35d77ef570ff282c34eafdba01260,0,figure8
payload_l6,-0.011175108549600278,-0.059934706836342874,-0.02086895555257781,-0.030066456529734525,True,0.0444130042920987,preview,0.16098193328154503,0.1734514594078062,0.12415052939755508,6,0.03323789574249842,ThreadedAsync,0.10104722644520216,0.1525825038552284,0.09408407286782056,payload,fc025a1f6ab9fdf644127a3000f4fa2244f35d77ef570ff282c34eafdba01260,1,figure8
payload_l6,-0.010474555652345306,-0.05873251029930206,-0.012102040648460294,-0.02952258964414091,True,0.0444130042920987,preview,0.16098193328154503,0.1734514594078062,0.12415052939755508,6,0.03393844863975339,ThreadedAsync,0.10224942298224297,0.16134941875934591,0.09462793975341417,payload,fc025a1f6ab9fdf644127a3000f4fa2244f35d77ef570ff282c34eafdba01260,2,figure8
payload_l6,-0.010356559042895432,-0.05687671130336533,-0.012356317043304282,-0.028517917958563677,True,0.0444130042920987,preview,0.16098193328154503,0.1734514594078062,0.12415052939755508,6,0.03405644524920327,ThreadedAsync,0.1041052219781797,0.16109514236450193,0.0956326114389914,payload,fc025a1f6ab9fdf644127a3000f4fa2244f35d77ef570ff282c34eafdba01260,3,figure8
payload_l6,-0.01002808549466297,-0.05364497027089585,-0.029332952201366252,-0.02907709719211979,True,0.0444130042920987,preview,0.16098193328154503,0.1734514594078062,0.12415052939755508,6,0.03438491879743573,ThreadedAsync,0.10733696301064918,0.14411850720643996,0.0950734322054353,payload,fc025a1f6ab9fdf644127a3000f4fa2244f35d77ef570ff282c34eafdba01260,4,figure8
actuator_gain_l3,-0.0018483970869221517,-0.014709397768294944,-0.03414879962801933,-0.009226050316796786,True,0.012061979950045454,preview,0.03629871215928941,0.08936539366841313,0.034912418067139364,3,0.010213582863123303,IdealZeroDelay,0.021589314390994468,0.0552165940403938,0.025686367750342578,actuator_gain,1368b3fd4139e18c4f8cd5601d45c6c91fe9f73751ce15406f842e1274121fed,0,rounded_square
actuator_gain_l3,-0.0009038017562933796,-0.013046678925841763,-0.024541185796260814,-0.0074295454451058715,True,0.012061979950045454,preview,0.03629871215928941,0.08936539366841313,0.034912418067139364,3,0.011158178193752075,IdealZeroDelay,0.02325203323344765,0.06482420787215232,0.027482872622033493,actuator_gain,1368b3fd4139e18c4f8cd5601d45c6c91fe9f73751ce15406f842e1274121fed,1,rounded_square
actuator_gain_l3,-0.0011479102826578002,-0.01340498309815584,-0.027279496937990165,-0.007259617879373431,True,0.012061979950045454,preview,0.03629871215928941,0.08936539366841313,0.034912418067139364,3,0.010914069667387654,IdealZeroDelay,0.022893729061133572,0.06208589673042297,0.027652800187765933,actuator_gain,1368b3fd4139e18c4f8cd5601d45c6c91fe9f73751ce15406f842e1274121fed,2,rounded_square
actuator_gain_l3,-0.001597686965620338,-0.014541498388026642,-0.02814179621636865,-0.009315355580689397,True,0.012061979950045454,preview,0.03629871215928941,0.08936539366841313,0.034912418067139364,3,0.010464292984425116,IdealZeroDelay,0.02175721377126277,0.06122359745204448,0.025597062486449967,actuator_gain,1368b3fd4139e18c4f8cd5601d45c6c91fe9f73751ce15406f842e1274121fed,3,rounded_square
actuator_gain_l3,-0.0010169986520516296,-0.014594948025457452,-0.03229358345270155,-0.008572039007514281,True,0.012061979950045454,preview,0.03629871215928941,0.08936539366841313,0.034912418067139364,3,0.011044981297993825,IdealZeroDelay,0.02170376413383196,0.05707181021571158,0.026340379059625083,actuator_gain,1368b3fd4139e18c4f8cd5601d45c6c91fe9f73751ce15406f842e1274121fed,4,rounded_square
actuator_gain_l3,0.09196483090300166,0.20349059372508893,0.0677415318787097,0.03448503122980577,True,0.012061979950045454,preview,0.03629871215928941,0.08936539366841313,0.034912418067139364,3,0.10402681085304712,NaiveDelayed,0.23978930588437836,0.15710692554712283,0.06939744929694514,actuator_gain,1368b3fd4139e18c4f8cd5601d45c6c91fe9f73751ce15406f842e1274121fed,0,rounded_square
actuator_gain_l3,0.07637131846819573,0.15959789370083916,0.059170269221067426,0.03144093324249497,True,0.012061979950045454,preview,0.03629871215928941,0.08936539366841313,0.034912418067139364,3,0.08843329841824119,NaiveDelayed,0.19589660586012858,0.14853566288948056,0.06635335130963434,actuator_gain,1368b3fd4139e18c4f8cd5601d45c6c91fe9f73751ce15406f842e1274121fed,1,rounded_square
actuator_gain_l3,0.07164715354058707,0.16839035573041905,0.0581020839512348,0.027579922071545644,True,0.012061979950045454,preview,0.03629871215928941,0.08936539366841313,0.034912418067139364,3,0.08370913349063253,NaiveDelayed,0.20468906788970848,0.14746747761964793,0.06249234013868501,actuator_gain,1368b3fd4139e18c4f8cd5601d45c6c91fe9f73751ce15406f842e1274121fed,2,rounded_square
actuator_gain_l3,0.07756935936624866,0.1546069824168756,0.05668228194117546,0.029467507668904228,True,0.012061979950045454,preview,0.03629871215928941,0.08936539366841313,0.034912418067139364,3,0.08963133931629412,NaiveDelayed,0.190905694576165,0.1460476756095886,0.06437992573604359,actuator_gain,1368b3fd4139e18c4f8cd5601d45c6c91fe9f73751ce15406f842e1274121fed,3,rounded_square
actuator_gain_l3,0.07312066035053615,0.17018304920906036,0.060191612690687166,0.03237948402108834,True,0.012061979950045454,preview,0.03629871215928941,0.08936539366841313,0.034912418067139364,3,0.0851826403005816,NaiveDelayed,0.20648176136834978,0.1495570063591003,0.0672919020882277,actuator_gain,1368b3fd4139e18c4f8cd5601d45c6c91fe9f73751ce15406f842e1274121fed,4,rounded_square
actuator_gain_l3,-0.00131796497204352,-0.012623839112419617,-0.022513096779584893,-0.008172845631152198,True,0.012061979950045454,preview,0.03629871215928941,0.08936539366841313,0.034912418067139364,3,0.010744014978001934,VirtualDelayAware,0.023674873046869795,0.06685229688882824,0.026739572435987166,actuator_gain,1368b3fd4139e18c4f8cd5601d45c6c91fe9f73751ce15406f842e1274121fed,0,rounded_square
actuator_gain_l3,-0.00045291129402877904,-0.011603568275823001,-0.01793441995978355,-0.006058598192815706,True,0.012061979950045454,preview,0.03629871215928941,0.08936539366841313,0.034912418067139364,3,0.011609068656016675,VirtualDelayAware,0.02469514388346641,0.07143097370862958,0.028853819874323658,actuator_gain,1368b3fd4139e18c4f8cd5601d45c6c91fe9f73751ce15406f842e1274121fed,1,rounded_square
actuator_gain_l3,-0.00011986379579871295,-0.00963166758431283,-0.02065268233418467,-0.005621694412119821,True,0.012061979950045454,preview,0.03629871215928941,0.08936539366841313,0.034912418067139364,3,0.011942116154246741,VirtualDelayAware,0.02666704457497658,0.06871271133422846,0.029290723655019543,actuator_gain,1368b3fd4139e18c4f8cd5601d45c6c91fe9f73751ce15406f842e1274121fed,2,rounded_square
actuator_gain_l3,-0.0009050309870048939,-0.011604039348166659,-0.01888746619224546,-0.00648612878836315,True,0.012061979950045454,preview,0.03629871215928941,0.08936539366841313,0.034912418067139364,3,0.01115694896304056,VirtualDelayAware,0.024694672811122753,0.07047792747616767,0.028426289278776214,actuator_gain,1368b3fd4139e18c4f8cd5601d45c6c91fe9f73751ce15406f842e1274121fed,3,rounded_square
actuator_gain_l3,-0.0008359896094282306,-0.011762483810398114,-0.022115778177976622,-0.006755581891731428,True,0.012061979950045454,preview,0.03629871215928941,0.08936539366841313,0.034912418067139364,3,0.011225990340617224,VirtualDelayAware,0.024536228348891298,0.06724961549043651,0.028156836175407936,actuator_gain,1368b3fd4139e18c4f8cd5601d45c6c91fe9f73751ce15406f842e1274121fed,4,rounded_square
actuator_gain_l3,0.00037350612206352336,-0.00931856382011283,-0.01495909839868545,-0.003898785918418749,True,0.012061979950045454,preview,0.03629871215928941,0.08936539366841313,0.034912418067139364,3,0.012435486072108978,ThreadedAsync,0.02698014833917658,0.07440629526972768,0.031013632148720615,actuator_gain,1368b3fd4139e18c4f8cd5601d45c6c91fe9f73751ce15406f842e1274121fed,0,rounded_square
actuator_gain_l3,0.0011631062996811225,-0.007671080167651837,-0.00861801654100422,-0.0015594679515029478,True,0.012061979950045454,preview,0.03629871215928941,0.08936539366841313,0.034912418067139364,3,0.013225086249726577,ThreadedAsync,0.028627631991637575,0.08074737712740891,0.033352950115636416,actuator_gain,1368b3fd4139e18c4f8cd5601d45c6c91fe9f73751ce15406f842e1274121fed,1,rounded_square
actuator_gain_l3,5.9988648293454044e-06,-0.009917828393844239,-0.017184782773256344,-0.004468047797520705,True,0.012061979950045454,preview,0.03629871215928941,0.08936539366841313,0.034912418067139364,3,0.0120679788148748,ThreadedAsync,0.026380883765445173,0.07218061089515679,0.03044437026961866,actuator_gain,1368b3fd4139e18c4f8cd5601d45c6c91fe9f73751ce15406f842e1274121fed,2,rounded_square
actuator_gain_l3,0.001261759662182161,-0.005120430746472466,-0.003577825427055384,-0.00025913323101003916,True,0.012061979950045454,preview,0.03629871215928941,0.08936539366841313,0.034912418067139364,3,0.013323739612227615,ThreadedAsync,0.031178281412816946,0.08578756824135775,0.034653284836129325,actuator_gain,1368b3fd4139e18c4f8cd5601d45c6c91fe9f73751ce15406f842e1274121fed,3,rounded_square
actuator_gain_l3,0.0007778816280739637,-0.006963531156472955,-0.006027772277593657,-0.0017574986663525527,True,0.012061979950045454,preview,0.03629871215928941,0.08936539366841313,0.034912418067139364,3,0.012839861578119418,ThreadedAsync,0.029335181002816457,0.08333762139081947,0.03315491940078681,actuator_gain,1368b3fd4139e18c4f8cd5601d45c6c91fe9f73751ce15406f842e1274121fed,4,rounded_square
actuator_gain_l6,-0.0028733998945129034,-0.018216499451470823,-0.04593924731016155,-0.013920399161845301,True,0.017643740888828,preview,0.049007993277112305,0.13099595755338664,0.05141226376448624,6,0.014770340994315095,IdealZeroDelay,0.030791493825641482,0.08505671024322509,0.03749186460264094,actuator_gain,1368b3fd4139e18c4f8cd5601d45c6c91fe9f73751ce15406f842e1274121fed,0,rounded_square
actuator_gain_l6,-0.0026568058225345283,-0.018352959992302378,-0.036873089522123315,-0.013042650148881826,True,0.017643740888828,preview,0.049007993277112305,0.13099595755338664,0.05141226376448624,6,0.01498693506629347,IdealZeroDelay,0.030655033284809927,0.09412286803126332,0.03836961361560441,actuator_gain,1368b3fd4139e18c4f8cd5601d45c6c91fe9f73751ce15406f842e1274121fed,1,rounded_square
actuator_gain_l6,-0.002091896850330309,-0.018103819741942577,-0.03761620596051213,-0.01315397111606044,True,0.017643740888828,preview,0.049007993277112305,0.13099595755338664,0.05141226376448624,6,0.01555184403849769,IdealZeroDelay,0.030904173535169728,0.09337975159287451,0.0382582926484258,actuator_gain,1368b3fd4139e18c4f8cd5601d45c6c91fe9f73751ce15406f842e1274121fed,2,rounded_square
actuator_gain_l6,-0.0022144932109929745,-0.017276097072916226,-0.03018330857157704,-0.011590753416405718,True,0.017643740888828,preview,0.049007993277112305,0.13099595755338664,0.05141226376448624,6,0.015429247677835024,IdealZeroDelay,0.03173189620419608,0.1008126489818096,0.03982151034808052,actuator_gain,1368b3fd4139e18c4f8cd5601d45c6c91fe9f73751ce15406f842e1274121fed,3,rounded_square
actuator_gain_l6,-0.0028240096018778155,-0.018838483514285832,-0.0384996950626373,-0.013780529400895442,True,0.017643740888828,preview,0.049007993277112305,0.13099595755338664,0.05141226376448624,6,0.014819731286950183,IdealZeroDelay,0.030169509762826473,0.09249626249074934,0.037631734363590796,actuator_gain,1368b3fd4139e18c4f8cd5601d45c6c91fe9f73751ce15406f842e1274121fed,4,rounded_square
actuator_gain_l6,0.08936673721795724,0.18974150570119466,0.028022821247577656,0.01899323720061484,True,0.017643740888828,preview,0.049007993277112305,0.13099595755338664,0.05141226376448624,6,0.10701047810678524,NaiveDelayed,0.23874949897830697,0.1590187788009643,0.07040550096510108,actuator_gain,1368b3fd4139e18c4f8cd5601d45c6c91fe9f73751ce15406f842e1274121fed,0,rounded_square
actuator_gain_l6,0.0752797270553206,0.1525087536940286,0.04036650359630589,0.023920697703039215,True,0.017643740888828,preview,0.049007993277112305,0.13099595755338664,0.05141226376448624,6,0.0929234679441486,NaiveDelayed,0.20151674697114091,0.17136246114969253,0.07533296146752545,actuator_gain,1368b3fd4139e18c4f8cd5601d45c6c91fe9f73751ce15406f842e1274121fed,1,rounded_square
actuator_gain_l6,0.0656256507524591,0.14553575609994038,0.039492367208004,0.020352610090424134,True,0.017643740888828,preview,0.049007993277112305,0.13099595755338664,0.05141226376448624,6,0.0832693916412871,NaiveDelayed,0.19454374937705268,0.17048832476139064,0.07176487385491037,actuator_gain,1368b3fd4139e18c4f8cd5601d45c6c91fe9f73751ce15406f842e1274121fed,2,rounded_square
actuator_gain_l6,0.07789086986862744,0.16753452901383814,0.045709307491779316,0.024970094016091696,True,0.017643740888828,preview,0.049007993277112305,0.13099595755338664,0.05141226376448624,6,0.09553461075745544,NaiveDelayed,0.21654252229095045,0.17670526504516595,0.07638235778057793,actuator_gain,1368b3fd4139e18c4f8cd5601d45c6c91fe9f73751ce15406f842e1274121fed,3,rounded_square
actuator_gain_l6,0.06656090100067824,0.14673650969467417,0.028828342258930217,0.022980458822482147,True,0.017643740888828,preview,0.049007993277112305,0.13099595755338664,0.05141226376448624,6,0.08420464188950624,NaiveDelayed,0.19574450297178647,0.15982429981231686,0.07439272258696839,actuator_gain,1368b3fd4139e18c4f8cd5601d45c6c91fe9f73751ce15406f842e1274121fed,4,rounded_square
actuator_gain_l6,-0.001549109691042782,-0.013965980596829908,-0.027180315554141965,-0.010707148085726072,True,0.017643740888828,preview,0.049007993277112305,0.13099595755338664,0.05141226376448624,6,0.016094631197785217,VirtualDelayAware,0.0350420126802824,0.10381564199924467,0.040705115678760166,actuator_gain,1368b3fd4139e18c4f8cd5601d45c6c91fe9f73751ce15406f842e1274121fed,0,rounded_square
actuator_gain_l6,-0.0015912854931507195,-0.013293110263910793,-0.024993970990180928,-0.009599567948111336,True,0.017643740888828,preview,0.049007993277112305,0.13099595755338664,0.05141226376448624,6,0.01605245539567728,VirtualDelayAware,0.03571488301320151,0.10600198656320571,0.0418126958163749,actuator_gain,1368b3fd4139e18c4f8cd5601d45c6c91fe9f73751ce15406f842e1274121fed,1,rounded_square
actuator_gain_l6,-0.001593003957010581,-0.014051432216286991,-0.03029099255800244,-0.01023355996912853,True,0.017643740888828,preview,0.049007993277112305,0.13099595755338664,0.05141226376448624,6,0.016050736931817418,VirtualDelayAware,0.034956561060825314,0.1007049649953842,0.04117870379535771,actuator_gain,1368b3fd4139e18c4f8cd5601d45c6c91fe9f73751ce15406f842e1274121fed,2,rounded_square
actuator_gain_l6,-0.0015408324665482122,-0.012950874872228658,-0.026224630326032616,-0.010107334253602773,True,0.017643740888828,preview,0.049007993277112305,0.13099595755338664,0.05141226376448624,6,0.016102908422279787,VirtualDelayAware,0.03605711840488365,0.10477132722735402,0.041304929510883465,actuator_gain,1368b3fd4139e18c4f8cd5601d45c6c91fe9f73751ce15406f842e1274121fed,3,rounded_square
actuator_gain_l6,-0.0020633560747487026,-0.015287134138310537,-0.03459210917353628,-0.012412449435294272,True,0.017643740888828,preview,0.049007993277112305,0.13099595755338664,0.05141226376448624,6,0.015580384814079296,VirtualDelayAware,0.03372085913880177,0.09640384837985036,0.038999814329191966,actuator_gain,1368b3fd4139e18c4f8cd5601d45c6c91fe9f73751ce15406f842e1274121fed,4,rounded_square
actuator_gain_l6,-0.001853207574355982,-0.013559510168697539,-0.027835137397050874,-0.010226073170824211,True,0.017643740888828,preview,0.049007993277112305,0.13099595755338664,0.05141226376448624,6,0.015790533314472017,ThreadedAsync,0.035448483108414766,0.10316082015633576,0.04118619059366203,actuator_gain,1368b3fd4139e18c4f8cd5601d45c6c91fe9f73751ce15406f842e1274121fed,0,rounded_square
actuator_gain_l6,-0.0015059469621560052,-0.013400643937862299,-0.02167904675006864,-0.008911965023462816,True,0.017643740888828,preview,0.049007993277112305,0.13099595755338664,0.05141226376448624,6,0.016137793926671994,ThreadedAsync,0.035607349339250007,0.109316910803318,0.04250029874102342,actuator_gain,1368b3fd4139e18c4f8cd5601d45c6c91fe9f73751ce15406f842e1274121fed,1,rounded_square
actuator_gain_l6,-0.0012045347160318867,-0.014432812410701837,-0.021847960352897614,-0.008348706532576376,True,0.017643740888828,preview,0.049007993277112305,0.13099595755338664,0.05141226376448624,6,0.016439206172796112,ThreadedAsync,0.03457518086641047,0.10914799720048902,0.04306355723190986,actuator_gain,1368b3fd4139e18c4f8cd5601d45c6c91fe9f73751ce15406f842e1274121fed,2,rounded_square
actuator_gain_l6,-0.0015400344597480652,-0.014690396837101619,-0.031607726216316176,-0.010280380052761752,True,0.017643740888828,preview,0.049007993277112305,0.13099595755338664,0.05141226376448624,6,0.016103706429079934,ThreadedAsync,0.034317596440010686,0.09938823133707046,0.041131883711724486,actuator_gain,1368b3fd4139e18c4f8cd5601d45c6c91fe9f73751ce15406f842e1274121fed,3,rounded_square
actuator_gain_l6,-0.0016535621943801829,-0.015111414784154995,-0.025631656497716954,-0.010049659392191788,True,0.017643740888828,preview,0.049007993277112305,0.13099595755338664,0.05141226376448624,6,0.015990178694447816,ThreadedAsync,0.03389657849295731,0.10536430105566968,0.04136260437229445,actuator_gain,1368b3fd4139e18c4f8cd5601d45c6c91fe9f73751ce15406f842e1274121fed,4,rounded_square
force_pulse_l3,0.00033033668990138827,-0.00883720518003991,-0.01713237464427949,-0.0029778391948461942,True,0.010240178327223548,preview,0.031933889623991955,0.07414264976978302,0.028563542785466675,3,0.010570515017124936,IdealZeroDelay,0.023096684443952045,0.05701027512550353,0.02558570359062048,force_pulse,1368b3fd4139e18c4f8cd5601d45c6c91fe9f73751ce15406f842e1274121fed,0,rounded_square
force_pulse_l3,0.00026377269075921264,-0.009506098286437583,-0.0189401187002659,-0.002657921194689581,True,0.010240178327223548,preview,0.031933889623991955,0.07414264976978302,0.028563542785466675,3,0.01050395101798276,IdealZeroDelay,0.022427791337554372,0.05520253106951712,0.025905621590777094,force_pulse,1368b3fd4139e18c4f8cd5601d45c6c91fe9f73751ce15406f842e1274121fed,1,rounded_square
force_pulse_l3,-0.0016356345831398406,-0.013576366639163121,-0.025017762184143075,-0.007268286135360364,True,0.010240178327223548,preview,0.031933889623991955,0.07414264976978302,0.028563542785466675,3,0.008604543744083707,IdealZeroDelay,0.018357522984828834,0.049124887585639945,0.02129525665010631,force_pulse,1368b3fd4139e18c4f8cd5601d45c6c91fe9f73751ce15406f842e1274121fed,2,rounded_square
force_pulse_l3,-0.00029880965143878717,-0.011334992696543936,-0.020951561629772193,-0.004609978614303206,True,0.010240178327223548,preview,0.031933889623991955,0.07414264976978302,0.028563542785466675,3,0.00994136867578476,IdealZeroDelay,0.02059889692744802,0.05319108814001083,0.02395356417116347,force_pulse,1368b3fd4139e18c4f8cd5601d45c6c91fe9f73751ce15406f842e1274121fed,3,rounded_square
force_pulse_l3,-0.000433675047717446,-0.012190482840730769,-0.0271401956677437,-0.006142333506263604,True,0.010240178327223548,preview,0.031933889623991955,0.07414264976978302,0.028563542785466675,3,0.009806503279506102,IdealZeroDelay,0.019743406783261187,0.04700245410203932,0.02242120927920307,force_pulse,1368b3fd4139e18c4f8cd5601d45c6c91fe9f73751ce15406f842e1274121fed,4,rounded_square
force_pulse_l3,0.10216211346728411,0.22329147542219752,0.08483756482601165,0.04175509381677639,True,0.010240178327223548,preview,0.031933889623991955,0.07414264976978302,0.028563542785466675,3,0.11240229179450766,NaiveDelayed,0.2552253650461895,0.15898021459579467,0.07031863660224306,force_pulse,1368b3fd4139e18c4f8cd5601d45c6c91fe9f73751ce15406f842e1274121fed,0,rounded_square
force_pulse_l3,0.08090610021695435,0.1789944311491566,0.06917305588722225,0.03414498326232503,True,0.010240178327223548,preview,0.031933889623991955,0.07414264976978302,0.028563542785466675,3,0.0911462785441779,NaiveDelayed,0.21092832077314858,0.14331570565700527,0.0627085260477917,force_pulse,1368b3fd4139e18c4f8cd5601d45c6c91fe9f73751ce15406f842e1274121fed,1,rounded_square
force_pulse_l3,0.07045780269034076,0.15865181776395107,0.05398468524217592,0.030462339691863925,True,0.010240178327223548,preview,0.031933889623991955,0.07414264976978302,0.028563542785466675,3,0.0806979810175643,NaiveDelayed,0.19058570738794303,0.12812733501195894,0.0590258824773306,force_pulse,1368b3fd4139e18c4f8cd5601d45c6c91fe9f73751ce15406f842e1274121fed,2,rounded_square
force_pulse_l3,0.07353181505716527,0.16573158754768866,0.07236425280570982,0.03410035800215688,True,0.010240178327223548,preview,0.031933889623991955,0.07414264976978302,0.028563542785466675,3,0.08377199338438882,NaiveDelayed,0.19766547717168062,0.14650690257549284,0.06266390078762356,force_pulse,1368b3fd4139e18c4f8cd5601d45c6c91fe9f73751ce15406f842e1274121fed,3,rounded_square
force_pulse_l3,0.0727494144183712,0.16457025804945377,0.0672690212726593,0.03443861310258753,True,0.010240178327223548,preview,0.031933889623991955,0.07414264976978302,0.028563542785466675,3,0.08298959274559474,NaiveDelayed,0.19650414767344573,0.14141167104244232,0.0630021558880542,force_pulse,1368b3fd4139e18c4f8cd5601d45c6c91fe9f73751ce15406f842e1274121fed,4,rounded_square
force_pulse_l3,-0.00037133595254106207,-0.010524915110673359,-0.021725634112954154,-0.005081495404358108,True,0.010240178327223548,preview,0.031933889623991955,0.07414264976978302,0.028563542785466675,3,0.009868842374682486,VirtualDelayAware,0.021408974513318597,0.052417015656828866,0.023482047381108567,force_pulse,1368b3fd4139e18c4f8cd5601d45c6c91fe9f73751ce15406f842e1274121fed,0,rounded_square
force_pulse_l3,-0.001443915409227026,-0.012439203714446068,-0.020589863136410744,-0.005871463755673604,True,0.010240178327223548,preview,0.031933889623991955,0.07414264976978302,0.028563542785466675,3,0.008796262917996522,VirtualDelayAware,0.019494685909545888,0.053552786633372276,0.02269207902979307,force_pulse,1368b3fd4139e18c4f8cd5601d45c6c91fe9f73751ce15406f842e1274121fed,1,rounded_square
force_pulse_l3,-0.0012892470205681274,-0.012159114719685168,-0.0235800120979548,-0.006892225011952729,True,0.010240178327223548,preview,0.031933889623991955,0.07414264976978302,0.028563542785466675,3,0.00895093130665542,VirtualDelayAware,0.019774774904306788,0.05056263767182822,0.021671317773513946,force_pulse,1368b3fd4139e18c4f8cd5601d45c6c91fe9f73751ce15406f842e1274121fed,2,rounded_square
force_pulse_l3,-0.000868452704719953,-0.011929702353355175,-0.02092523053288463,-0.006042614103743026,True,0.010240178327223548,preview,0.031933889623991955,0.07414264976978302,0.028563542785466675,3,0.009371725622503595,VirtualDelayAware,0.02000418727063678,0.05321741923689839,0.02252092868172365,force_pulse,1368b3fd4139e18c4f8cd5601d45c6c91fe9f73751ce15406f842e1274121fed,3,rounded_square
force_pulse_l3,-0.0012129072580994455,-0.011847412539773752,-0.02415827326476585,-0.005946466010957274,True,0.010240178327223548,preview,0.031933889623991955,0.07414264976978302,0.028563542785466675,3,0.009027271069124102,VirtualDelayAware,0.020086477084218204,0.04998437650501717,0.0226170767745094,force_pulse,1368b3fd4139e18c4f8cd5601d45c6c91fe9f73751ce15406f842e1274121fed,4,rounded_square
force_pulse_l3,-0.00014832937339167782,-0.00956131339726252,-0.0203846357762814,-0.00494861672699487,True,0.010240178327223548,preview,0.031933889623991955,0.07414264976978302,0.028563542785466675,3,0.01009184895383187,ThreadedAsync,0.022372576226729435,0.05375801399350162,0.023614926058471805,force_pulse,1368b3fd4139e18c4f8cd5601d45c6c91fe9f73751ce15406f842e1274121fed,0,rounded_square
force_pulse_l3,-0.00024157353765009472,-0.009591922531095587,-0.007085010409355164,-0.0031078557947915725,True,0.010240178327223548,preview,0.031933889623991955,0.07414264976978302,0.028563542785466675,3,0.009998604789573453,ThreadedAsync,0.02234196709289637,0.06705763936042786,0.025455686990675103,force_pulse,1368b3fd4139e18c4f8cd5601d45c6c91fe9f73751ce15406f842e1274121fed,1,rounded_square
force_pulse_l3,-4.111313967516961e-05,-0.010676872904388013,-0.02156439386308196,-0.005244755582576303,True,0.010240178327223548,preview,0.031933889623991955,0.07414264976978302,0.028563542785466675,3,0.010199065187548378,ThreadedAsync,0.021257016719603943,0.05257825590670106,0.02331878720289037,force_pulse,1368b3fd4139e18c4f8cd5601d45c6c91fe9f73751ce15406f842e1274121fed,2,rounded_square
force_pulse_l3,-0.0001793446872163356,-0.010583257411378822,-0.017433886975050022,-0.00414170697270972,True,0.010240178327223548,preview,0.031933889623991955,0.07414264976978302,0.028563542785466675,3,0.010060833640007212,ThreadedAsync,0.021350632212613133,0.056708762794733,0.024421835812756955,force_pulse,1368b3fd4139e18c4f8cd5601d45c6c91fe9f73751ce15406f842e1274121fed,3,rounded_square
force_pulse_l3,-0.0009006654493668182,-0.012638402441039729,-0.021129342168569563,-0.005549403651045587,True,0.010240178327223548,preview,0.031933889623991955,0.07414264976978302,0.028563542785466675,3,0.00933951287785673,ThreadedAsync,0.019295487182952226,0.05301330760121346,0.02301413913442109,force_pulse,1368b3fd4139e18c4f8cd5601d45c6c91fe9f73751ce15406f842e1274121fed,4,rounded_square
force_pulse_l6,-0.000958226360420051,-0.012188730844703777,-0.019758666679263105,-0.0061602679318021256,True,0.011016658337719793,preview,0.03346597328957449,0.07514171227812762,0.030535754923282404,6,0.010058431977299742,IdealZeroDelay,0.021277242444870715,0.05538304559886451,0.024375486991480278,force_pulse,1368b3fd4139e18c4f8cd5601d45c6c91fe9f73751ce15406f842e1274121fed,0,rounded_square
force_pulse_l6,0.00012181776565003619,-0.009274167821860857,-0.02064180336892603,-0.0033231187333484374,True,0.011016658337719793,preview,0.03346597328957449,0.07514171227812762,0.030535754923282404,6,0.01113847610336983,IdealZeroDelay,0.024191805467713635,0.05449990890920159,0.027212636189933966,force_pulse,1368b3fd4139e18c4f8cd5601d45c6c91fe9f73751ce15406f842e1274121fed,1,rounded_square
force_pulse_l6,-0.0012982775770075932,-0.012762397037460304,-0.017048055678606025,-0.006556214717445719,True,0.011016658337719793,preview,0.03346597328957449,0.07514171227812762,0.030535754923282404,6,0.0097183807607122,IdealZeroDelay,0.02070357625211419,0.05809365659952159,0.023979540205836685,force_pulse,1368b3fd4139e18c4f8cd5601d45c6c91fe9f73751ce15406f842e1274121fed,2,rounded_square
force_pulse_l6,-0.0005917151696608579,-0.011508290130369012,-0.021156898885965315,-0.005089237574251025,True,0.011016658337719793,preview,0.03346597328957449,0.07514171227812762,0.030535754923282404,6,0.010424943168058936,IdealZeroDelay,0.02195768315920548,0.0539848133921623,0.02544651734903138,force_pulse,1368b3fd4139e18c4f8cd5601d45c6c91fe9f73751ce15406f842e1274121fed,3,rounded_square
force_pulse_l6,-0.0004925882136250087,-0.01141357070290945,-0.025719112530350648,-0.006056050090646158,True,0.011016658337719793,preview,0.03346597328957449,0.07514171227812762,0.030535754923282404,6,0.010524070124094785,IdealZeroDelay,0.02205240258666504,0.04942259974777697,0.024479704832636246,force_pulse,1368b3fd4139e18c4f8cd5601d45c6c91fe9f73751ce15406f842e1274121fed,4,rounded_square
force_pulse_l6,0.1013553312826483,0.21153602582753142,0.07666495367884642,0.03982002477002772,True,0.011016658337719793,preview,0.03346597328957449,0.07514171227812762,0.030535754923282404,6,0.1123719896203681,NaiveDelayed,0.2450019991171059,0.15180666595697404,0.07035577969331012,force_pulse,1368b3fd4139e18c4f8cd5601d45c6c91fe9f73751ce15406f842e1274121fed,0,rounded_square
force_pulse_l6,0.07903477290129218,0.16808839042907636,0.06821220591664319,0.031335853829004445,True,0.011016658337719793,preview,0.03346597328957449,0.07514171227812762,0.030535754923282404,6,0.09005143123901198,NaiveDelayed,0.20155436371865085,0.1433539181947708,0.061871608752286845,force_pulse,1368b3fd4139e18c4f8cd5601d45c6c91fe9f73751ce15406f842e1274121fed,1,rounded_square
force_pulse_l6,0.06986942831873216,0.15705839788627782,0.05725139901041969,0.030093258954957302,True,0.011016658337719793,preview,0.03346597328957449,0.07514171227812762,0.030535754923282404,6,0.08088608665645196,NaiveDelayed,0.1905243711758523,0.1323931112885473,0.060629013878239706,force_pulse,1368b3fd4139e18c4f8cd5601d45c6c91fe9f73751ce15406f842e1274121fed,2,rounded_square
force_pulse_l6,0.06705175328364446,0.14874375213424607,0.059726802259683645,0.028764316230959045,True,0.011016658337719793,preview,0.03346597328957449,0.07514171227812762,0.030535754923282404,6,0.07806841162136426,NaiveDelayed,0.18220972542382055,0.13486851453781126,0.05930007115424145,force_pulse,1368b3fd4139e18c4f8cd5601d45c6c91fe9f73751ce15406f842e1274121fed,3,rounded_square
force_pulse_l6,0.0714467971532107,0.15791827129952865,0.08062109723687173,0.038985619862181534,True,0.011016658337719793,preview,0.03346597328957449,0.07514171227812762,0.030535754923282404,6,0.0824634554909305,NaiveDelayed,0.19138424458910314,0.15576280951499935,0.06952137478546394,force_pulse,1368b3fd4139e18c4f8cd5601d45c6c91fe9f73751ce15406f842e1274121fed,4,rounded_square
force_pulse_l6,0.002522117559799031,-0.004611464936660585,-0.016154323890805226,-0.0009616854574197031,True,0.011016658337719793,preview,0.03346597328957449,0.07514171227812762,0.030535754923282404,6,0.013538775897518824,VirtualDelayAware,0.028854508352913907,0.05898738838732239,0.0295740694658627,force_pulse,1368b3fd4139e18c4f8cd5601d45c6c91fe9f73751ce15406f842e1274121fed,0,rounded_square
force_pulse_l6,-0.0015409612631427233,-0.012306257497288284,-0.015081156790256456,-0.006188700627026301,True,0.011016658337719793,preview,0.03346597328957449,0.07514171227812762,0.030535754923282404,6,0.00947569707457707,VirtualDelayAware,0.021159715792286208,0.06006055548787116,0.024347054296256103,force_pulse,1368b3fd4139e18c4f8cd5601d45c6c91fe9f73751ce15406f842e1274121fed,1,rounded_square
force_pulse_l6,-0.00133514991218092,-0.011501551492628468,-0.019299243018031077,-0.007062690879612452,True,0.011016658337719793,preview,0.03346597328957449,0.07514171227812762,0.030535754923282404,6,0.009681508425538873,VirtualDelayAware,0.021964421796946024,0.05584246926009654,0.02347306404366995,force_pulse,1368b3fd4139e18c4f8cd5601d45c6c91fe9f73751ce15406f842e1274121fed,2,rounded_square
force_pulse_l6,-0.0012674925542329966,-0.012368625223547956,-0.01977255679666992,-0.006661771443415846,True,0.011016658337719793,preview,0.03346597328957449,0.07514171227812762,0.030535754923282404,6,0.009749165783486797,VirtualDelayAware,0.021097348066026537,0.055369155481457696,0.023873983479866558,force_pulse,1368b3fd4139e18c4f8cd5601d45c6c91fe9f73751ce15406f842e1274121fed,3,rounded_square
force_pulse_l6,-0.0004483651993084335,-0.010649302435649287,-0.0195796266198158,-0.005598379491060387,True,0.011016658337719793,preview,0.03346597328957449,0.07514171227812762,0.030535754923282404,6,0.01056829313841136,VirtualDelayAware,0.022816670853925206,0.05556208565831182,0.024937375432222016,force_pulse,1368b3fd4139e18c4f8cd5601d45c6c91fe9f73751ce15406f842e1274121fed,4,rounded_square
force_pulse_l6,0.001387042305487243,-0.003932491102147974,0.00395681858062745,0.0017628631015932476,True,0.011016658337719793,preview,0.03346597328957449,0.07514171227812762,0.030535754923282404,6,0.012403700643207036,ThreadedAsync,0.02953348218742652,0.07909853085875507,0.03229861802487565,force_pulse,1368b3fd4139e18c4f8cd5601d45c6c91fe9f73751ce15406f842e1274121fed,0,rounded_square
force_pulse_l6,0.001415782932142725,-0.0028509947536722417,0.008809298276901287,0.0016975081072044783,True,0.011016658337719793,preview,0.03346597328957449,0.07514171227812762,0.030535754923282404,6,0.012432441269862518,ThreadedAsync,0.03061497853590225,0.0839510105550289,0.03223326303048688,force_pulse,1368b3fd4139e18c4f8cd5601d45c6c91fe9f73751ce15406f842e1274121fed,1,rounded_square
force_pulse_l6,0.0007154422180311888,-0.006023190652347864,-0.002766436338424702,-0.0003082358711470716,True,0.011016658337719793,preview,0.03346597328957449,0.07514171227812762,0.030535754923282404,6,0.011732100555750982,ThreadedAsync,0.027442782637226628,0.07237527593970292,0.030227519052135332,force_pulse,1368b3fd4139e18c4f8cd5601d45c6c91fe9f73751ce15406f842e1274121fed,2,rounded_square
force_pulse_l6,0.0011208504934223321,-0.005353557841571446,-0.0009030982851981895,2.780537310479586e-05,True,0.011016658337719793,preview,0.03346597328957449,0.07514171227812762,0.030535754923282404,6,0.012137508831142126,ThreadedAsync,0.028112415448003046,0.07423861399292943,0.0305635602963872,force_pulse,1368b3fd4139e18c4f8cd5601d45c6c91fe9f73751ce15406f842e1274121fed,3,rounded_square
force_pulse_l6,0.0003329607052149717,-0.008160113904830325,-0.010296085476875258,-0.002483808959935812,True,0.011016658337719793,preview,0.03346597328957449,0.07514171227812762,0.030535754923282404,6,0.011349619042934765,ThreadedAsync,0.025305859384744167,0.06484562680125236,0.028051945963346592,force_pulse,1368b3fd4139e18c4f8cd5601d45c6c91fe9f73751ce15406f842e1274121fed,4,rounded_square
nominal,-0.0003692140090466988,-0.011110403230408624,-0.020208724588155758,-0.004889647576428114,True,0.010404727749337095,preview,0.03227780844367146,0.07414264976978302,0.028967917589110968,0,0.010035513740290396,IdealZeroDelay,0.021167405213262835,0.05393392518162726,0.024078270012682854,nominal,1368b3fd4139e18c4f8cd5601d45c6c91fe9f73751ce15406f842e1274121fed,0,rounded_square
nominal,4.756683033099035e-05,-0.009188937352653425,-0.01906642392277718,-0.0027023323849267,True,0.010404727749337095,preview,0.03227780844367146,0.07414264976978302,0.028967917589110968,0,0.010452294579668085,IdealZeroDelay,0.023088871091018034,0.05507622584700584,0.026265585204184268,nominal,1368b3fd4139e18c4f8cd5601d45c6c91fe9f73751ce15406f842e1274121fed,1,rounded_square
nominal,-0.0019018842016875967,-0.014329670083642946,-0.024667090177536016,-0.007961169228985036,True,0.010404727749337095,preview,0.03227780844367146,0.07414264976978302,0.028967917589110968,0,0.008502843547649498,IdealZeroDelay,0.017948138360028513,0.049475559592247004,0.02100674836012593,nominal,1368b3fd4139e18c4f8cd5601d45c6c91fe9f73751ce15406f842e1274121fed,2,rounded_square
nominal,-0.0007733787891947303,-0.01208286020248774,-0.022502706944942476,-0.005733434435819557,True,0.010404727749337095,preview,0.03227780844367146,0.07414264976978302,0.028967917589110968,0,0.009631348960142365,IdealZeroDelay,0.02019494824118372,0.051639942824840544,0.02323448315329141,nominal,1368b3fd4139e18c4f8cd5601d45c6c91fe9f73751ce15406f842e1274121fed,3,rounded_square
nominal,0.00010675566087599113,-0.011634655253731509,-0.02607406228780748,-0.0052371396167625005,True,0.010404727749337095,preview,0.03227780844367146,0.07414264976978302,0.028967917589110968,0,0.010511483410213086,IdealZeroDelay,0.02064315318993995,0.04806858748197554,0.023730777972348467,nominal,1368b3fd4139e18c4f8cd5601d45c6c91fe9f73751ce15406f842e1274121fed,4,rounded_square
nominal,0.10183776998542489,0.22278500227195602,0.08571633845567703,0.04122634829640455,True,0.010404727749337095,preview,0.03227780844367146,0.07414264976978302,0.028967917589110968,0,0.11224249773476198,NaiveDelayed,0.2550628107156275,0.15985898822546005,0.07019426588551551,nominal,1368b3fd4139e18c4f8cd5601d45c6c91fe9f73751ce15406f842e1274121fed,0,rounded_square
nominal,0.08057794612719354,0.17861620423945293,0.06951055526733393,0.03403613063279169,True,0.010404727749337095,preview,0.03227780844367146,0.07414264976978302,0.028967917589110968,0,0.09098267387653064,NaiveDelayed,0.21089401268312438,0.14365320503711695,0.06300404822190266,nominal,1368b3fd4139e18c4f8cd5601d45c6c91fe9f73751ce15406f842e1274121fed,1,rounded_square
nominal,0.06720966535718052,0.15265035882490993,0.058411091566085704,0.030873948269639875,True,0.010404727749337095,preview,0.03227780844367146,0.07414264976978302,0.028967917589110968,0,0.07761439310651762,NaiveDelayed,0.18492816726858138,0.13255374133586872,0.05984186585875084,nominal,1368b3fd4139e18c4f8cd5601d45c6c91fe9f73751ce15406f842e1274121fed,2,rounded_square
nominal,0.07339749950787863,0.16598344678042418,0.07274479866027828,0.03476715118021578,True,0.010404727749337095,preview,0.03227780844367146,0.07414264976978302,0.028967917589110968,0,0.08380222725721573,NaiveDelayed,0.19826125522409563,0.1468874484300613,0.06373506876932675,nominal,1368b3fd4139e18c4f8cd5601d45c6c91fe9f73751ce15406f842e1274121fed,3,rounded_square
nominal,0.07288527952195673,0.1635752395541881,0.07009651511907572,0.03521499923737316,True,0.010404727749337095,preview,0.03227780844367146,0.07414264976978302,0.028967917589110968,0,0.08329000727129382,NaiveDelayed,0.19585304799785955,0.14423916488885874,0.06418291682648412,nominal,1368b3fd4139e18c4f8cd5601d45c6c91fe9f73751ce15406f842e1274121fed,4,rounded_square
nominal,0.00019003580878779527,-0.008891458921808072,-0.014708345383405694,-0.0035979552878698737,True,0.010404727749337095,preview,0.03227780844367146,0.07414264976978302,0.028967917589110968,0,0.01059476355812489,VirtualDelayAware,0.023386349521863387,0.059434304386377326,0.025369962301241094,nominal,1368b3fd4139e18c4f8cd5601d45c6c91fe9f73751ce15406f842e1274121fed,0,rounded_square
nominal,-0.001552870740230191,-0.013060387938023246,-0.01884625032544139,-0.006391968954561355,True,0.010404727749337095,preview,0.03227780844367146,0.07414264976978302,0.028967917589110968,0,0.008851857009106904,VirtualDelayAware,0.019217420505648213,0.05529639944434163,0.022575948634549613,nominal,1368b3fd4139e18c4f8cd5601d45c6c91fe9f73751ce15406f842e1274121fed,1,rounded_square
nominal,-0.000650476531364708,-0.010363060736754828,-0.01678576134145262,-0.005527078583939794,True,0.010404727749337095,preview,0.03227780844367146,0.07414264976978302,0.028967917589110968,0,0.009754251217972387,VirtualDelayAware,0.02191474770691663,0.0573568884283304,0.023440839005171174,nominal,1368b3fd4139e18c4f8cd5601d45c6c91fe9f73751ce15406f842e1274121fed,2,rounded_square
nominal,-0.0009582956099849042,-0.012055973426595416,-0.020947156101465247,-0.005794190116628673,True,0.010404727749337095,preview,0.03227780844367146,0.07414264976978302,0.028967917589110968,0,0.00944643213935219,VirtualDelayAware,0.020221835017076042,0.05319549366831777,0.023173727472482294,nominal,1368b3fd4139e18c4f8cd5601d45c6c91fe9f73751ce15406f842e1274121fed,3,rounded_square
nominal,-0.001592570229480823,-0.012096651255637577,-0.02233299463987356,-0.006307201736144002,True,0.010404727749337095,preview,0.03227780844367146,0.07414264976978302,0.028967917589110968,0,0.008812157519856272,VirtualDelayAware,0.020181157188033882,0.05180965512990946,0.022660715852966966,nominal,1368b3fd4139e18c4f8cd5601d45c6c91fe9f73751ce15406f842e1274121fed,4,rounded_square
nominal,-0.0009446282793364978,-0.011474215878494884,-0.022090227529406564,-0.005254568210508449,True,0.010404727749337095,preview,0.03227780844367146,0.07414264976978302,0.028967917589110968,0,0.009460099470000597,ThreadedAsync,0.020803592565176575,0.052052422240376456,0.02371334937860252,nominal,1368b3fd4139e18c4f8cd5601d45c6c91fe9f73751ce15406f842e1274121fed,0,rounded_square
nominal,-6.501357548991185e-05,-0.009589833344146533,-0.018932122364640272,-0.0026960246152365266,True,0.010404727749337095,preview,0.03227780844367146,0.07414264976978302,0.028967917589110968,0,0.010339714173847183,ThreadedAsync,0.022687975099524926,0.05521052740514275,0.02627189297387444,nominal,1368b3fd4139e18c4f8cd5601d45c6c91fe9f73751ce15406f842e1274121fed,1,rounded_square
nominal,-0.0010201382918959539,-0.012614551170613816,-0.021654459461569797,-0.0058695917272899335,True,0.010404727749337095,preview,0.03227780844367146,0.07414264976978302,0.028967917589110968,0,0.009384589457441141,ThreadedAsync,0.019663257273057642,0.05248819030821322,0.023098325861821034,nominal,1368b3fd4139e18c4f8cd5601d45c6c91fe9f73751ce15406f842e1274121fed,2,rounded_square
nominal,-0.0007048853629118123,-0.011093546792331068,-0.02134995982050896,-0.00456051212794488,True,0.010404727749337095,preview,0.03227780844367146,0.07414264976978302,0.028967917589110968,0,0.009699842386425283,ThreadedAsync,0.02118426165134039,0.05279268994927406,0.024407405461166088,nominal,1368b3fd4139e18c4f8cd5601d45c6c91fe9f73751ce15406f842e1274121fed,3,rounded_square
nominal,-0.0008936049436031202,-0.012318099379623196,-0.018188139423728003,-0.005334742596126936,True,0.010404727749337095,preview,0.03227780844367146,0.07414264976978302,0.028967917589110968,0,0.009511122805733975,ThreadedAsync,0.019959709064048262,0.05595451034605502,0.02363317499298403,nominal,1368b3fd4139e18c4f8cd5601d45c6c91fe9f73751ce15406f842e1274121fed,4,rounded_square
observation_noise_l3,-0.0013635058642166055,-0.012406681151474582,-0.023841357976198206,-0.006304972638645965,True,0.010404727749337095,preview,0.03227780844367146,0.07414264976978302,0.028967917589110968,3,0.00904122188512049,IdealZeroDelay,0.019871127292196877,0.050301291793584814,0.022662944950465003,observation_noise,1368b3fd4139e18c4f8cd5601d45c6c91fe9f73751ce15406f842e1274121fed,0,rounded_square
observation_noise_l3,-0.0007422022412251414,-0.011490919255231883,-0.019353726506233217,-0.005686409997649706,True,0.010404727749337095,preview,0.03227780844367146,0.07414264976978302,0.028967917589110968,3,0.009662525508111953,IdealZeroDelay,0.020786889188439576,0.0547889232635498,0.023281507591461262,observation_noise,1368b3fd4139e18c4f8cd5601d45c6c91fe9f73751ce15406f842e1274121fed,1,rounded_square
observation_noise_l3,-0.0011350803736057524,-0.012903669634406173,-0.028047607094049458,-0.007011962857827875,True,0.010404727749337095,preview,0.03227780844367146,0.07414264976978302,0.028967917589110968,3,0.009269647375731343,IdealZeroDelay,0.019374138809265286,0.04609504267573356,0.021955954731283093,observation_noise,1368b3fd4139e18c4f8cd5601d45c6c91fe9f73751ce15406f842e1274121fed,2,rounded_square
observation_noise_l3,0.0005764222868359231,-0.009215000572573864,-0.01949757300317289,-0.004028790296860409,True,0.010404727749337095,preview,0.03227780844367146,0.07414264976978302,0.028967917589110968,3,0.010981150036173018,IdealZeroDelay,0.023062807871097595,0.05464507676661013,0.02493912729225056,observation_noise,1368b3fd4139e18c4f8cd5601d45c6c91fe9f73751ce15406f842e1274121fed,3,rounded_square
observation_noise_l3,0.0028946825705646034,-0.005157840694995409,-0.02060460597276688,-0.0005520385318249325,True,0.010404727749337095,preview,0.03227780844367146,0.07414264976978302,0.028967917589110968,3,0.013299410319901698,IdealZeroDelay,0.02711996774867605,0.05353804379701614,0.028415879057286035,observation_noise,1368b3fd4139e18c4f8cd5601d45c6c91fe9f73751ce15406f842e1274121fed,4,rounded_square
observation_noise_l3,0.08877692639637365,0.19459396275285298,0.07407429814338684,0.03908907356263448,True,0.010404727749337095,preview,0.03227780844367146,0.07414264976978302,0.028967917589110968,3,0.09918165414571074,NaiveDelayed,0.22687177119652444,0.14821694791316986,0.06805699115174545,observation_noise,1368b3fd4139e18c4f8cd5601d45c6c91fe9f73751ce15406f842e1274121fed,0,rounded_square
observation_noise_l3,0.07056852659429691,0.14625130201664854,0.07728688567876815,0.03621839728715631,True,0.010404727749337095,preview,0.03227780844367146,0.07414264976978302,0.028967917589110968,3,0.080973254343634,NaiveDelayed,0.17852911046032,0.15142953544855117,0.06518631487626728,observation_noise,1368b3fd4139e18c4f8cd5601d45c6c91fe9f73751ce15406f842e1274121fed,1,rounded_square
observation_noise_l3,0.07800778554600862,0.17080128136465692,0.07144568264484402,0.03462282185268485,True,0.010404727749337095,preview,0.03227780844367146,0.07414264976978302,0.028967917589110968,3,0.08841251329534572,NaiveDelayed,0.20307908980832837,0.14558833241462704,0.06359073944179582,observation_noise,1368b3fd4139e18c4f8cd5601d45c6c91fe9f73751ce15406f842e1274121fed,2,rounded_square
observation_noise_l3,0.07615294695858528,0.18330625408094225,0.0548586651682853,0.026711143038525172,True,0.010404727749337095,preview,0.03227780844367146,0.07414264976978302,0.028967917589110968,3,0.08655767470792237,NaiveDelayed,0.2155840625246137,0.12900131493806832,0.05567906062763614,observation_noise,1368b3fd4139e18c4f8cd5601d45c6c91fe9f73751ce15406f842e1274121fed,3,rounded_square
observation_noise_l3,0.07616356142738813,0.17773742924589744,0.06974935531616203,0.03200863787515304,True,0.010404727749337095,preview,0.03227780844367146,0.07414264976978302,0.028967917589110968,3,0.08656828917672522,NaiveDelayed,0.2100152376895689,0.14389200508594505,0.060976555464264004,observation_noise,1368b3fd4139e18c4f8cd5601d45c6c91fe9f73751ce15406f842e1274121fed,4,rounded_square
observation_noise_l3,-0.00014363216487791805,-0.008426401745278068,-0.01588655300438408,-0.002169667397007552,True,0.010404727749337095,preview,0.03227780844367146,0.07414264976978302,0.028967917589110968,3,0.010261095584459177,VirtualDelayAware,0.02385140669839339,0.05825609676539894,0.026798250192103416,observation_noise,1368b3fd4139e18c4f8cd5601d45c6c91fe9f73751ce15406f842e1274121fed,0,rounded_square
observation_noise_l3,-0.0008861676104943324,-0.011720925278769313,-0.018185221031308277,-0.005449823548061297,True,0.010404727749337095,preview,0.03227780844367146,0.07414264976978302,0.028967917589110968,3,0.009518560138842763,VirtualDelayAware,0.020556883164902146,0.05595742873847474,0.02351809404104967,observation_noise,1368b3fd4139e18c4f8cd5601d45c6c91fe9f73751ce15406f842e1274121fed,1,rounded_square
observation_noise_l3,-0.001442706171691165,-0.011785627833122939,-0.02529508806765081,-0.006859100303627009,True,0.010404727749337095,preview,0.03227780844367146,0.07414264976978302,0.028967917589110968,3,0.00896202157764593,VirtualDelayAware,0.02049218061054852,0.04884756170213221,0.02210881728548396,observation_noise,1368b3fd4139e18c4f8cd5601d45c6c91fe9f73751ce15406f842e1274121fed,2,rounded_square
observation_noise_l3,-0.00046474319500156534,-0.010223778475463921,-0.016570325568318375,-0.004764179513367953,True,0.010404727749337095,preview,0.03227780844367146,0.07414264976978302,0.028967917589110968,3,0.00993998455433553,VirtualDelayAware,0.022054029968207538,0.057572324201464645,0.024203738075743015,observation_noise,1368b3fd4139e18c4f8cd5601d45c6c91fe9f73751ce15406f842e1274121fed,3,rounded_square
observation_noise_l3,-0.0010887458546330678,-0.011302777379648212,-0.020898811146616972,-0.006036574553431109,True,0.010404727749337095,preview,0.03227780844367146,0.07414264976978302,0.028967917589110968,3,0.009315981894704027,VirtualDelayAware,0.020975031064023247,0.05324383862316605,0.022931343035679858,observation_noise,1368b3fd4139e18c4f8cd5601d45c6c91fe9f73751ce15406f842e1274121fed,4,rounded_square
observation_noise_l3,0.0023028918258988333,-0.00420697483763037,-0.0013241678476335755,0.0024891298553150996,True,0.010404727749337095,preview,0.03227780844367146,0.07414264976978302,0.028967917589110968,3,0.012707619575235928,ThreadedAsync,0.02807083360604109,0.07281848192214944,0.03145704744442607,observation_noise,1368b3fd4139e18c4f8cd5601d45c6c91fe9f73751ce15406f842e1274121fed,0,rounded_square
observation_noise_l3,0.0012073648472946865,-0.005823938470054902,0.00016819834709165538,0.0006673089421226144,True,0.010404727749337095,preview,0.03227780844367146,0.07414264976978302,0.028967917589110968,3,0.011612092596631781,ThreadedAsync,0.026453869973616557,0.07431084811687468,0.029635226531233582,observation_noise,1368b3fd4139e18c4f8cd5601d45c6c91fe9f73751ce15406f842e1274121fed,1,rounded_square
observation_noise_l3,0.0017201330037923002,-0.0034545390164651794,0.0018058530986308635,0.0014497004593046238,True,0.010404727749337095,preview,0.03227780844367146,0.07414264976978302,0.028967917589110968,3,0.012124860753129395,ThreadedAsync,0.02882326942720628,0.07594850286841388,0.03041761804841559,observation_noise,1368b3fd4139e18c4f8cd5601d45c6c91fe9f73751ce15406f842e1274121fed,2,rounded_square
observation_noise_l3,0.002263480991110402,-0.0027157568258836633,0.006692983210086809,0.0027335266460301356,True,0.010404727749337095,preview,0.03227780844367146,0.07414264976978302,0.028967917589110968,3,0.012668208740447497,ThreadedAsync,0.029562051617787796,0.08083563297986983,0.0317014442351411,observation_noise,1368b3fd4139e18c4f8cd5601d45c6c91fe9f73751ce15406f842e1274121fed,3,rounded_square
observation_noise_l3,5.6877714741688026e-05,-0.008362804525084502,-0.006299925595521935,-0.0019099129589227881,True,0.010404727749337095,preview,0.03227780844367146,0.07414264976978302,0.028967917589110968,3,0.010461605464078783,ThreadedAsync,0.023915003918586957,0.06784272417426108,0.02705800463018818,observation_noise,1368b3fd4139e18c4f8cd5601d45c6c91fe9f73751ce15406f842e1274121fed,4,rounded_square
observation_noise_l6,0.001852747783018539,-0.006269488636127359,-0.017282831668853763,-4.066892318265597e-05,True,0.010404727749337095,preview,0.03227780844367146,0.07414264976978302,0.028967917589110968,6,0.012257475532355634,IdealZeroDelay,0.0260083198075441,0.05685981810092926,0.02892724866592831,observation_noise,1368b3fd4139e18c4f8cd5601d45c6c91fe9f73751ce15406f842e1274121fed,0,rounded_square
observation_noise_l6,0.008630834316586952,0.00715032383809807,-0.0060841053724289,0.011063764655212607,True,0.010404727749337095,preview,0.03227780844367146,0.07414264976978302,0.028967917589110968,6,0.019035562065924046,IdealZeroDelay,0.03942813228176953,0.06805854439735412,0.040031682244323574,observation_noise,1368b3fd4139e18c4f8cd5601d45c6c91fe9f73751ce15406f842e1274121fed,1,rounded_square
observation_noise_l6,0.003947616655086564,-0.0029380710222406785,-0.012740739062428473,0.002232619824227594,True,0.010404727749337095,preview,0.03227780844367146,0.07414264976978302,0.028967917589110968,6,0.014352344404423659,IdealZeroDelay,0.02933973742143078,0.06140191070735455,0.03120053741333856,observation_noise,1368b3fd4139e18c4f8cd5601d45c6c91fe9f73751ce15406f842e1274121fed,2,rounded_square
observation_noise_l6,0.0011213338007397423,-0.0068051883942356894,-0.020101574435830126,-0.0016704311509687965,True,0.010404727749337095,preview,0.03227780844367146,0.07414264976978302,0.028967917589110968,6,0.011526061550076837,IdealZeroDelay,0.02547262004943577,0.054041075333952894,0.02729748643814217,observation_noise,1368b3fd4139e18c4f8cd5601d45c6c91fe9f73751ce15406f842e1274121fed,3,rounded_square
observation_noise_l6,0.0009937364910155965,-0.008788908702600899,-0.02276148907840253,-0.004243148437495688,True,0.010404727749337095,preview,0.03227780844367146,0.07414264976978302,0.028967917589110968,6,0.011398464240352691,IdealZeroDelay,0.02348889974107056,0.05138116069138049,0.02472476915161528,observation_noise,1368b3fd4139e18c4f8cd5601d45c6c91fe9f73751ce15406f842e1274121fed,4,rounded_square
observation_noise_l6,0.07494027377383254,0.1628651241741557,0.04606502950191492,0.027016086557354196,True,0.010404727749337095,preview,0.03227780844367146,0.07414264976978302,0.028967917589110968,6,0.08534500152316964,NaiveDelayed,0.19514293261782714,0.12020767927169794,0.05598400414646516,observation_noise,1368b3fd4139e18c4f8cd5601d45c6c91fe9f73751ce15406f842e1274121fed,0,rounded_square
observation_noise_l6,0.06606930118067245,0.15574129758208655,0.05849533826112746,0.029103904394277732,True,0.010404727749337095,preview,0.03227780844367146,0.07414264976978302,0.028967917589110968,6,0.07647402893000954,NaiveDelayed,0.188019106025758,0.13263798803091048,0.0580718219833887,observation_noise,1368b3fd4139e18c4f8cd5601d45c6c91fe9f73751ce15406f842e1274121fed,1,rounded_square
observation_noise_l6,0.0793657129493052,0.1545431303823704,0.06218161731958388,0.02906205621620064,True,0.010404727749337095,preview,0.03227780844367146,0.07414264976978302,0.028967917589110968,6,0.08977044069864229,NaiveDelayed,0.18682093882604184,0.1363242670893669,0.05802997380531161,observation_noise,1368b3fd4139e18c4f8cd5601d45c6c91fe9f73751ce15406f842e1274121fed,2,rounded_square
observation_noise_l6,0.06359522936566596,0.14066688146594822,0.059011375904083174,0.02942062921738141,True,0.010404727749337095,preview,0.03227780844367146,0.07414264976978302,0.028967917589110968,6,0.07399995711500305,NaiveDelayed,0.17294468990961967,0.1331540256738662,0.05838854680649238,observation_noise,1368b3fd4139e18c4f8cd5601d45c6c91fe9f73751ce15406f842e1274121fed,3,rounded_square
observation_noise_l6,0.08733795050548057,0.19284372138945743,0.06144306063652036,0.034784953425805384,True,0.010404727749337095,preview,0.03227780844367146,0.07414264976978302,0.028967917589110968,6,0.09774267825481767,NaiveDelayed,0.22512152983312889,0.13558571040630338,0.06375287101491635,observation_noise,1368b3fd4139e18c4f8cd5601d45c6c91fe9f73751ce15406f842e1274121fed,4,rounded_square
observation_noise_l6,0.008087339661578163,0.008011011805232282,0.0011962257325649067,0.01209547779181466,True,0.010404727749337095,preview,0.03227780844367146,0.07414264976978302,0.028967917589110968,6,0.018492067410915258,VirtualDelayAware,0.04028882024890374,0.07533887550234793,0.04106339538092563,observation_noise,1368b3fd4139e18c4f8cd5601d45c6c91fe9f73751ce15406f842e1274121fed,0,rounded_square
observation_noise_l6,0.004493029619394975,-2.7040236111212923e-05,-0.008072444051504174,0.004374108724742819,True,0.010404727749337095,preview,0.03227780844367146,0.07414264976978302,0.028967917589110968,6,0.01489775736873207,VirtualDelayAware,0.032250768207560246,0.06607020571827885,0.03334202631385379,observation_noise,1368b3fd4139e18c4f8cd5601d45c6c91fe9f73751ce15406f842e1274121fed,1,rounded_square
observation_noise_l6,0.0011967535100636303,-0.007401387958983905,-0.01556426659226419,-0.0031128785063140214,True,0.010404727749337095,preview,0.03227780844367146,0.07414264976978302,0.028967917589110968,6,0.011601481259400725,VirtualDelayAware,0.024876420484687554,0.05857838317751883,0.025855039082796946,observation_noise,1368b3fd4139e18c4f8cd5601d45c6c91fe9f73751ce15406f842e1274121fed,2,rounded_square
observation_noise_l6,0.0024930397739237435,-0.00464726202201397,-0.021191268786788002,-0.0016510084721162131,True,0.010404727749337095,preview,0.03227780844367146,0.07414264976978302,0.028967917589110968,6,0.012897767523260838,VirtualDelayAware,0.02763054642165749,0.05295138098299502,0.027316909116994754,observation_noise,1368b3fd4139e18c4f8cd5601d45c6c91fe9f73751ce15406f842e1274121fed,3,rounded_square
observation_noise_l6,0.0038837140194695474,-0.0011229204312057858,-0.013352572545409204,0.0029460748395716933,True,0.010404727749337095,preview,0.03227780844367146,0.07414264976978302,0.028967917589110968,6,0.014288441768806642,VirtualDelayAware,0.031154888012465673,0.060790077224373816,0.03191399242868266,observation_noise,1368b3fd4139e18c4f8cd5601d45c6c91fe9f73751ce15406f842e1274121fed,4,rounded_square
observation_noise_l6,0.002684457499508519,-0.004334543443651227,-0.010145256668329286,-0.0003890332642269567,True,0.010404727749337095,preview,0.03227780844367146,0.07414264976978302,0.028967917589110968,6,0.013089185248845614,ThreadedAsync,0.027943265000020232,0.06399739310145373,0.02857888432488401,observation_noise,1368b3fd4139e18c4f8cd5601d45c6c91fe9f73751ce15406f842e1274121fed,0,rounded_square
observation_noise_l6,0.001252862574688443,-0.005920747628555958,-0.010591620206832894,-0.0016626567711381553,True,0.010404727749337095,preview,0.03227780844367146,0.07414264976978302,0.028967917589110968,6,0.011657590324025538,ThreadedAsync,0.0263570608151155,0.06355102956295013,0.027305260817972812,observation_noise,1368b3fd4139e18c4f8cd5601d45c6c91fe9f73751ce15406f842e1274121fed,1,rounded_square
observation_noise_l6,0.0016664354842694674,-0.0054228428956728456,-0.010993102192878773,-0.00017387317285400342,True,0.010404727749337095,preview,0.03227780844367146,0.07414264976978302,0.028967917589110968,6,0.012071163233606562,ThreadedAsync,0.026854965547998613,0.06314954757690425,0.028794044416256964,observation_noise,1368b3fd4139e18c4f8cd5601d45c6c91fe9f73751ce15406f842e1274121fed,2,rounded_square
observation_noise_l6,0.00379220049264372,-9.919906833866232e-05,0.0003646306693552842,0.004581061805246239,True,0.010404727749337095,preview,0.03227780844367146,0.07414264976978302,0.028967917589110968,6,0.014196928241980815,ThreadedAsync,0.032178609375332796,0.0745072804391383,0.033548979394357206,observation_noise,1368b3fd4139e18c4f8cd5601d45c6c91fe9f73751ce15406f842e1274121fed,3,rounded_square
observation_noise_l6,0.0024633681950043413,-0.002921063965337138,-0.004318113625049677,0.0006730840322689072,True,0.010404727749337095,preview,0.03227780844367146,0.07414264976978302,0.028967917589110968,6,0.012868095944341436,ThreadedAsync,0.02935674447833432,0.06982453614473334,0.029641001621379875,observation_noise,1368b3fd4139e18c4f8cd5601d45c6c91fe9f73751ce15406f842e1274121fed,4,rounded_square
payload_l3,0.0010971674260182342,-0.016933151533317675,-0.009305734932422496,-0.0052775180298871086,True,0.01790594263839369,preview,0.062235413703124354,0.09322715178132042,0.050327284093584765,3,0.019003110064411924,IdealZeroDelay,0.04530226216980668,0.08392141684889792,0.045049766063697656,payload,1368b3fd4139e18c4f8cd5601d45c6c91fe9f73751ce15406f842e1274121fed,0,rounded_square
payload_l3,0.002196801613249831,-0.017424572290962947,-0.006532247364520891,-0.004345852080384162,True,0.01790594263839369,preview,0.062235413703124354,0.09322715178132042,0.050327284093584765,3,0.02010274425164352,IdealZeroDelay,0.044810841412161406,0.08669490441679953,0.0459814320132006,payload,1368b3fd4139e18c4f8cd5601d45c6c91fe9f73751ce15406f842e1274121fed,1,rounded_square
payload_l3,0.000869704305749501,-0.01812996198871744,-0.014450196921825281,-0.005431098652168939,True,0.01790594263839369,preview,0.062235413703124354,0.09322715178132042,0.050327284093584765,3,0.01877564694414319,IdealZeroDelay,0.04410545171440691,0.07877695485949514,0.044896185441415826,payload,1368b3fd4139e18c4f8cd5601d45c6c91fe9f73751ce15406f842e1274121fed,2,rounded_square
payload_l3,0.0017012068577035577,-0.018270678320824907,-0.012014185637235622,-0.007427040514163437,True,0.01790594263839369,preview,0.062235413703124354,0.09322715178132042,0.050327284093584765,3,0.019607149496097247,IdealZeroDelay,0.04396473538229945,0.0812129661440848,0.04290024357942133,payload,1368b3fd4139e18c4f8cd5601d45c6c91fe9f73751ce15406f842e1274121fed,3,rounded_square
payload_l3,-0.0028523394725325397,-0.025266415018139865,-0.03170529268681988,-0.013416600146136638,True,0.01790594263839369,preview,0.062235413703124354,0.09322715178132042,0.050327284093584765,3,0.01505360316586115,IdealZeroDelay,0.03696899868498449,0.06152185909450054,0.03691068394744813,payload,1368b3fd4139e18c4f8cd5601d45c6c91fe9f73751ce15406f842e1274121fed,4,rounded_square
payload_l3,0.05559357760315008,0.09309380382730378,0.03281608447432528,0.00868618008415218,True,0.01790594263839369,preview,0.062235413703124354,0.09322715178132042,0.050327284093584765,3,0.07349952024154377,NaiveDelayed,0.15532921753042814,0.1260432362556457,0.059013464177736945,payload,1368b3fd4139e18c4f8cd5601d45c6c91fe9f73751ce15406f842e1274121fed,0,rounded_square
payload_l3,0.08001664737267702,0.1607133846494859,0.040204941481351855,0.011324718968934729,True,0.01790594263839369,preview,0.062235413703124354,0.09322715178132042,0.050327284093584765,3,0.09792259001107072,NaiveDelayed,0.22294879835261025,0.13343209326267227,0.06165200306251949,payload,1368b3fd4139e18c4f8cd5601d45c6c91fe9f73751ce15406f842e1274121fed,1,rounded_square
payload_l3,0.09444586114609596,0.21919550521126496,0.029241636395454393,0.013412213359691338,True,0.01790594263839369,preview,0.062235413703124354,0.09322715178132042,0.050327284093584765,3,0.11235180378448965,NaiveDelayed,0.2814309189143893,0.12246878817677481,0.0637394974532761,payload,1368b3fd4139e18c4f8cd5601d45c6c91fe9f73751ce15406f842e1274121fed,2,rounded_square
payload_l3,0.06628402759165453,0.15010144455685268,0.05515309795737276,0.017293183409565704,True,0.01790594263839369,preview,0.062235413703124354,0.09322715178132042,0.050327284093584765,3,0.08418997023004822,NaiveDelayed,0.21233685825997703,0.14838024973869318,0.06762046750315047,payload,1368b3fd4139e18c4f8cd5601d45c6c91fe9f73751ce15406f842e1274121fed,3,rounded_square
payload_l3,0.06360353843822802,0.14593233643592762,0.0536923058331014,0.015978971660295577,True,0.01790594263839369,preview,0.062235413703124354,0.09322715178132042,0.050327284093584765,3,0.08150948107662172,NaiveDelayed,0.20816775013905198,0.14691945761442182,0.06630625575388034,payload,1368b3fd4139e18c4f8cd5601d45c6c91fe9f73751ce15406f842e1274121fed,4,rounded_square
payload_l3,-0.0007908094000718471,-0.01928437814569546,-0.01898094713687884,-0.008956068175685346,True,0.01790594263839369,preview,0.062235413703124354,0.09322715178132042,0.050327284093584765,3,0.017115133238321843,VirtualDelayAware,0.04295103555742889,0.07424620464444158,0.04137121591789942,payload,1368b3fd4139e18c4f8cd5601d45c6c91fe9f73751ce15406f842e1274121fed,0,rounded_square
payload_l3,0.0006588817083295825,-0.017453729991477554,-0.008983152359723898,-0.007079910088896184,True,0.01790594263839369,preview,0.062235413703124354,0.09322715178132042,0.050327284093584765,3,0.018564824346723272,VirtualDelayAware,0.0447816837116468,0.08424399942159652,0.04324737400468858,payload,1368b3fd4139e18c4f8cd5601d45c6c91fe9f73751ce15406f842e1274121fed,1,rounded_square
payload_l3,-0.0016302739542463363,-0.019674881961572112,-0.02148585692048066,-0.009845746841403331,True,0.01790594263839369,preview,0.062235413703124354,0.09322715178132042,0.050327284093584765,3,0.016275668684147353,VirtualDelayAware,0.04256053174155224,0.07174129486083976,0.04048153725218143,payload,1368b3fd4139e18c4f8cd5601d45c6c91fe9f73751ce15406f842e1274121fed,2,rounded_square
payload_l3,-0.0030241723967027907,-0.022005985467814196,-0.026906175166368396,-0.011855079874430949,True,0.01790594263839369,preview,0.062235413703124354,0.09322715178132042,0.050327284093584765,3,0.014881770241690899,VirtualDelayAware,0.04022942823531016,0.06632097661495202,0.038472204219153816,payload,1368b3fd4139e18c4f8cd5601d45c6c91fe9f73751ce15406f842e1274121fed,3,rounded_square
payload_l3,0.0003293966169357551,-0.01646824004315854,-0.016741915792226725,-0.007427367171525291,True,0.01790594263839369,preview,0.062235413703124354,0.09322715178132042,0.050327284093584765,3,0.018235339255329445,VirtualDelayAware,0.04576717365996581,0.0764852359890937,0.042899916922059474,payload,1368b3fd4139e18c4f8cd5601d45c6c91fe9f73751ce15406f842e1274121fed,4,rounded_square
payload_l3,-0.0032286593406308517,-0.023753925579507396,-0.018051991611718984,-0.013072374900689042,True,0.01790594263839369,preview,0.062235413703124354,0.09322715178132042,0.050327284093584765,3,0.014677283297762838,ThreadedAsync,0.03848148812361696,0.07517516016960143,0.03725490919289572,payload,1368b3fd4139e18c4f8cd5601d45c6c91fe9f73751ce15406f842e1274121fed,0,rounded_square
payload_l3,-0.004376680545285219,-0.024245807269368293,-0.02387855201959596,-0.013862113283959088,True,0.01790594263839369,preview,0.062235413703124354,0.09322715178132042,0.050327284093584765,3,0.01352926209310847,ThreadedAsync,0.03798960643375606,0.06934859976172446,0.03646517080962568,payload,1368b3fd4139e18c4f8cd5601d45c6c91fe9f73751ce15406f842e1274121fed,1,rounded_square
payload_l3,-0.0023362274922704013,-0.02082515024734597,-0.016114874184131572,-0.010652864384290181,True,0.01790594263839369,preview,0.062235413703124354,0.09322715178132042,0.050327284093584765,3,0.015569715146123288,ThreadedAsync,0.04141026345577838,0.07711227759718885,0.039674419709294584,payload,1368b3fd4139e18c4f8cd5601d45c6c91fe9f73751ce15406f842e1274121fed,2,rounded_square
payload_l3,-0.0038050837782832424,-0.023425526115773282,-0.020872810482978843,-0.01311162553724056,True,0.01790594263839369,preview,0.062235413703124354,0.09322715178132042,0.050327284093584765,3,0.014100858860110447,ThreadedAsync,0.03880988758735107,0.07235434129834158,0.037215658556344205,payload,1368b3fd4139e18c4f8cd5601d45c6c91fe9f73751ce15406f842e1274121fed,3,rounded_square
payload_l3,-0.0019774570253551886,-0.021687152567849234,-0.018719462305307424,-0.011368520001240133,True,0.01790594263839369,preview,0.062235413703124354,0.09322715178132042,0.050327284093584765,3,0.0159284856130385,ThreadedAsync,0.04054826113527512,0.074507689476013,0.03895876409234463,payload,1368b3fd4139e18c4f8cd5601d45c6c91fe9f73751ce15406f842e1274121fed,4,rounded_square
payload_l6,-0.011235049045954418,-0.07466584252076014,-0.03516459017991999,-0.036459363913225476,True,0.04407964828914538,preview,0.16080461282832995,0.17353467494249322,0.1237303842958473,6,0.03284459924319096,IdealZeroDelay,0.0861387703075698,0.13837008476257323,0.08727102038262183,payload,1368b3fd4139e18c4f8cd5601d45c6c91fe9f73751ce15406f842e1274121fed,0,rounded_square
payload_l6,-0.011158023121752007,-0.07418865587361974,-0.03327438086271273,-0.0359169340296865,True,0.04407964828914538,preview,0.16080461282832995,0.17353467494249322,0.1237303842958473,6,0.03292162516739337,IdealZeroDelay,0.08661595695471021,0.1402602940797805,0.0878134502661608,payload,1368b3fd4139e18c4f8cd5601d45c6c91fe9f73751ce15406f842e1274121fed,1,rounded_square
payload_l6,-0.012773796070562483,-0.07762366251616974,-0.03495413064956651,-0.041053594826301776,True,0.04407964828914538,preview,0.16080461282832995,0.17353467494249322,0.1237303842958473,6,0.0313058522185829,IdealZeroDelay,0.0831809503121602,0.1385805442929267,0.08267678946954553,payload,1368b3fd4139e18c4f8cd5601d45c6c91fe9f73751ce15406f842e1274121fed,2,rounded_square
payload_l6,-0.012456500823576869,-0.07692959774869321,-0.028901751339435372,-0.039155317537690346,True,0.04407964828914538,preview,0.16080461282832995,0.17353467494249322,0.1237303842958473,6,0.03162314746556851,IdealZeroDelay,0.08387501507963674,0.14463292360305785,0.08457506675815696,payload,1368b3fd4139e18c4f8cd5601d45c6c91fe9f73751ce15406f842e1274121fed,3,rounded_square
payload_l6,-0.012644892028163268,-0.07586028037893354,-0.028182409703731343,-0.03904627619954307,True,0.04407964828914538,preview,0.16080461282832995,0.17353467494249322,0.1237303842958473,6,0.03143475626098211,IdealZeroDelay,0.0849443324493964,0.14535226523876188,0.08468410809630424,payload,1368b3fd4139e18c4f8cd5601d45c6c91fe9f73751ce15406f842e1274121fed,4,rounded_square
payload_l6,0.06262558911457691,0.10221531999891767,-0.010445478558540278,-0.04045113284938463,True,0.04407964828914538,preview,0.16080461282832995,0.17353467494249322,0.1237303842958473,6,0.1067052374037223,NaiveDelayed,0.2630199328272476,0.16308919638395294,0.08327925144646267,payload,1368b3fd4139e18c4f8cd5601d45c6c91fe9f73751ce15406f842e1274121fed,0,rounded_square
payload_l6,0.06303013760293685,0.12114079471749614,0.02081103473901752,-0.029201646342739113,True,0.04407964828914538,preview,0.16080461282832995,0.17353467494249322,0.1237303842958473,6,0.10710978589208224,NaiveDelayed,0.2819454075458261,0.19434570968151074,0.09452873795310819,payload,1368b3fd4139e18c4f8cd5601d45c6c91fe9f73751ce15406f842e1274121fed,1,rounded_square
payload_l6,0.05427689179193108,0.08576273046632557,0.000860685110092213,-0.039275615740964845,True,0.04407964828914538,preview,0.16080461282832995,0.17353467494249322,0.1237303842958473,6,0.09835654008107646,NaiveDelayed,0.24656734329465552,0.17439536005258544,0.08445476855488246,payload,1368b3fd4139e18c4f8cd5601d45c6c91fe9f73751ce15406f842e1274121fed,2,rounded_square
payload_l6,0.04345382930371943,0.05484452411147275,0.0349608212709428,-0.02649936430809119,True,0.04407964828914538,preview,0.16080461282832995,0.17353467494249322,0.1237303842958473,6,0.08753347759286481,NaiveDelayed,0.2156491369398027,0.20849549621343602,0.09723101998775611,payload,1368b3fd4139e18c4f8cd5601d45c6c91fe9f73751ce15406f842e1274121fed,3,rounded_square
payload_l6,0.0378109514805209,0.01994120356864673,0.04520111829042442,-0.028682632340615924,True,0.04407964828914538,preview,0.16080461282832995,0.17353467494249322,0.1237303842958473,6,0.08189059976966628,NaiveDelayed,0.18074581639697668,0.21873579323291764,0.09504775195523138,payload,1368b3fd4139e18c4f8cd5601d45c6c91fe9f73751ce15406f842e1274121fed,4,rounded_square
payload_l6,-0.013180017478791262,-0.06533331289535572,-0.0455872878432273,-0.036911805055906924,True,0.04407964828914538,preview,0.16080461282832995,0.17353467494249322,0.1237303842958473,6,0.030899630810354118,VirtualDelayAware,0.09547129993297422,0.12794738709926592,0.08681857923994038,payload,1368b3fd4139e18c4f8cd5601d45c6c91fe9f73751ce15406f842e1274121fed,0,rounded_square
payload_l6,-0.011218175629783722,-0.06131948132021034,-0.028910583257674982,-0.03221489465591092,True,0.04407964828914538,preview,0.16080461282832995,0.17353467494249322,0.1237303842958473,6,0.03286147265936166,VirtualDelayAware,0.0994851315081196,0.14462409168481824,0.09151548963993639,payload,1368b3fd4139e18c4f8cd5601d45c6c91fe9f73751ce15406f842e1274121fed,1,rounded_square
payload_l6,-0.010638430739906043,-0.06112588118343894,-0.03741386085748652,-0.03407673830893726,True,0.04407964828914538,preview,0.16080461282832995,0.17353467494249322,0.1237303842958473,6,0.03344121754923934,VirtualDelayAware,0.09967873164489101,0.1361208140850067,0.08965364598691004,payload,1368b3fd4139e18c4f8cd5601d45c6c91fe9f73751ce15406f842e1274121fed,2,rounded_square
payload_l6,-0.01399496084645764,-0.06958123481744058,-0.04856287613511079,-0.0405717096956663,True,0.04407964828914538,preview,0.16080461282832995,0.17353467494249322,0.1237303842958473,6,0.03008468744268774,VirtualDelayAware,0.09122337801088937,0.12497179880738243,0.083158674600181,payload,1368b3fd4139e18c4f8cd5601d45c6c91fe9f73751ce15406f842e1274121fed,3,rounded_square
payload_l6,-0.011502649846058921,-0.061758285255272105,-0.0369372904300688,-0.03369245141701674,True,0.04407964828914538,preview,0.16080461282832995,0.17353467494249322,0.1237303842958473,6,0.03257699844308646,VirtualDelayAware,0.09904632757305784,0.13659738451242442,0.09003793287883056,payload,1368b3fd4139e18c4f8cd5601d45c6c91fe9f73751ce15406f842e1274121fed,4,rounded_square
payload_l6,-0.007128253101042072,-0.04264553032131052,-0.00825763493776302,-0.02124896019904099,True,0.04407964828914538,preview,0.16080461282832995,0.17353467494249322,0.1237303842958473,6,0.03695139518810331,ThreadedAsync,0.11815908250701943,0.1652770400047302,0.10248142409680631,payload,1368b3fd4139e18c4f8cd5601d45c6c91fe9f73751ce15406f842e1274121fed,0,rounded_square
payload_l6,-0.010991880572587903,-0.054841717447924626,-0.026598569750785672,-0.02924525633760093,True,0.04407964828914538,preview,0.16080461282832995,0.17353467494249322,0.1237303842958473,6,0.03308776771655748,ThreadedAsync,0.10596289538040532,0.14693610519170755,0.09448512795824637,payload,1368b3fd4139e18c4f8cd5601d45c6c91fe9f73751ce15406f842e1274121fed,1,rounded_square
payload_l6,-0.009037825278600989,-0.05069148409588124,-0.02188135534524896,-0.025470366533429198,True,0.04407964828914538,preview,0.16080461282832995,0.17353467494249322,0.1237303842958473,6,0.03504182301054439,ThreadedAsync,0.1101131287324487,0.15165331959724426,0.0982600177624181,payload,1368b3fd4139e18c4f8cd5601d45c6c91fe9f73751ce15406f842e1274121fed,2,rounded_square
payload_l6,-0.008810207339940881,-0.04804535515862897,-0.03543455898761727,-0.02678510090634166,True,0.04407964828914538,preview,0.16080461282832995,0.17353467494249322,0.1237303842958473,6,0.0352694409492045,ThreadedAsync,0.11275925766970098,0.13810011595487595,0.09694528338950564,payload,1368b3fd4139e18c4f8cd5601d45c6c91fe9f73751ce15406f842e1274121fed,3,rounded_square
payload_l6,-0.010812465053021393,-0.05773096174067202,-0.02425229698419587,-0.02978182371923313,True,0.04407964828914538,preview,0.16080461282832995,0.17353467494249322,0.1237303842958473,6,0.03326718323612399,ThreadedAsync,0.10307365108765792,0.14928237795829735,0.09394856057661417,payload,1368b3fd4139e18c4f8cd5601d45c6c91fe9f73751ce15406f842e1274121fed,4,rounded_square
actuator_gain_l3,-0.005493437875754051,-0.016012344503479298,-0.03952566310763356,-0.015849648128119547,True,0.017779104449862405,raw,0.04183777933674761,0.10363555774092668,0.046310004178645545,3,0.012285666574108354,IdealZeroDelay,0.02582543483326831,0.06410989463329313,0.030460356050525998,actuator_gain,c15a120662df139ed529a1c7d6ba9b078cca47bc7eb4bbfe9dd74464c976ce23,0,circle
actuator_gain_l3,-0.00611816050069054,-0.01675141366679373,-0.044821162149310076,-0.01701639831459652,True,0.017779104449862405,raw,0.04183777933674761,0.10363555774092668,0.046310004178645545,3,0.011660943949171864,IdealZeroDelay,0.025086365669953876,0.05881439559161661,0.029293605864049024,actuator_gain,c15a120662df139ed529a1c7d6ba9b078cca47bc7eb4bbfe9dd74464c976ce23,1,circle
actuator_gain_l3,-0.005335808698943069,-0.015912273477046664,-0.038211330771446214,-0.015634111242161422,True,0.017779104449862405,raw,0.04183777933674761,0.10363555774092668,0.046310004178645545,3,0.012443295750919335,IdealZeroDelay,0.025925505859700944,0.06542422696948047,0.030675892936484123,actuator_gain,c15a120662df139ed529a1c7d6ba9b078cca47bc7eb4bbfe9dd74464c976ce23,2,circle
actuator_gain_l3,-0.005563676045621297,-0.016940517513601025,-0.04403855316340918,-0.01642389984299214,True,0.017779104449862405,raw,0.04183777933674761,0.10363555774092668,0.046310004178645545,3,0.012215428404241108,IdealZeroDelay,0.024897261823146583,0.0595970045775175,0.029886104335653405,actuator_gain,c15a120662df139ed529a1c7d6ba9b078cca47bc7eb4bbfe9dd74464c976ce23,3,circle
actuator_gain_l3,-0.0054652404998681015,-0.01655262916396038,-0.039702043682336874,-0.016021953659671274,True,0.017779104449862405,raw,0.04183777933674761,0.10363555774092668,0.046310004178645545,3,0.012313863949994303,IdealZeroDelay,0.025285150172787228,0.06393351405858981,0.03028805051897427,actuator_gain,c15a120662df139ed529a1c7d6ba9b078cca47bc7eb4bbfe9dd74464c976ce23,4,circle
actuator_gain_l3,0.052459436183243086,0.10852910018663624,0.021773236244916963,0.018830076165932047,True,0.017779104449862405,raw,0.04183777933674761,0.10363555774092668,0.046310004178645545,3,0.07023854063310549,NaiveDelayed,0.15036687952338385,0.12540879398584365,0.06514008034457759,actuator_gain,c15a120662df139ed529a1c7d6ba9b078cca47bc7eb4bbfe9dd74464c976ce23,0,circle
actuator_gain_l3,0.0747889389277905,0.14632196018507526,0.05165024325251584,0.028439250520895798,True,0.017779104449862405,raw,0.04183777933674761,0.10363555774092668,0.046310004178645545,3,0.0925680433776529,NaiveDelayed,0.18815973952182288,0.15528580099344252,0.07474925469954134,actuator_gain,c15a120662df139ed529a1c7d6ba9b078cca47bc7eb4bbfe9dd74464c976ce23,1,circle
actuator_gain_l3,0.0534877441106489,0.12332270724847909,0.040557611733675045,0.024247411526166954,True,0.017779104449862405,raw,0.04183777933674761,0.10363555774092668,0.046310004178645545,3,0.0712668485605113,NaiveDelayed,0.1651604865852267,0.14419316947460173,0.0705574157048125,actuator_gain,c15a120662df139ed529a1c7d6ba9b078cca47bc7eb4bbfe9dd74464c976ce23,2,circle
actuator_gain_l3,0.0830424390079839,0.18344059701873838,0.03080973103642469,0.027167213932883114,True,0.017779104449862405,raw,0.04183777933674761,0.10363555774092668,0.046310004178645545,3,0.1008215434578463,NaiveDelayed,0.225278376355486,0.13444528877735137,0.07347721811152866,actuator_gain,c15a120662df139ed529a1c7d6ba9b078cca47bc7eb4bbfe9dd74464c976ce23,3,circle
actuator_gain_l3,0.07629201026606788,0.1722061205135807,0.040701130777597475,0.0329197224372136,True,0.017779104449862405,raw,0.04183777933674761,0.10363555774092668,0.046310004178645545,3,0.09407111471593028,NaiveDelayed,0.2140438998503283,0.14433668851852416,0.07922972661585914,actuator_gain,c15a120662df139ed529a1c7d6ba9b078cca47bc7eb4bbfe9dd74464c976ce23,4,circle
actuator_gain_l3,-0.005330720448979942,-0.014638935426914738,-0.03667676523327823,-0.015718480462265604,True,0.017779104449862405,raw,0.04183777933674761,0.10363555774092668,0.046310004178645545,3,0.012448384000882462,VirtualDelayAware,0.02719884390983287,0.06695879250764845,0.03059152371637994,actuator_gain,c15a120662df139ed529a1c7d6ba9b078cca47bc7eb4bbfe9dd74464c976ce23,0,circle
actuator_gain_l3,-0.005539965668387855,-0.014231659059046265,-0.03409102931618686,-0.014684917771675972,True,0.017779104449862405,raw,0.04183777933674761,0.10363555774092668,0.046310004178645545,3,0.01223913878147455,VirtualDelayAware,0.027606120277701342,0.06954452842473982,0.03162508640696957,actuator_gain,c15a120662df139ed529a1c7d6ba9b078cca47bc7eb4bbfe9dd74464c976ce23,1,circle
actuator_gain_l3,-0.004407326012402088,-0.012922233881938642,-0.035460849851369824,-0.014022955634481145,True,0.017779104449862405,raw,0.04183777933674761,0.10363555774092668,0.046310004178645545,3,0.013371778437460317,VirtualDelayAware,0.028915545454808966,0.06817470788955686,0.0322870485441644,actuator_gain,c15a120662df139ed529a1c7d6ba9b078cca47bc7eb4bbfe9dd74464c976ce23,2,circle
actuator_gain_l3,-0.004708145367803094,-0.014178684195318904,-0.0400183096528053,-0.01449819380743303,True,0.017779104449862405,raw,0.04183777933674761,0.10363555774092668,0.046310004178645545,3,0.01307095908205931,VirtualDelayAware,0.027659095141428704,0.06361724808812139,0.031811810371212515,actuator_gain,c15a120662df139ed529a1c7d6ba9b078cca47bc7eb4bbfe9dd74464c976ce23,3,circle
actuator_gain_l3,-0.005670901258297388,-0.015661394651894634,-0.04500152207911011,-0.0167620406459274,True,0.017779104449862405,raw,0.04183777933674761,0.10363555774092668,0.046310004178645545,3,0.012108203191565017,VirtualDelayAware,0.026176384684852973,0.058634035661816575,0.029547963532718144,actuator_gain,c15a120662df139ed529a1c7d6ba9b078cca47bc7eb4bbfe9dd74464c976ce23,4,circle
actuator_gain_l3,-0.0018574634949874158,-0.0046638081126163244,-0.01843127980828288,-0.0077129713789841695,True,0.017779104449862405,raw,0.04183777933674761,0.10363555774092668,0.046310004178645545,3,0.01592164095487499,ThreadedAsync,0.03717397122413128,0.0852042779326438,0.038597032799661375,actuator_gain,c15a120662df139ed529a1c7d6ba9b078cca47bc7eb4bbfe9dd74464c976ce23,0,circle
actuator_gain_l3,-0.0034621959272701577,-0.011184496006144115,-0.0331471115350723,-0.011511108828053104,True,0.017779104449862405,raw,0.04183777933674761,0.10363555774092668,0.046310004178645545,3,0.014316908522592247,ThreadedAsync,0.030653283330603492,0.07048844620585439,0.03479889535059244,actuator_gain,c15a120662df139ed529a1c7d6ba9b078cca47bc7eb4bbfe9dd74464c976ce23,1,circle
actuator_gain_l3,-0.003908224348702754,-0.012347395869817989,-0.03039138987660403,-0.012023761767227248,True,0.017779104449862405,raw,0.04183777933674761,0.10363555774092668,0.046310004178645545,3,0.01387088010115965,ThreadedAsync,0.02949038346692962,0.07324416786432265,0.0342862424114183,actuator_gain,c15a120662df139ed529a1c7d6ba9b078cca47bc7eb4bbfe9dd74464c976ce23,2,circle
actuator_gain_l3,-0.0028782650749323204,-0.008582714306339563,-0.02616409361362454,-0.008622532353808068,True,0.017779104449862405,raw,0.04183777933674761,0.10363555774092668,0.046310004178645545,3,0.014900839374930084,ThreadedAsync,0.033255065030408044,0.07747146412730214,0.037687471824837476,actuator_gain,c15a120662df139ed529a1c7d6ba9b078cca47bc7eb4bbfe9dd74464c976ce23,3,circle
actuator_gain_l3,-0.002301631393811756,-0.007771911605875502,-0.015220349282026258,-0.00821155959417992,True,0.017779104449862405,raw,0.04183777933674761,0.10363555774092668,0.046310004178645545,3,0.015477473056050649,ThreadedAsync,0.034065867730872106,0.08841520845890043,0.038098444584465624,actuator_gain,c15a120662df139ed529a1c7d6ba9b078cca47bc7eb4bbfe9dd74464c976ce23,4,circle
actuator_gain_l6,-0.007565286704000876,-0.020783969847942035,-0.0413199707865715,-0.01787469844264586,True,0.02504080649883189,raw,0.05828550809563131,0.14291496574878693,0.06274575393737125,6,0.017475519794831015,IdealZeroDelay,0.03750153824768927,0.10159499496221543,0.04487105549472539,actuator_gain,c15a120662df139ed529a1c7d6ba9b078cca47bc7eb4bbfe9dd74464c976ce23,0,circle
actuator_gain_l6,-0.00708381458500152,-0.02009206430810663,-0.0389799788594246,-0.017072099347428357,True,0.02504080649883189,raw,0.05828550809563131,0.14291496574878693,0.06274575393737125,6,0.01795699191383037,IdealZeroDelay,0.03819344378752468,0.10393498688936233,0.045673654589942894,actuator_gain,c15a120662df139ed529a1c7d6ba9b078cca47bc7eb4bbfe9dd74464c976ce23,1,circle
actuator_gain_l6,-0.006738614839588097,-0.020771826251530262,-0.04667785763740548,-0.01757421720731802,True,0.02504080649883189,raw,0.05828550809563131,0.14291496574878693,0.06274575393737125,6,0.018302191659243794,IdealZeroDelay,0.037513681844101046,0.09623710811138145,0.04517153673005323,actuator_gain,c15a120662df139ed529a1c7d6ba9b078cca47bc7eb4bbfe9dd74464c976ce23,2,circle
actuator_gain_l6,-0.007484254101768086,-0.02219372914703633,-0.05460706427693371,-0.01948792071802702,True,0.02504080649883189,raw,0.05828550809563131,0.14291496574878693,0.06274575393737125,6,0.017556552397063805,IdealZeroDelay,0.03609177894859498,0.08830790147185322,0.04325783321934423,actuator_gain,c15a120662df139ed529a1c7d6ba9b078cca47bc7eb4bbfe9dd74464c976ce23,3,circle
actuator_gain_l6,-0.007423664345266718,-0.022786172902368652,-0.05870050191879275,-0.020225143469086382,True,0.02504080649883189,raw,0.05828550809563131,0.14291496574878693,0.06274575393737125,6,0.017617142153565173,IdealZeroDelay,0.035499335193262656,0.08421446382999417,0.04252061046828487,actuator_gain,c15a120662df139ed529a1c7d6ba9b078cca47bc7eb4bbfe9dd74464c976ce23,4,circle
actuator_gain_l6,0.07337872487766318,0.17222695794773885,0.028578141331672663,0.019598225060717026,True,0.02504080649883189,raw,0.05828550809563131,0.14291496574878693,0.06274575393737125,6,0.09841953137649508,NaiveDelayed,0.23051246604337017,0.1714931070804596,0.08234397899808828,actuator_gain,c15a120662df139ed529a1c7d6ba9b078cca47bc7eb4bbfe9dd74464c976ce23,0,circle
actuator_gain_l6,0.07854938430161179,0.1753230861488102,0.026248636841773892,0.02106273740171105,True,0.02504080649883189,raw,0.05828550809563131,0.14291496574878693,0.06274575393737125,6,0.10359019080044368,NaiveDelayed,0.2336085942444415,0.16916360259056082,0.0838084913390823,actuator_gain,c15a120662df139ed529a1c7d6ba9b078cca47bc7eb4bbfe9dd74464c976ce23,1,circle
actuator_gain_l6,0.06186397422800648,0.11357914345830618,0.027165514230728133,0.02291779321071366,True,0.02504080649883189,raw,0.05828550809563131,0.14291496574878693,0.06274575393737125,6,0.08690478072683837,NaiveDelayed,0.1718646515539375,0.17008047997951506,0.08566354714808491,actuator_gain,c15a120662df139ed529a1c7d6ba9b078cca47bc7eb4bbfe9dd74464c976ce23,2,circle
actuator_gain_l6,0.05555072813635911,0.11166739634810423,0.025610756874084428,0.02162546615491466,True,0.02504080649883189,raw,0.05828550809563131,0.14291496574878693,0.06274575393737125,6,0.080591534635191,NaiveDelayed,0.16995290444373554,0.16852572262287135,0.08437122009228591,actuator_gain,c15a120662df139ed529a1c7d6ba9b078cca47bc7eb4bbfe9dd74464c976ce23,3,circle
actuator_gain_l6,0.08044670361864369,0.1684995458674451,0.04534708112478247,0.03156548185874848,True,0.02504080649883189,raw,0.05828550809563131,0.14291496574878693,0.06274575393737125,6,0.10548751011747558,NaiveDelayed,0.2267850539630764,0.1882620468735694,0.09431123579611973,actuator_gain,c15a120662df139ed529a1c7d6ba9b078cca47bc7eb4bbfe9dd74464c976ce23,4,circle
actuator_gain_l6,-0.006077520216363284,-0.01815401496005633,-0.04105492904782303,-0.01551707400571515,True,0.02504080649883189,raw,0.05828550809563131,0.14291496574878693,0.06274575393737125,6,0.018963286282468607,VirtualDelayAware,0.04013149313557498,0.1018600367009639,0.0472286799316561,actuator_gain,c15a120662df139ed529a1c7d6ba9b078cca47bc7eb4bbfe9dd74464c976ce23,0,circle
actuator_gain_l6,-0.007143595604148668,-0.019231862471427316,-0.042539946734905285,-0.017026505119285697,True,0.02504080649883189,raw,0.05828550809563131,0.14291496574878693,0.06274575393737125,6,0.017897210894683224,VirtualDelayAware,0.03905364562420399,0.10037501901388164,0.045719248818085555,actuator_gain,c15a120662df139ed529a1c7d6ba9b078cca47bc7eb4bbfe9dd74464c976ce23,1,circle
actuator_gain_l6,-0.006716706561534783,-0.019492695027728116,-0.0453637145459652,-0.016136577443469045,True,0.02504080649883189,raw,0.05828550809563131,0.14291496574878693,0.06274575393737125,6,0.018324099937297108,VirtualDelayAware,0.03879281306790319,0.09755125120282172,0.046609176493902206,actuator_gain,c15a120662df139ed529a1c7d6ba9b078cca47bc7eb4bbfe9dd74464c976ce23,2,circle
actuator_gain_l6,-0.00671834746743338,-0.018690393683462127,-0.04287835657596589,-0.01685572077206817,True,0.02504080649883189,raw,0.05828550809563131,0.14291496574878693,0.06274575393737125,6,0.01832245903139851,VirtualDelayAware,0.03959511441216918,0.10003660917282103,0.04589003316530308,actuator_gain,c15a120662df139ed529a1c7d6ba9b078cca47bc7eb4bbfe9dd74464c976ce23,3,circle
actuator_gain_l6,-0.00671257578294707,-0.01866922493306014,-0.03956468328833587,-0.016085285072329154,True,0.02504080649883189,raw,0.05828550809563131,0.14291496574878693,0.06274575393737125,6,0.01832823071588482,VirtualDelayAware,0.03961628316257117,0.10335028246045105,0.0466604688650421,actuator_gain,c15a120662df139ed529a1c7d6ba9b078cca47bc7eb4bbfe9dd74464c976ce23,4,circle
actuator_gain_l6,-0.004636300332368368,-0.013259386214468656,-0.024923714250326204,-0.009781806503886721,True,0.02504080649883189,raw,0.05828550809563131,0.14291496574878693,0.06274575393737125,6,0.020404506166463523,ThreadedAsync,0.04502612188116265,0.11799125149846072,0.05296394743348453,actuator_gain,c15a120662df139ed529a1c7d6ba9b078cca47bc7eb4bbfe9dd74464c976ce23,0,circle
actuator_gain_l6,-0.005614305926083633,-0.016743255068181653,-0.03857107385993008,-0.0136541356269742,True,0.02504080649883189,raw,0.05828550809563131,0.14291496574878693,0.06274575393737125,6,0.019426500572748258,ThreadedAsync,0.041542253027449655,0.10434389188885684,0.04909161831039705,actuator_gain,c15a120662df139ed529a1c7d6ba9b078cca47bc7eb4bbfe9dd74464c976ce23,1,circle
actuator_gain_l6,-0.006184312051374215,-0.01697491636594839,-0.03742168024182324,-0.014420588540582549,True,0.02504080649883189,raw,0.05828550809563131,0.14291496574878693,0.06274575393737125,6,0.018856494447457676,ThreadedAsync,0.04131059172968292,0.10549328550696369,0.0483251653967887,actuator_gain,c15a120662df139ed529a1c7d6ba9b078cca47bc7eb4bbfe9dd74464c976ce23,2,circle
actuator_gain_l6,-0.006265974045903826,-0.016899536942318043,-0.03197571411728861,-0.013919104937249967,True,0.02504080649883189,raw,0.05828550809563131,0.14291496574878693,0.06274575393737125,6,0.018774832452928065,ThreadedAsync,0.041385971153313265,0.11093925163149831,0.048826649000121285,actuator_gain,c15a120662df139ed529a1c7d6ba9b078cca47bc7eb4bbfe9dd74464c976ce23,3,circle
actuator_gain_l6,-0.005519753279335734,-0.017189353494404216,-0.03135404065251353,-0.012836342265128628,True,0.02504080649883189,raw,0.05828550809563131,0.14291496574878693,0.06274575393737125,6,0.019521053219496157,ThreadedAsync,0.04109615460122709,0.1115609250962734,0.04990941167224262,actuator_gain,c15a120662df139ed529a1c7d6ba9b078cca47bc7eb4bbfe9dd74464c976ce23,4,circle
force_pulse_l3,-0.005327449979967928,-0.015779844574715252,-0.03944994658231735,-0.016248780714029194,True,0.015156517768482106,raw,0.036033714628070944,0.08892745003104206,0.039854656751544974,3,0.009829067788514178,IdealZeroDelay,0.02025387005335569,0.049477503448724716,0.02360587603751578,force_pulse,c15a120662df139ed529a1c7d6ba9b078cca47bc7eb4bbfe9dd74464c976ce23,0,circle
force_pulse_l3,-0.003564780165811474,-0.010766594166293112,-0.02593396902084348,-0.010726598903725838,True,0.015156517768482106,raw,0.036033714628070944,0.08892745003104206,0.039854656751544974,3,0.011591737602670632,IdealZeroDelay,0.025267120461777832,0.06299348101019858,0.029128057847819137,force_pulse,c15a120662df139ed529a1c7d6ba9b078cca47bc7eb4bbfe9dd74464c976ce23,1,circle
force_pulse_l3,-0.0023295510545502662,-0.008459851417997485,-0.03374384008347998,-0.009388038484480495,True,0.015156517768482106,raw,0.036033714628070944,0.08892745003104206,0.039854656751544974,3,0.01282696671393184,IdealZeroDelay,0.02757386321007346,0.055183609947562086,0.03046661826706448,force_pulse,c15a120662df139ed529a1c7d6ba9b078cca47bc7eb4bbfe9dd74464c976ce23,2,circle
force_pulse_l3,-0.0033853680330619435,-0.0118188222143405,-0.03790044970810411,-0.012542975135483962,True,0.015156517768482106,raw,0.036033714628070944,0.08892745003104206,0.039854656751544974,3,0.011771149735420162,IdealZeroDelay,0.024214892413730444,0.05102700032293795,0.027311681616061012,force_pulse,c15a120662df139ed529a1c7d6ba9b078cca47bc7eb4bbfe9dd74464c976ce23,3,circle
force_pulse_l3,-0.005093441641120562,-0.015087471926009687,-0.04218094833195207,-0.015595977740076015,True,0.015156517768482106,raw,0.036033714628070944,0.08892745003104206,0.039854656751544974,3,0.010063076127361544,IdealZeroDelay,0.020946242702061257,0.04674650169908999,0.02425867901146896,force_pulse,c15a120662df139ed529a1c7d6ba9b078cca47bc7eb4bbfe9dd74464c976ce23,4,circle
force_pulse_l3,0.05048183562132447,0.11031455719702524,0.04846176579594598,0.03225023285434477,True,0.015156517768482106,raw,0.036033714628070944,0.08892745003104206,0.039854656751544974,3,0.06563835338980657,NaiveDelayed,0.1463482718250962,0.13738921582698804,0.07210488960588975,force_pulse,c15a120662df139ed529a1c7d6ba9b078cca47bc7eb4bbfe9dd74464c976ce23,0,circle
force_pulse_l3,0.07964775438975481,0.1550305860073265,0.05055081173777583,0.03396520539047284,True,0.015156517768482106,raw,0.036033714628070944,0.08892745003104206,0.039854656751544974,3,0.09480427215823692,NaiveDelayed,0.19106430063539745,0.1394782617688179,0.07381986214201781,force_pulse,c15a120662df139ed529a1c7d6ba9b078cca47bc7eb4bbfe9dd74464c976ce23,1,circle
force_pulse_l3,0.06730933256406822,0.161221267356162,0.04607066288590435,0.02622081176304724,True,0.015156517768482106,raw,0.036033714628070944,0.08892745003104206,0.039854656751544974,3,0.08246585033255033,NaiveDelayed,0.19725498198423294,0.1349981129169464,0.06607546851459221,force_pulse,c15a120662df139ed529a1c7d6ba9b078cca47bc7eb4bbfe9dd74464c976ce23,2,circle
force_pulse_l3,0.07937200459637696,0.1702045439870404,0.03682167455554007,0.0292727550692606,True,0.015156517768482106,raw,0.036033714628070944,0.08892745003104206,0.039854656751544974,3,0.09452852236485906,NaiveDelayed,0.20623825861511136,0.12574912458658213,0.06912741182080558,force_pulse,c15a120662df139ed529a1c7d6ba9b078cca47bc7eb4bbfe9dd74464c976ce23,3,circle
force_pulse_l3,0.07384456120374426,0.1618052479904479,0.05843302235007285,0.035936084048773013,True,0.015156517768482106,raw,0.036033714628070944,0.08892745003104206,0.039854656751544974,3,0.08900107897222637,NaiveDelayed,0.19783896261851885,0.1473604723811149,0.07579074080031799,force_pulse,c15a120662df139ed529a1c7d6ba9b078cca47bc7eb4bbfe9dd74464c976ce23,4,circle
force_pulse_l3,-0.002870374952084446,-0.009533397460600793,-0.027193735167384138,-0.010209936983257659,True,0.015156517768482106,raw,0.036033714628070944,0.08892745003104206,0.039854656751544974,3,0.01228614281639766,VirtualDelayAware,0.02650031716747015,0.061733714863657925,0.029644719768287316,force_pulse,c15a120662df139ed529a1c7d6ba9b078cca47bc7eb4bbfe9dd74464c976ce23,0,circle
force_pulse_l3,-0.003889340727492932,-0.011193955711601342,-0.03316162787377832,-0.012799177351006635,True,0.015156517768482106,raw,0.036033714628070944,0.08892745003104206,0.039854656751544974,3,0.011267177040989174,VirtualDelayAware,0.0248397589164696,0.05576582215726374,0.02705547940053834,force_pulse,c15a120662df139ed529a1c7d6ba9b078cca47bc7eb4bbfe9dd74464c976ce23,1,circle
force_pulse_l3,5.77450217043949e-05,-0.003264365060594916,-0.02416053637862202,-0.004969824751862188,True,0.015156517768482106,raw,0.036033714628070944,0.08892745003104206,0.039854656751544974,3,0.0152142627901865,VirtualDelayAware,0.03276934956747603,0.06476691365242004,0.034884831999682786,force_pulse,c15a120662df139ed529a1c7d6ba9b078cca47bc7eb4bbfe9dd74464c976ce23,2,circle
force_pulse_l3,-0.004024432225864188,-0.012336634603697244,-0.03655000813305375,-0.01298381428624202,True,0.015156517768482106,raw,0.036033714628070944,0.08892745003104206,0.039854656751544974,3,0.011132085542617918,VirtualDelayAware,0.0236970800243737,0.05237744189798831,0.026870842465302955,force_pulse,c15a120662df139ed529a1c7d6ba9b078cca47bc7eb4bbfe9dd74464c976ce23,3,circle
force_pulse_l3,-0.004053275108778729,-0.011912189919160859,-0.03512120023369787,-0.013199726880991535,True,0.015156517768482106,raw,0.036033714628070944,0.08892745003104206,0.039854656751544974,3,0.011103242659703376,VirtualDelayAware,0.024121524708910085,0.05380624979734419,0.02665492987055344,force_pulse,c15a120662df139ed529a1c7d6ba9b078cca47bc7eb4bbfe9dd74464c976ce23,4,circle
force_pulse_l3,-0.005045963161880768,-0.01374098336413547,-0.039969718456268274,-0.01453786068716676,True,0.015156517768482106,raw,0.036033714628070944,0.08892745003104206,0.039854656751544974,3,0.010110554606601338,ThreadedAsync,0.022292731263935474,0.04895773157477379,0.025316796064378214,force_pulse,c15a120662df139ed529a1c7d6ba9b078cca47bc7eb4bbfe9dd74464c976ce23,0,circle
force_pulse_l3,-0.0035077619351676793,-0.011252906768211179,-0.035491722822189306,-0.011222791056976756,True,0.015156517768482106,raw,0.036033714628070944,0.08892745003104206,0.039854656751544974,3,0.011648755833314426,ThreadedAsync,0.024780807859859765,0.05343572720885276,0.02863186569456822,force_pulse,c15a120662df139ed529a1c7d6ba9b078cca47bc7eb4bbfe9dd74464c976ce23,1,circle
force_pulse_l3,-0.004356914953909559,-0.013394905564926823,-0.032694084942340856,-0.0132614116283933,True,0.015156517768482106,raw,0.036033714628070944,0.08892745003104206,0.039854656751544974,3,0.010799602814572547,ThreadedAsync,0.02263880906314412,0.05623336508870121,0.026593245123151674,force_pulse,c15a120662df139ed529a1c7d6ba9b078cca47bc7eb4bbfe9dd74464c976ce23,2,circle
force_pulse_l3,-0.0005510658671110166,-0.00450708349806931,-0.023443059623241405,-0.006027468482515792,True,0.015156517768482106,raw,0.036033714628070944,0.08892745003104206,0.039854656751544974,3,0.014605451901371089,ThreadedAsync,0.031526631130001634,0.06548439040780066,0.03382718826902918,force_pulse,c15a120662df139ed529a1c7d6ba9b078cca47bc7eb4bbfe9dd74464c976ce23,3,circle
force_pulse_l3,-0.003478662802578405,-0.011356396219060167,-0.026703788340091718,-0.01086181425354053,True,0.015156517768482106,raw,0.036033714628070944,0.08892745003104206,0.039854656751544974,3,0.0116778549659037,ThreadedAsync,0.024677318409010777,0.062223661690950345,0.028992842498004445,force_pulse,c15a120662df139ed529a1c7d6ba9b078cca47bc7eb4bbfe9dd74464c976ce23,4,circle
force_pulse_l6,-0.004829819503753998,-0.015106101566115821,-0.04156421348452563,-0.015401002125640339,True,0.015715592459514628,raw,0.037821033193578886,0.09285449460148805,0.04129387333505724,6,0.01088577295576063,IdealZeroDelay,0.022714931627463065,0.05129028111696242,0.025892871209416902,force_pulse,c15a120662df139ed529a1c7d6ba9b078cca47bc7eb4bbfe9dd74464c976ce23,0,circle
force_pulse_l6,-0.0015191546400076389,-0.006837159725018183,-0.016594037413597107,-0.006102536799091077,True,0.015715592459514628,raw,0.037821033193578886,0.09285449460148805,0.04129387333505724,6,0.01419643781950699,IdealZeroDelay,0.030983873468560703,0.07626045718789094,0.035191336535966164,force_pulse,c15a120662df139ed529a1c7d6ba9b078cca47bc7eb4bbfe9dd74464c976ce23,1,circle
force_pulse_l6,-0.0026468910482142886,-0.010462684482803915,-0.036116721853613816,-0.010782997846751831,True,0.015715592459514628,raw,0.037821033193578886,0.09285449460148805,0.04129387333505724,6,0.01306870141130034,IdealZeroDelay,0.02735834871077497,0.056737772747874234,0.03051087548830541,force_pulse,c15a120662df139ed529a1c7d6ba9b078cca47bc7eb4bbfe9dd74464c976ce23,2,circle
force_pulse_l6,-0.0014112349666247689,-0.006947452038278724,-0.02881986424326892,-0.006670818423579673,True,0.015715592459514628,raw,0.037821033193578886,0.09285449460148805,0.04129387333505724,6,0.01430435749288986,IdealZeroDelay,0.030873581155300162,0.06403463035821913,0.03462305491147757,force_pulse,c15a120662df139ed529a1c7d6ba9b078cca47bc7eb4bbfe9dd74464c976ce23,3,circle
force_pulse_l6,-0.004115428889327158,-0.01298682088402553,-0.03538253717124458,-0.013314571490713332,True,0.015715592459514628,raw,0.037821033193578886,0.09285449460148805,0.04129387333505724,6,0.01160016357018747,IdealZeroDelay,0.024834212309553357,0.05747195743024347,0.02797930184434391,force_pulse,c15a120662df139ed529a1c7d6ba9b078cca47bc7eb4bbfe9dd74464c976ce23,4,circle
force_pulse_l6,0.05029252781016131,0.11446997354223482,0.045055036991834566,0.02892875239181915,True,0.015715592459514628,raw,0.037821033193578886,0.09285449460148805,0.04129387333505724,6,0.06600812026967594,NaiveDelayed,0.1522910067358137,0.13790953159332262,0.07022262572687639,force_pulse,c15a120662df139ed529a1c7d6ba9b078cca47bc7eb4bbfe9dd74464c976ce23,0,circle
force_pulse_l6,0.07727658467821957,0.16314678248785666,0.0656062521040439,0.038107881632015034,True,0.015715592459514628,raw,0.037821033193578886,0.09285449460148805,0.04129387333505724,6,0.09299217713773421,NaiveDelayed,0.20096781568143554,0.15846074670553195,0.07940175496707227,force_pulse,c15a120662df139ed529a1c7d6ba9b078cca47bc7eb4bbfe9dd74464c976ce23,1,circle
force_pulse_l6,0.06924260624848083,0.16846572657111214,0.04662280604243281,0.029314751937854003,True,0.015715592459514628,raw,0.037821033193578886,0.09285449460148805,0.04129387333505724,6,0.08495819870799547,NaiveDelayed,0.20628675976469102,0.13947730064392086,0.07060862527291124,force_pulse,c15a120662df139ed529a1c7d6ba9b078cca47bc7eb4bbfe9dd74464c976ce23,2,circle
force_pulse_l6,0.0875295445789874,0.1846610583656278,0.04522120431065553,0.02918984207534757,True,0.015715592459514628,raw,0.037821033193578886,0.09285449460148805,0.04129387333505724,6,0.10324513703850202,NaiveDelayed,0.22248209155920667,0.13807569891214358,0.07048371541040481,force_pulse,c15a120662df139ed529a1c7d6ba9b078cca47bc7eb4bbfe9dd74464c976ce23,3,circle
force_pulse_l6,0.07466500543903642,0.1612152605878518,0.0576876617968083,0.036531606804099365,True,0.015715592459514628,raw,0.037821033193578886,0.09285449460148805,0.04129387333505724,6,0.09038059789855105,NaiveDelayed,0.19903629378143067,0.15054215639829635,0.0778254801391566,force_pulse,c15a120662df139ed529a1c7d6ba9b078cca47bc7eb4bbfe9dd74464c976ce23,4,circle
force_pulse_l6,-0.003704402454189487,-0.010748761705777678,-0.026969970017671527,-0.01168749953025396,True,0.015715592459514628,raw,0.037821033193578886,0.09285449460148805,0.04129387333505724,6,0.012011190005325141,VirtualDelayAware,0.027072271487801208,0.06588452458381652,0.02960637380480328,force_pulse,c15a120662df139ed529a1c7d6ba9b078cca47bc7eb4bbfe9dd74464c976ce23,0,circle
force_pulse_l6,-0.0007983064734559519,-0.003977104553401299,-0.029585190117359203,-0.006952483829187575,True,0.015715592459514628,raw,0.037821033193578886,0.09285449460148805,0.04129387333505724,6,0.014917285986058676,VirtualDelayAware,0.03384392864017759,0.06326930448412885,0.034341389505869666,force_pulse,c15a120662df139ed529a1c7d6ba9b078cca47bc7eb4bbfe9dd74464c976ce23,1,circle
force_pulse_l6,0.0021783889332964747,0.0014634371722946696,-0.018264634907245572,-2.7088083818412045e-05,True,0.015715592459514628,raw,0.037821033193578886,0.09285449460148805,0.04129387333505724,6,0.017893981392811103,VirtualDelayAware,0.039284470365873556,0.07458985969424248,0.04126678525123883,force_pulse,c15a120662df139ed529a1c7d6ba9b078cca47bc7eb4bbfe9dd74464c976ce23,2,circle
force_pulse_l6,-0.0034140674725251837,-0.01159996766484293,-0.03437633886933322,-0.011460825500516195,True,0.015715592459514628,raw,0.037821033193578886,0.09285449460148805,0.04129387333505724,6,0.012301524986989444,VirtualDelayAware,0.026221065528735956,0.05847815573215483,0.029833047834541045,force_pulse,c15a120662df139ed529a1c7d6ba9b078cca47bc7eb4bbfe9dd74464c976ce23,3,circle
force_pulse_l6,-0.004289471136313774,-0.01172983240588869,-0.036629794165492,-0.01338209099432704,True,0.015715592459514628,raw,0.037821033193578886,0.09285449460148805,0.04129387333505724,6,0.011426121323200854,VirtualDelayAware,0.026091200787690196,0.05622470043599605,0.0279117823407302,force_pulse,c15a120662df139ed529a1c7d6ba9b078cca47bc7eb4bbfe9dd74464c976ce23,4,circle
force_pulse_l6,-0.00400719850716974,-0.012259619917127106,-0.027992118149995776,-0.012505446044154905,True,0.015715592459514628,raw,0.037821033193578886,0.09285449460148805,0.04129387333505724,6,0.011708393952344888,ThreadedAsync,0.02556141327645178,0.06486237645149227,0.028788427290902335,force_pulse,c15a120662df139ed529a1c7d6ba9b078cca47bc7eb4bbfe9dd74464c976ce23,0,circle
force_pulse_l6,-0.004065167469301254,-0.01318652486363468,-0.03532751202583312,-0.0128138213448868,True,0.015715592459514628,raw,0.037821033193578886,0.09285449460148805,0.04129387333505724,6,0.011650424990213374,ThreadedAsync,0.024634508329944207,0.05752698257565493,0.02848005199017044,force_pulse,c15a120662df139ed529a1c7d6ba9b078cca47bc7eb4bbfe9dd74464c976ce23,1,circle
force_pulse_l6,-0.003995441626135106,-0.01179770571714683,-0.03696647211909288,-0.012633106343489693,True,0.015715592459514628,raw,0.037821033193578886,0.09285449460148805,0.04129387333505724,6,0.011720150833379522,ThreadedAsync,0.026023327476432056,0.05588802248239517,0.028660766991567548,force_pulse,c15a120662df139ed529a1c7d6ba9b078cca47bc7eb4bbfe9dd74464c976ce23,2,circle
force_pulse_l6,-0.004022761564311415,-0.012397907101733923,-0.030661153048276837,-0.012065593942714399,True,0.015715592459514628,raw,0.037821033193578886,0.09285449460148805,0.04129387333505724,6,0.011692830895203213,ThreadedAsync,0.025423126091844963,0.06219334155321121,0.02922827939234284,force_pulse,c15a120662df139ed529a1c7d6ba9b078cca47bc7eb4bbfe9dd74464c976ce23,3,circle
force_pulse_l6,-0.004266484503699449,-0.012791296200409787,-0.03854232877492898,-0.012986039570906192,True,0.015715592459514628,raw,0.037821033193578886,0.09285449460148805,0.04129387333505724,6,0.011449107955815179,ThreadedAsync,0.0250297369931691,0.05431216582655907,0.02830783376415105,force_pulse,c15a120662df139ed529a1c7d6ba9b078cca47bc7eb4bbfe9dd74464c976ce23,4,circle
nominal,-0.005144545703506028,-0.01501172640297949,-0.04130348600447174,-0.015897610792173212,True,0.015249685278717225,raw,0.036029501136291,0.08892745003104206,0.04010962114423325,0,0.010105139575211197,IdealZeroDelay,0.021017774733311508,0.04762396402657032,0.024212010352060036,nominal,c15a120662df139ed529a1c7d6ba9b078cca47bc7eb4bbfe9dd74464c976ce23,0,circle
nominal,-0.004056224117521106,-0.011902380676520073,-0.034392860904335965,-0.012157470858424033,True,0.015249685278717225,raw,0.036029501136291,0.08892745003104206,0.04010962114423325,0,0.011193461161196119,IdealZeroDelay,0.024127120459770925,0.0545345891267061,0.027952150285809215,nominal,c15a120662df139ed529a1c7d6ba9b078cca47bc7eb4bbfe9dd74464c976ce23,1,circle
nominal,-0.002568488542618109,-0.009069756082042229,-0.03008947446942329,-0.009585905719314752,True,0.015249685278717225,raw,0.036029501136291,0.08892745003104206,0.04010962114423325,0,0.012681196736099116,IdealZeroDelay,0.02695974505424877,0.05883797556161877,0.030523715424918496,nominal,c15a120662df139ed529a1c7d6ba9b078cca47bc7eb4bbfe9dd74464c976ce23,2,circle
nominal,-0.0033019244291130623,-0.011614064324745661,-0.03506828881800177,-0.012146971196487898,True,0.015249685278717225,raw,0.036029501136291,0.08892745003104206,0.04010962114423325,0,0.011947760849604163,IdealZeroDelay,0.024415436811545337,0.053859161213040296,0.02796264994774535,nominal,c15a120662df139ed529a1c7d6ba9b078cca47bc7eb4bbfe9dd74464c976ce23,3,circle
nominal,-0.004475776789767643,-0.01304977935623523,-0.037687933072447756,-0.013560195290366797,True,0.015249685278717225,raw,0.036029501136291,0.08892745003104206,0.04010962114423325,0,0.010773908488949583,IdealZeroDelay,0.022979721780055768,0.05123951695859431,0.02654942585386645,nominal,c15a120662df139ed529a1c7d6ba9b078cca47bc7eb4bbfe9dd74464c976ce23,4,circle
nominal,0.049917995866033654,0.11557034834280805,0.039414746314287194,0.02808738076319732,True,0.015249685278717225,raw,0.036029501136291,0.08892745003104206,0.04010962114423325,0,0.06516768114475088,NaiveDelayed,0.15159984947909905,0.12834219634532926,0.06819700190743057,nominal,c15a120662df139ed529a1c7d6ba9b078cca47bc7eb4bbfe9dd74464c976ce23,0,circle
nominal,0.07953553573179137,0.16160266963804934,0.0487963028252124,0.03002711157457358,True,0.015249685278717225,raw,0.036029501136291,0.08892745003104206,0.04010962114423325,0,0.0947852210105086,NaiveDelayed,0.19763217077434034,0.13772375285625446,0.07013673271880683,nominal,c15a120662df139ed529a1c7d6ba9b078cca47bc7eb4bbfe9dd74464c976ce23,1,circle
nominal,0.0679151552214033,0.16438850366242408,0.02986461445689205,0.022276552161446125,True,0.015249685278717225,raw,0.036029501136291,0.08892745003104206,0.04010962114423325,0,0.08316484050012053,NaiveDelayed,0.20041800479871508,0.11879206448793411,0.062386173305679374,nominal,c15a120662df139ed529a1c7d6ba9b078cca47bc7eb4bbfe9dd74464c976ce23,2,circle
nominal,0.08120220091226067,0.1716818479230316,0.05711617991328234,0.0336226448112755,True,0.015249685278717225,raw,0.036029501136291,0.08892745003104206,0.04010962114423325,0,0.0964518861909779,NaiveDelayed,0.2077113490593226,0.1460436299443244,0.07373226595550875,nominal,c15a120662df139ed529a1c7d6ba9b078cca47bc7eb4bbfe9dd74464c976ce23,3,circle
nominal,0.07458520399037033,0.1617618327216834,0.044186361879110306,0.032402380103386724,True,0.015249685278717225,raw,0.036029501136291,0.08892745003104206,0.04010962114423325,0,0.08983488926908756,NaiveDelayed,0.1977913338579744,0.13311381191015237,0.07251200124761997,nominal,c15a120662df139ed529a1c7d6ba9b078cca47bc7eb4bbfe9dd74464c976ce23,4,circle
nominal,-0.0022037834273479218,-0.007507378952517182,-0.022284178435802424,-0.008035497914226225,True,0.015249685278717225,raw,0.036029501136291,0.08892745003104206,0.04010962114423325,0,0.013045901851369304,VirtualDelayAware,0.028522122183773816,0.06664327159523964,0.03207412323000702,nominal,c15a120662df139ed529a1c7d6ba9b078cca47bc7eb4bbfe9dd74464c976ce23,0,circle
nominal,-0.0043504938578694235,-0.011679308124027506,-0.03467807173728941,-0.01413277640584052,True,0.015249685278717225,raw,0.036029501136291,0.08892745003104206,0.04010962114423325,0,0.010899191420847802,VirtualDelayAware,0.02435019301226349,0.054249378293752655,0.025976844738392728,nominal,c15a120662df139ed529a1c7d6ba9b078cca47bc7eb4bbfe9dd74464c976ce23,1,circle
nominal,-0.0002646086924582101,-0.0037064502026907253,-0.023838960379362076,-0.0051939319731081,True,0.015249685278717225,raw,0.036029501136291,0.08892745003104206,0.04010962114423325,0,0.014985076586259015,VirtualDelayAware,0.03232305093360027,0.06508848965167999,0.03491568917112515,nominal,c15a120662df139ed529a1c7d6ba9b078cca47bc7eb4bbfe9dd74464c976ce23,2,circle
nominal,-0.004019746541013379,-0.01169081268072348,-0.037584104388952225,-0.013113303241687232,True,0.015249685278717225,raw,0.036029501136291,0.08892745003104206,0.04010962114423325,0,0.011229938737703846,VirtualDelayAware,0.02433868845556752,0.05134334564208984,0.026996317902546016,nominal,c15a120662df139ed529a1c7d6ba9b078cca47bc7eb4bbfe9dd74464c976ce23,3,circle
nominal,-0.003949531655352764,-0.011968969396051483,-0.03596458248794078,-0.013600655095747146,True,0.015249685278717225,raw,0.036029501136291,0.08892745003104206,0.04010962114423325,0,0.011300153623364461,VirtualDelayAware,0.024060531740239515,0.05296286754310128,0.026508966048486102,nominal,c15a120662df139ed529a1c7d6ba9b078cca47bc7eb4bbfe9dd74464c976ce23,4,circle
nominal,-0.002729498724754191,-0.009327778680359694,-0.027024108543992016,-0.01040498520624289,True,0.015249685278717225,raw,0.036029501136291,0.08892745003104206,0.04010962114423325,0,0.012520186553963034,ThreadedAsync,0.026701722455931304,0.06190334148705005,0.02970463593799036,nominal,c15a120662df139ed529a1c7d6ba9b078cca47bc7eb4bbfe9dd74464c976ce23,0,circle
nominal,-0.003926570312688456,-0.012210367730083854,-0.030095812305808045,-0.012325026020875325,True,0.015249685278717225,raw,0.036029501136291,0.08892745003104206,0.04010962114423325,0,0.01132311496602877,ThreadedAsync,0.023819133406207144,0.05883163772523402,0.027784595123357923,nominal,c15a120662df139ed529a1c7d6ba9b078cca47bc7eb4bbfe9dd74464c976ce23,1,circle
nominal,-0.0033749941623091965,-0.011030591868209056,-0.0243470400571823,-0.010685553820896535,True,0.015249685278717225,raw,0.036029501136291,0.08892745003104206,0.04010962114423325,0,0.011874691116408029,ThreadedAsync,0.024998909268081942,0.06458040997385976,0.029424067323336713,nominal,c15a120662df139ed529a1c7d6ba9b078cca47bc7eb4bbfe9dd74464c976ce23,2,circle
nominal,-0.004012387998369124,-0.011022424250051073,-0.02629310339689253,-0.011832140245789349,True,0.015249685278717225,raw,0.036029501136291,0.08892745003104206,0.04010962114423325,0,0.011237297280348101,ThreadedAsync,0.025007076886239925,0.06263434663414953,0.0282774808984439,nominal,c15a120662df139ed529a1c7d6ba9b078cca47bc7eb4bbfe9dd74464c976ce23,3,circle
nominal,-0.004333788480065635,-0.012439622011223967,-0.03387279435992238,-0.013293591447421524,True,0.015249685278717225,raw,0.036029501136291,0.08892745003104206,0.04010962114423325,0,0.01091589679865159,ThreadedAsync,0.02358987912506703,0.05505465567111968,0.026816029696811725,nominal,c15a120662df139ed529a1c7d6ba9b078cca47bc7eb4bbfe9dd74464c976ce23,4,circle
observation_noise_l3,-0.003445971757745723,-0.010697217136005698,-0.03736534342169763,-0.012623180544631261,True,0.015249685278717225,raw,0.036029501136291,0.08892745003104206,0.04010962114423325,3,0.011803713520971502,IdealZeroDelay,0.0253322840002853,0.05156210660934443,0.027486440599601987,observation_noise,c15a120662df139ed529a1c7d6ba9b078cca47bc7eb4bbfe9dd74464c976ce23,0,circle
observation_noise_l3,-0.003868354123125464,-0.011874587945101635,-0.03742010854184625,-0.013547955110259368,True,0.015249685278717225,raw,0.036029501136291,0.08892745003104206,0.04010962114423325,3,0.011381331155591761,IdealZeroDelay,0.024154913191189363,0.051507341489195814,0.02656166603397388,observation_noise,c15a120662df139ed529a1c7d6ba9b078cca47bc7eb4bbfe9dd74464c976ce23,1,circle
observation_noise_l3,-0.0006419730063956085,-0.004132695093471549,-0.023064378648996353,-0.0055325058157564624,True,0.015249685278717225,raw,0.036029501136291,0.08892745003104206,0.04010962114423325,3,0.014607712272321617,IdealZeroDelay,0.03189680604281945,0.06586307138204571,0.034577115328476786,observation_noise,c15a120662df139ed529a1c7d6ba9b078cca47bc7eb4bbfe9dd74464c976ce23,2,circle
observation_noise_l3,-0.004076545701080021,-0.013065468409614537,-0.03239625021815307,-0.013229365069580216,True,0.015249685278717225,raw,0.036029501136291,0.08892745003104206,0.04010962114423325,3,0.011173139577637204,IdealZeroDelay,0.02296403272667646,0.05653119981288899,0.026880256074653032,observation_noise,c15a120662df139ed529a1c7d6ba9b078cca47bc7eb4bbfe9dd74464c976ce23,3,circle
observation_noise_l3,-0.0019692266354041452,-0.008507118785052191,-0.032349509745836225,-0.010372463842298608,True,0.015249685278717225,raw,0.036029501136291,0.08892745003104206,0.04010962114423325,3,0.01328045864331308,IdealZeroDelay,0.027522382351238807,0.05657794028520584,0.02973715730193464,observation_noise,c15a120662df139ed529a1c7d6ba9b078cca47bc7eb4bbfe9dd74464c976ce23,4,circle
observation_noise_l3,0.07668462439186222,0.1638505045563612,0.05544985607266424,0.03181999543487368,True,0.015249685278717225,raw,0.036029501136291,0.08892745003104206,0.04010962114423325,3,0.09193430967057944,NaiveDelayed,0.19988000569265219,0.1443773061037063,0.07192961657910693,observation_noise,c15a120662df139ed529a1c7d6ba9b078cca47bc7eb4bbfe9dd74464c976ce23,0,circle
observation_noise_l3,0.08730580945409464,0.18570781221363564,0.06940635815262795,0.036959630932127716,True,0.015249685278717225,raw,0.036029501136291,0.08892745003104206,0.04010962114423325,3,0.10255549473281186,NaiveDelayed,0.22173731334992663,0.15833380818367002,0.07706925207636096,observation_noise,c15a120662df139ed529a1c7d6ba9b078cca47bc7eb4bbfe9dd74464c976ce23,1,circle
observation_noise_l3,0.06445413557630125,0.13578856818540555,0.05363746657967562,0.030345653702003372,True,0.015249685278717225,raw,0.036029501136291,0.08892745003104206,0.04010962114423325,3,0.07970382085501848,NaiveDelayed,0.17181806932169655,0.14256491661071768,0.07045527484623662,observation_noise,c15a120662df139ed529a1c7d6ba9b078cca47bc7eb4bbfe9dd74464c976ce23,2,circle
observation_noise_l3,0.0659540385474456,0.15884131913537433,0.05079739466309545,0.02779608022307871,True,0.015249685278717225,raw,0.036029501136291,0.08892745003104206,0.04010962114423325,3,0.08120372382616282,NaiveDelayed,0.19487082027166533,0.1397248446941375,0.06790570136731196,observation_noise,c15a120662df139ed529a1c7d6ba9b078cca47bc7eb4bbfe9dd74464c976ce23,3,circle
observation_noise_l3,0.08238695354201064,0.16308216260018568,0.053292756527662286,0.02898095098800897,True,0.015249685278717225,raw,0.036029501136291,0.08892745003104206,0.04010962114423325,3,0.09763663882072787,NaiveDelayed,0.19911166373647668,0.14222020655870435,0.06909057213224222,observation_noise,c15a120662df139ed529a1c7d6ba9b078cca47bc7eb4bbfe9dd74464c976ce23,4,circle
observation_noise_l3,-0.002165722447408123,-0.00847648130922642,-0.028323233127594098,-0.009160345392584836,True,0.015249685278717225,raw,0.036029501136291,0.08892745003104206,0.04010962114423325,3,0.013083962831309102,VirtualDelayAware,0.027553019827064578,0.060604216903447965,0.030949275751648412,observation_noise,c15a120662df139ed529a1c7d6ba9b078cca47bc7eb4bbfe9dd74464c976ce23,0,circle
observation_noise_l3,-0.0028973246055727583,-0.00974809200861786,-0.03730610236525534,-0.011604588121330153,True,0.015249685278717225,raw,0.036029501136291,0.08892745003104206,0.04010962114423325,3,0.012352360673144467,VirtualDelayAware,0.026281409127673138,0.05162134766578672,0.028505033022903095,observation_noise,c15a120662df139ed529a1c7d6ba9b078cca47bc7eb4bbfe9dd74464c976ce23,1,circle
observation_noise_l3,-0.0038756999484662377,-0.01081652520985767,-0.0333691906183958,-0.012484784625278321,True,0.015249685278717225,raw,0.036029501136291,0.08892745003104206,0.04010962114423325,3,0.011373985330250988,VirtualDelayAware,0.025212975926433328,0.05555825941264626,0.027624836518954927,observation_noise,c15a120662df139ed529a1c7d6ba9b078cca47bc7eb4bbfe9dd74464c976ce23,2,circle
observation_noise_l3,-0.0021978996610752533,-0.008012557358816383,-0.03615826927125452,-0.010754722554549005,True,0.015249685278717225,raw,0.036029501136291,0.08892745003104206,0.04010962114423325,3,0.013051785617641972,VirtualDelayAware,0.028016943777474615,0.052769180759787544,0.029354898589684243,observation_noise,c15a120662df139ed529a1c7d6ba9b078cca47bc7eb4bbfe9dd74464c976ce23,3,circle
observation_noise_l3,-0.004293234851075817,-0.012266072924165258,-0.03714784309267996,-0.013619514776609491,True,0.015249685278717225,raw,0.036029501136291,0.08892745003104206,0.04010962114423325,3,0.010956450427641408,VirtualDelayAware,0.02376342821212574,0.0517796069383621,0.026490106367623757,observation_noise,c15a120662df139ed529a1c7d6ba9b078cca47bc7eb4bbfe9dd74464c976ce23,4,circle
observation_noise_l3,-0.0006659796965150008,-0.002512175841038161,-0.018280563503503794,-0.0036554234491854645,True,0.015249685278717225,raw,0.036029501136291,0.08892745003104206,0.04010962114423325,3,0.014583705582202225,ThreadedAsync,0.03351732529525284,0.07064688652753827,0.036454197695047784,observation_noise,c15a120662df139ed529a1c7d6ba9b078cca47bc7eb4bbfe9dd74464c976ce23,0,circle
observation_noise_l3,-0.0026486616293411695,-0.007857811420892515,-0.015380280464887638,-0.007820056538348372,True,0.015249685278717225,raw,0.036029501136291,0.08892745003104206,0.04010962114423325,3,0.012601023649376056,ThreadedAsync,0.028171689715398483,0.07354716956615442,0.03228956460588488,observation_noise,c15a120662df139ed529a1c7d6ba9b078cca47bc7eb4bbfe9dd74464c976ce23,1,circle
observation_noise_l3,-0.0021891389105847345,-0.006451627848729807,-0.019503935426473593,-0.006931987565328118,True,0.015249685278717225,raw,0.036029501136291,0.08892745003104206,0.04010962114423325,3,0.01306054636813249,ThreadedAsync,0.02957787328756119,0.06942351460456847,0.03317763357890513,observation_noise,c15a120662df139ed529a1c7d6ba9b078cca47bc7eb4bbfe9dd74464c976ce23,2,circle
observation_noise_l3,-0.002529493509466999,-0.007110155930097558,-0.0243682481348515,-0.008745740050454691,True,0.015249685278717225,raw,0.036029501136291,0.08892745003104206,0.04010962114423325,3,0.012720191769250227,ThreadedAsync,0.02891934520619344,0.06455920189619056,0.03136388109377856,observation_noise,c15a120662df139ed529a1c7d6ba9b078cca47bc7eb4bbfe9dd74464c976ce23,3,circle
observation_noise_l3,-0.0021446821649010357,-0.006469728737391652,-0.02182175815105436,-0.007326827608022474,True,0.015249685278717225,raw,0.036029501136291,0.08892745003104206,0.04010962114423325,3,0.01310500311381619,ThreadedAsync,0.029559772398899346,0.0671056918799877,0.032782793536210775,observation_noise,c15a120662df139ed529a1c7d6ba9b078cca47bc7eb4bbfe9dd74464c976ce23,4,circle
observation_noise_l6,-0.000655329964964823,-0.004031740076400017,-0.023294076323509202,-0.005250681218302168,True,0.015249685278717225,raw,0.036029501136291,0.08892745003104206,0.04010962114423325,6,0.014594355313752402,IdealZeroDelay,0.03199776105989098,0.06563337370753286,0.03485893992593108,observation_noise,c15a120662df139ed529a1c7d6ba9b078cca47bc7eb4bbfe9dd74464c976ce23,0,circle
observation_noise_l6,0.0008128768173841748,-0.0027072709040503184,-0.01774447634816169,-0.00391724773535479,True,0.015249685278717225,raw,0.036029501136291,0.08892745003104206,0.04010962114423325,6,0.0160625620961014,IdealZeroDelay,0.03332223023224068,0.07118297368288037,0.03619237340887846,observation_noise,c15a120662df139ed529a1c7d6ba9b078cca47bc7eb4bbfe9dd74464c976ce23,1,circle
observation_noise_l6,0.001015987828113872,-0.0015498088747830721,-0.01976331770420077,-0.00322980156141478,True,0.015249685278717225,raw,0.036029501136291,0.08892745003104206,0.04010962114423325,6,0.016265673106831097,IdealZeroDelay,0.034479692261507926,0.0691641323268413,0.03687981958281847,observation_noise,c15a120662df139ed529a1c7d6ba9b078cca47bc7eb4bbfe9dd74464c976ce23,2,circle
observation_noise_l6,0.0001377839880005241,-0.004094233768750767,-0.023331579566001875,-0.005225543378358025,True,0.015249685278717225,raw,0.036029501136291,0.08892745003104206,0.04010962114423325,6,0.01538746926671775,IdealZeroDelay,0.03193526736754023,0.06559587046504019,0.034884077765875224,observation_noise,c15a120662df139ed529a1c7d6ba9b078cca47bc7eb4bbfe9dd74464c976ce23,3,circle
observation_noise_l6,0.00025389701084681075,-0.0031965991432086754,-0.02472727745771408,-0.005579712373062297,True,0.015249685278717225,raw,0.036029501136291,0.08892745003104206,0.04010962114423325,6,0.015503582289564036,IdealZeroDelay,0.03283290199308232,0.06420017257332798,0.03452990877117095,observation_noise,c15a120662df139ed529a1c7d6ba9b078cca47bc7eb4bbfe9dd74464c976ce23,4,circle
observation_noise_l6,0.08074497614655807,0.17899116231154652,0.0660256020724773,0.03462522433423473,True,0.015249685278717225,raw,0.036029501136291,0.08892745003104206,0.04010962114423325,6,0.0959946614252753,NaiveDelayed,0.21502066344783752,0.15495305210351937,0.07473484547846798,observation_noise,c15a120662df139ed529a1c7d6ba9b078cca47bc7eb4bbfe9dd74464c976ce23,0,circle
observation_noise_l6,0.06767356013029317,0.1473214166962066,0.07290738150477409,0.038112246736373714,True,0.015249685278717225,raw,0.036029501136291,0.08892745003104206,0.04010962114423325,6,0.0829232454090104,NaiveDelayed,0.1833509178324976,0.16183483153581615,0.07822186788060696,observation_noise,c15a120662df139ed529a1c7d6ba9b078cca47bc7eb4bbfe9dd74464c976ce23,1,circle
observation_noise_l6,0.06327537552987594,0.1251939243510396,0.02767454832792282,0.022393130710765707,True,0.015249685278717225,raw,0.036029501136291,0.08892745003104206,0.04010962114423325,6,0.07852506080859317,NaiveDelayed,0.1612234254873306,0.11660199835896488,0.06250275185499896,observation_noise,c15a120662df139ed529a1c7d6ba9b078cca47bc7eb4bbfe9dd74464c976ce23,2,circle
observation_noise_l6,0.08807511205935971,0.18889414611388608,0.0675734378397465,0.03677219366706433,True,0.015249685278717225,raw,0.036029501136291,0.08892745003104206,0.04010962114423325,6,0.10332479733807694,NaiveDelayed,0.22492364725017708,0.15650088787078856,0.07688181481129758,observation_noise,c15a120662df139ed529a1c7d6ba9b078cca47bc7eb4bbfe9dd74464c976ce23,3,circle
observation_noise_l6,0.06575326674000662,0.12315957742740039,0.049306861311197256,0.03446909434296022,True,0.015249685278717225,raw,0.036029501136291,0.08892745003104206,0.04010962114423325,6,0.08100295201872384,NaiveDelayed,0.15918907856369138,0.13823431134223932,0.07457871548719347,observation_noise,c15a120662df139ed529a1c7d6ba9b078cca47bc7eb4bbfe9dd74464c976ce23,4,circle
observation_noise_l6,0.0037003084024351887,0.004366446962169181,-0.010210020840167977,0.001243768892833591,True,0.015249685278717225,raw,0.036029501136291,0.08892745003104206,0.04010962114423325,6,0.018949993681152414,VirtualDelayAware,0.04039594809846018,0.07871742919087409,0.04135339003706684,observation_noise,c15a120662df139ed529a1c7d6ba9b078cca47bc7eb4bbfe9dd74464c976ce23,0,circle
observation_noise_l6,-0.0008003959093703019,-0.004813356346677622,-0.030292281880974735,-0.00854486882400099,True,0.015249685278717225,raw,0.036029501136291,0.08892745003104206,0.04010962114423325,6,0.014449289369346923,VirtualDelayAware,0.031216144789613376,0.05863516815006733,0.03156475232023226,observation_noise,c15a120662df139ed529a1c7d6ba9b078cca47bc7eb4bbfe9dd74464c976ce23,1,circle
observation_noise_l6,0.0004344006262349438,-0.002292946726875515,-0.02351916804909704,-0.006326332452971185,True,0.015249685278717225,raw,0.036029501136291,0.08892745003104206,0.04010962114423325,6,0.01568408590495217,VirtualDelayAware,0.03373655440941548,0.06540828198194502,0.03378328869126206,observation_noise,c15a120662df139ed529a1c7d6ba9b078cca47bc7eb4bbfe9dd74464c976ce23,2,circle
observation_noise_l6,0.0001870927250307089,-0.00206682014652472,-0.01844559609889984,-0.00420322251858693,True,0.015249685278717225,raw,0.036029501136291,0.08892745003104206,0.04010962114423325,6,0.015436778003747934,VirtualDelayAware,0.03396268098976628,0.07048185393214222,0.03590639862564632,observation_noise,c15a120662df139ed529a1c7d6ba9b078cca47bc7eb4bbfe9dd74464c976ce23,3,circle
observation_noise_l6,0.00040088603183255703,-0.003508799537554702,-0.020197436213493347,-0.006000351824904118,True,0.015249685278717225,raw,0.036029501136291,0.08892745003104206,0.04010962114423325,6,0.015650571310549782,VirtualDelayAware,0.032520701598736296,0.06873001381754872,0.03410926931932913,observation_noise,c15a120662df139ed529a1c7d6ba9b078cca47bc7eb4bbfe9dd74464c976ce23,4,circle
observation_noise_l6,-0.0007384729372320927,-0.004659237430181033,-0.02672903910279275,-0.008071038812718173,True,0.015249685278717225,raw,0.036029501136291,0.08892745003104206,0.04010962114423325,6,0.014511212341485133,ThreadedAsync,0.031370263706109965,0.06219841092824931,0.032038582331515075,observation_noise,c15a120662df139ed529a1c7d6ba9b078cca47bc7eb4bbfe9dd74464c976ce23,0,circle
observation_noise_l6,0.0009846509485768144,-0.0015029588323785675,-0.021377474069595323,-0.0037874959640580505,True,0.015249685278717225,raw,0.036029501136291,0.08892745003104206,0.04010962114423325,6,0.01623433622729404,ThreadedAsync,0.03452654230391243,0.06754997596144674,0.0363221251801752,observation_noise,c15a120662df139ed529a1c7d6ba9b078cca47bc7eb4bbfe9dd74464c976ce23,1,circle
observation_noise_l6,-0.001193538979263966,-0.005223790160453368,-0.03138361088931558,-0.007577880953356458,True,0.015249685278717225,raw,0.036029501136291,0.08892745003104206,0.04010962114423325,6,0.01405614629945326,ThreadedAsync,0.03080571097583763,0.057543839141726484,0.03253174019087679,observation_noise,c15a120662df139ed529a1c7d6ba9b078cca47bc7eb4bbfe9dd74464c976ce23,2,circle
observation_noise_l6,0.0016484547419916389,0.00015550205128837813,-0.02051467299461361,-0.0037715375455085465,True,0.015249685278717225,raw,0.036029501136291,0.08892745003104206,0.04010962114423325,6,0.016898140020708864,ThreadedAsync,0.036185003187579376,0.06841277703642845,0.0363380835987247,observation_noise,c15a120662df139ed529a1c7d6ba9b078cca47bc7eb4bbfe9dd74464c976ce23,3,circle
observation_noise_l6,0.0011178186345892037,-0.0010268034767613315,-0.01601721122860912,-0.002880722900355605,True,0.015249685278717225,raw,0.036029501136291,0.08892745003104206,0.04010962114423325,6,0.01636750391330643,ThreadedAsync,0.035002697659529666,0.07291023880243294,0.037228898243877644,observation_noise,c15a120662df139ed529a1c7d6ba9b078cca47bc7eb4bbfe9dd74464c976ce23,4,circle
payload_l3,0.0014764994229743943,-0.012307807691810599,-0.0011402256786822856,-0.0029889507297874013,True,0.021774978142982595,raw,0.06503747808922342,0.10364381149411198,0.05787398533158153,3,0.02325147756595699,IdealZeroDelay,0.05272967039741282,0.10250358581542969,0.05488503460179413,payload,c15a120662df139ed529a1c7d6ba9b078cca47bc7eb4bbfe9dd74464c976ce23,0,circle
payload_l3,-0.0016413617394302332,-0.019415864662927294,-0.019446235150098787,-0.011281577774097551,True,0.021774978142982595,raw,0.06503747808922342,0.10364381149411198,0.05787398533158153,3,0.02013361640355236,IdealZeroDelay,0.04562161342629612,0.08419757634401319,0.04659240755748398,payload,c15a120662df139ed529a1c7d6ba9b078cca47bc7eb4bbfe9dd74464c976ce23,1,circle
payload_l3,-0.0002827845393449692,-0.017520544846431153,-0.019985271245241132,-0.009468001339900639,True,0.021774978142982595,raw,0.06503747808922342,0.10364381149411198,0.05787398533158153,3,0.021492193603637626,IdealZeroDelay,0.04751693324279226,0.08365854024887084,0.04840598399168089,payload,c15a120662df139ed529a1c7d6ba9b078cca47bc7eb4bbfe9dd74464c976ce23,2,circle
payload_l3,-0.00040315455698566177,-0.017769896439099965,-0.01727282702922818,-0.008863451405526253,True,0.021774978142982595,raw,0.06503747808922342,0.10364381149411198,0.05787398533158153,3,0.021371823585996933,IdealZeroDelay,0.04726758165012345,0.0863709844648838,0.049010533926055276,payload,c15a120662df139ed529a1c7d6ba9b078cca47bc7eb4bbfe9dd74464c976ce23,3,circle
payload_l3,-0.001925210766895627,-0.019617152759318933,-0.011271168291568753,-0.011267740167414948,True,0.021774978142982595,raw,0.06503747808922342,0.10364381149411198,0.05787398533158153,3,0.019849767376086968,IdealZeroDelay,0.04542032532990448,0.09237264320254322,0.04660624516416658,payload,c15a120662df139ed529a1c7d6ba9b078cca47bc7eb4bbfe9dd74464c976ce23,4,circle
payload_l3,0.0883923039746199,0.16591909582090147,0.04600998982787133,0.01957156743595391,True,0.021774978142982595,raw,0.06503747808922342,0.10364381149411198,0.05787398533158153,3,0.1101672821176025,NaiveDelayed,0.2309565739101249,0.1496538013219833,0.07744555276753544,payload,c15a120662df139ed529a1c7d6ba9b078cca47bc7eb4bbfe9dd74464c976ce23,0,circle
payload_l3,0.06287412375870731,0.11217949758868781,0.04463033303618433,0.016517846195631875,True,0.021774978142982595,raw,0.06503747808922342,0.10364381149411198,0.05787398533158153,3,0.08464910190168991,NaiveDelayed,0.17721697567791123,0.1482741445302963,0.0743918315272134,payload,c15a120662df139ed529a1c7d6ba9b078cca47bc7eb4bbfe9dd74464c976ce23,1,circle
payload_l3,0.08491967994155745,0.18096748512427713,0.06731437668204299,0.016642405614524708,True,0.021774978142982595,raw,0.06503747808922342,0.10364381149411198,0.05787398533158153,3,0.10669465808454005,NaiveDelayed,0.24600496321350054,0.17095818817615496,0.07451639094610624,payload,c15a120662df139ed529a1c7d6ba9b078cca47bc7eb4bbfe9dd74464c976ce23,2,circle
payload_l3,0.054321735176944067,0.09639059513070641,0.07984531298279762,0.02595688025861123,True,0.021774978142982595,raw,0.06503747808922342,0.10364381149411198,0.05787398533158153,3,0.07609671331992666,NaiveDelayed,0.16142807321992983,0.1834891244769096,0.08383086559019276,payload,c15a120662df139ed529a1c7d6ba9b078cca47bc7eb4bbfe9dd74464c976ce23,3,circle
payload_l3,0.06583034308941853,0.13968304264067175,0.051099387556314435,0.013472603939024733,True,0.021774978142982595,raw,0.06503747808922342,0.10364381149411198,0.05787398533158153,3,0.08760532123240113,NaiveDelayed,0.20472052072989516,0.1547431990504264,0.07134658927060626,payload,c15a120662df139ed529a1c7d6ba9b078cca47bc7eb4bbfe9dd74464c976ce23,4,circle
payload_l3,-0.0047470289854360526,-0.021324535629170284,-0.03176676854491231,-0.015799310127521282,True,0.021774978142982595,raw,0.06503747808922342,0.10364381149411198,0.05787398533158153,3,0.017027949157546542,VirtualDelayAware,0.04371294246005313,0.07187704294919967,0.04207467520406025,payload,c15a120662df139ed529a1c7d6ba9b078cca47bc7eb4bbfe9dd74464c976ce23,0,circle
payload_l3,-0.004277190960775397,-0.02102961565912948,-0.018249870836734766,-0.015624051777203045,True,0.021774978142982595,raw,0.06503747808922342,0.10364381149411198,0.05787398533158153,3,0.017497787182207198,VirtualDelayAware,0.044007862430093934,0.08539394065737721,0.042249933554378484,payload,c15a120662df139ed529a1c7d6ba9b078cca47bc7eb4bbfe9dd74464c976ce23,1,circle
payload_l3,0.0014336211037253577,-0.00981339276939476,-0.0014368124306201602,-0.004358804358046996,True,0.021774978142982595,raw,0.06503747808922342,0.10364381149411198,0.05787398533158153,3,0.023208599246707953,VirtualDelayAware,0.055224085319828656,0.10220699906349182,0.05351518097353453,payload,c15a120662df139ed529a1c7d6ba9b078cca47bc7eb4bbfe9dd74464c976ce23,2,circle
payload_l3,-0.0030484820093365714,-0.019325507450954488,-0.03369462788105007,-0.014509288561548324,True,0.021774978142982595,raw,0.06503747808922342,0.10364381149411198,0.05787398533158153,3,0.018726496133646024,VirtualDelayAware,0.04571197063826893,0.0699491836130619,0.043364696770033205,payload,c15a120662df139ed529a1c7d6ba9b078cca47bc7eb4bbfe9dd74464c976ce23,3,circle
payload_l3,-0.0026230220825955546,-0.01779114644362767,-0.022011264413595175,-0.012051910373413091,True,0.021774978142982595,raw,0.06503747808922342,0.10364381149411198,0.05787398533158153,3,0.01915195606038704,VirtualDelayAware,0.047246331645595746,0.0816325470805168,0.04582207495816844,payload,c15a120662df139ed529a1c7d6ba9b078cca47bc7eb4bbfe9dd74464c976ce23,4,circle
payload_l3,-0.006033152767016332,-0.023965479392170537,-0.03196195736527439,-0.017525525233788072,True,0.021774978142982595,raw,0.06503747808922342,0.10364381149411198,0.05787398533158153,3,0.015741825375966263,ThreadedAsync,0.04107199869705288,0.07168185412883758,0.04034846009779346,payload,c15a120662df139ed529a1c7d6ba9b078cca47bc7eb4bbfe9dd74464c976ce23,0,circle
payload_l3,-0.0027949686233053606,-0.01773364782367145,-0.01749502047896384,-0.012527613025985027,True,0.021774978142982595,raw,0.06503747808922342,0.10364381149411198,0.05787398533158153,3,0.018980009519677234,ThreadedAsync,0.04730383026555197,0.08614879101514814,0.0453463723055965,payload,c15a120662df139ed529a1c7d6ba9b078cca47bc7eb4bbfe9dd74464c976ce23,1,circle
payload_l3,-0.005054080198326788,-0.02221037742246195,-0.020563185214996324,-0.015604017598805288,True,0.021774978142982595,raw,0.06503747808922342,0.10364381149411198,0.05787398533158153,3,0.016720897944655807,ThreadedAsync,0.042827100666761465,0.08308062627911565,0.04226996773277624,payload,c15a120662df139ed529a1c7d6ba9b078cca47bc7eb4bbfe9dd74464c976ce23,2,circle
payload_l3,-0.004232073005160177,-0.021956183856712386,-0.02305034026503565,-0.015037484938476238,True,0.021774978142982595,raw,0.06503747808922342,0.10364381149411198,0.05787398533158153,3,0.017542905137822418,ThreadedAsync,0.04308129423251103,0.08059347122907633,0.04283650039310529,payload,c15a120662df139ed529a1c7d6ba9b078cca47bc7eb4bbfe9dd74464c976ce23,3,circle
payload_l3,-0.0020519644261292637,-0.017877741027404498,-0.019371467828750683,-0.0114972660952328,True,0.021774978142982595,raw,0.06503747808922342,0.10364381149411198,0.05787398533158153,3,0.01972301371685333,ThreadedAsync,0.04715973706181892,0.0842723436653613,0.04637671923634873,payload,c15a120662df139ed529a1c7d6ba9b078cca47bc7eb4bbfe9dd74464c976ce23,4,circle
payload_l6,-0.014714553286595877,-0.0753947140083707,-0.044420129060745245,-0.04179097760895624,True,0.04621244042334707,raw,0.16200907432528527,0.1834427163004875,0.12698628905725276,6,0.031497887136751196,IdealZeroDelay,0.08661436031691458,0.13902258723974226,0.08519531144829652,payload,c15a120662df139ed529a1c7d6ba9b078cca47bc7eb4bbfe9dd74464c976ce23,0,circle
payload_l6,-0.011726026671055503,-0.07190707242590318,-0.028770343959331646,-0.036632063511002094,True,0.04621244042334707,raw,0.16200907432528527,0.1834427163004875,0.12698628905725276,6,0.03448641375229157,IdealZeroDelay,0.0901020018993821,0.15467237234115586,0.09035422554625067,payload,c15a120662df139ed529a1c7d6ba9b078cca47bc7eb4bbfe9dd74464c976ce23,1,circle
payload_l6,-0.012635521921282186,-0.07329645584288351,-0.03507610708475112,-0.037828403526704774,True,0.04621244042334707,raw,0.16200907432528527,0.1834427163004875,0.12698628905725276,6,0.03357691850206489,IdealZeroDelay,0.08871261848240176,0.14836660921573638,0.08915788553054799,payload,c15a120662df139ed529a1c7d6ba9b078cca47bc7eb4bbfe9dd74464c976ce23,2,circle
payload_l6,-0.013102314894132605,-0.07306940317734884,-0.04165592789649966,-0.03964631834748926,True,0.04621244042334707,raw,0.16200907432528527,0.1834427163004875,0.12698628905725276,6,0.03311012552921447,IdealZeroDelay,0.08893967114793644,0.14178678840398784,0.0873399707097635,payload,c15a120662df139ed529a1c7d6ba9b078cca47bc7eb4bbfe9dd74464c976ce23,3,circle
payload_l6,-0.009562824979462516,-0.06536656077852508,-0.029198993742465984,-0.02898743919838684,True,0.04621244042334707,raw,0.16200907432528527,0.1834427163004875,0.12698628905725276,6,0.03664961544388456,IdealZeroDelay,0.09664251354676019,0.15424372255802152,0.09799884985886592,payload,c15a120662df139ed529a1c7d6ba9b078cca47bc7eb4bbfe9dd74464c976ce23,4,circle
payload_l6,0.04488982441254845,0.05547045823964136,0.025319875776767586,-0.03133067728324837,True,0.04621244042334707,raw,0.16200907432528527,0.1834427163004875,0.12698628905725276,6,0.09110226483589552,NaiveDelayed,0.21747953256492664,0.2087625920772551,0.09565561177400439,payload,c15a120662df139ed529a1c7d6ba9b078cca47bc7eb4bbfe9dd74464c976ce23,0,circle
payload_l6,0.058906014314848404,0.05816258500368482,-0.0020198643207550437,-0.032069146557078376,True,0.04621244042334707,raw,0.16200907432528527,0.1834427163004875,0.12698628905725276,6,0.10511845473819548,NaiveDelayed,0.2201716593289701,0.18142285197973246,0.09491714250017438,payload,c15a120662df139ed529a1c7d6ba9b078cca47bc7eb4bbfe9dd74464c976ce23,1,circle
payload_l6,0.058952737744740386,0.08037799235639864,0.03774201571941371,-0.026644800663694124,True,0.04621244042334707,raw,0.16200907432528527,0.1834427163004875,0.12698628905725276,6,0.10516517816808746,NaiveDelayed,0.24238706668168392,0.22118473201990121,0.10034148839355864,payload,c15a120662df139ed529a1c7d6ba9b078cca47bc7eb4bbfe9dd74464c976ce23,2,circle
payload_l6,0.04079451757835255,0.02170254394546814,-0.020830269157886522,-0.036341204771160054,True,0.04621244042334707,raw,0.16200907432528527,0.1834427163004875,0.12698628905725276,6,0.08700695800169962,NaiveDelayed,0.1837116182707534,0.16261244714260098,0.0906450842860927,payload,c15a120662df139ed529a1c7d6ba9b078cca47bc7eb4bbfe9dd74464c976ce23,3,circle
payload_l6,0.03781653171544569,0.0007640459593910021,0.016137047111987907,-0.02873678460153367,True,0.04621244042334707,raw,0.16200907432528527,0.1834427163004875,0.12698628905725276,6,0.08402897213879276,NaiveDelayed,0.16277312028467628,0.1995797634124754,0.09824950445571909,payload,c15a120662df139ed529a1c7d6ba9b078cca47bc7eb4bbfe9dd74464c976ce23,4,circle
payload_l6,-0.013538782333074421,-0.06473794628744438,-0.04268643558025362,-0.03859704239462568,True,0.04621244042334707,raw,0.16200907432528527,0.1834427163004875,0.12698628905725276,6,0.03267365809027265,VirtualDelayAware,0.0972711280378409,0.14075628072023388,0.08838924666262708,payload,c15a120662df139ed529a1c7d6ba9b078cca47bc7eb4bbfe9dd74464c976ce23,0,circle
payload_l6,-0.0129806640704044,-0.06361876115216795,-0.03555781096220023,-0.03669881134965733,True,0.04621244042334707,raw,0.16200907432528527,0.1834427163004875,0.12698628905725276,6,0.03323177635294267,VirtualDelayAware,0.09839031317311732,0.14788490533828727,0.09028747770759543,payload,c15a120662df139ed529a1c7d6ba9b078cca47bc7eb4bbfe9dd74464c976ce23,1,circle
payload_l6,-0.012854825703031585,-0.06383060660271754,-0.03883160799741758,-0.03699100171122996,True,0.04621244042334707,raw,0.16200907432528527,0.1834427163004875,0.12698628905725276,6,0.03335761472031549,VirtualDelayAware,0.09817846772256773,0.14461110830306992,0.0899952873460228,payload,c15a120662df139ed529a1c7d6ba9b078cca47bc7eb4bbfe9dd74464c976ce23,2,circle
payload_l6,-0.014665771101335462,-0.06707256959186744,-0.04176313132047654,-0.03936550228860643,True,0.04621244042334707,raw,0.16200907432528527,0.1834427163004875,0.12698628905725276,6,0.03154666932201161,VirtualDelayAware,0.09493650473341783,0.14167958498001096,0.08762078676864633,payload,c15a120662df139ed529a1c7d6ba9b078cca47bc7eb4bbfe9dd74464c976ce23,3,circle
payload_l6,-0.014950368747704605,-0.0684832977039398,-0.05529190301895143,-0.041778164780769234,True,0.04621244042334707,raw,0.16200907432528527,0.1834427163004875,0.12698628905725276,6,0.03126207167564247,VirtualDelayAware,0.09352577662134548,0.12815081328153607,0.08520812427648353,payload,c15a120662df139ed529a1c7d6ba9b078cca47bc7eb4bbfe9dd74464c976ce23,4,circle
payload_l6,-0.01578185119808588,-0.06892661400150049,-0.05424543917179106,-0.04029248409781286,True,0.04621244042334707,raw,0.16200907432528527,0.1834427163004875,0.12698628905725276,6,0.030430589225261193,ThreadedAsync,0.09308246032378478,0.12919727712869644,0.0866938049594399,payload,c15a120662df139ed529a1c7d6ba9b078cca47bc7eb4bbfe9dd74464c976ce23,0,circle
payload_l6,-0.013191855912431522,-0.06378944871293307,-0.037963424623012554,-0.034181803351519754,True,0.04621244042334707,raw,0.16200907432528527,0.1834427163004875,0.12698628905725276,6,0.03302058451091555,ThreadedAsync,0.0982196256123522,0.14547929167747495,0.092804485705733,payload,c15a120662df139ed529a1c7d6ba9b078cca47bc7eb4bbfe9dd74464c976ce23,1,circle
payload_l6,-0.012677244949422836,-0.06450561418515104,-0.022620381414890284,-0.03519716309546421,True,0.04621244042334707,raw,0.16200907432528527,0.1834427163004875,0.12698628905725276,6,0.03353519547392424,ThreadedAsync,0.09750346014013424,0.16082233488559722,0.09178912596178855,payload,c15a120662df139ed529a1c7d6ba9b078cca47bc7eb4bbfe9dd74464c976ce23,2,circle
payload_l6,-0.014178590878201114,-0.06734948689418126,-0.04894109666347504,-0.037694276995001955,True,0.04621244042334707,raw,0.16200907432528527,0.1834427163004875,0.12698628905725276,6,0.03203384954514596,ThreadedAsync,0.09465958743110402,0.13450161963701246,0.0892920120622508,payload,c15a120662df139ed529a1c7d6ba9b078cca47bc7eb4bbfe9dd74464c976ce23,3,circle
payload_l6,-0.012761546030094884,-0.060901264323941426,-0.034901034832000744,-0.03206739757573934,True,0.04621244042334707,raw,0.16200907432528527,0.1834427163004875,0.12698628905725276,6,0.03345089439325219,ThreadedAsync,0.10110781000134385,0.14854168146848676,0.09491889148151342,payload,c15a120662df139ed529a1c7d6ba9b078cca47bc7eb4bbfe9dd74464c976ce23,4,circle
actuator_gain_l3,-0.004414109021369078,-0.012175733988905639,-0.03400435447692869,-0.012900761337980238,True,0.019473294371279135,raw,0.04446065829749258,0.10663941353559495,0.04992842641560935,3,0.015059185349910057,IdealZeroDelay,0.03228492430858694,0.07263505905866625,0.03702766507762911,actuator_gain,a84ffca02433ad64f0319e8491bdfb45dc33c2b92cc508e1e0adeeff8df170e0,0,fast_ellipse
actuator_gain_l3,-0.005547219061847212,-0.01583493165220631,-0.04035600125789643,-0.015961530732575925,True,0.019473294371279135,raw,0.04446065829749258,0.10663941353559495,0.04992842641560935,3,0.013926075309431922,IdealZeroDelay,0.02862572664528627,0.06628341227769852,0.033966895683033425,actuator_gain,a84ffca02433ad64f0319e8491bdfb45dc33c2b92cc508e1e0adeeff8df170e0,1,fast_ellipse
actuator_gain_l3,-0.004334268158334556,-0.012603105383925721,-0.03397577106952668,-0.013230312141841158,True,0.019473294371279135,raw,0.04446065829749258,0.10663941353559495,0.04992842641560935,3,0.015139026212944579,IdealZeroDelay,0.03185755291356686,0.07266364246606827,0.03669811427376819,actuator_gain,a84ffca02433ad64f0319e8491bdfb45dc33c2b92cc508e1e0adeeff8df170e0,2,fast_ellipse
actuator_gain_l3,-0.004971386499488823,-0.013940301753470673,-0.038727244734764105,-0.014949359899391945,True,0.019473294371279135,raw,0.04446065829749258,0.10663941353559495,0.04992842641560935,3,0.014501907871790311,IdealZeroDelay,0.030520356544021906,0.06791216880083084,0.034979066516217405,actuator_gain,a84ffca02433ad64f0319e8491bdfb45dc33c2b92cc508e1e0adeeff8df170e0,3,fast_ellipse
actuator_gain_l3,-0.004270106910468396,-0.012180570927265509,-0.0327370584011078,-0.01272781049129397,True,0.019473294371279135,raw,0.04446065829749258,0.10663941353559495,0.04992842641560935,3,0.015203187460810738,IdealZeroDelay,0.03228008737022707,0.07390235513448715,0.03720061592431538,actuator_gain,a84ffca02433ad64f0319e8491bdfb45dc33c2b92cc508e1e0adeeff8df170e0,4,fast_ellipse
actuator_gain_l3,0.08681394114174541,0.20232887859093363,0.012986577302217472,0.013194885961679975,True,0.019473294371279135,raw,0.04446065829749258,0.10663941353559495,0.04992842641560935,3,0.10628723551302455,NaiveDelayed,0.2467895368884262,0.11962599083781242,0.06312331237728933,actuator_gain,a84ffca02433ad64f0319e8491bdfb45dc33c2b92cc508e1e0adeeff8df170e0,0,fast_ellipse
actuator_gain_l3,0.07916135864918601,0.16992259111170127,0.05336954742670058,0.029940408184454273,True,0.019473294371279135,raw,0.04446065829749258,0.10663941353559495,0.04992842641560935,3,0.09863465302046515,NaiveDelayed,0.21438324940919384,0.16000896096229553,0.07986883460006362,actuator_gain,a84ffca02433ad64f0319e8491bdfb45dc33c2b92cc508e1e0adeeff8df170e0,1,fast_ellipse
actuator_gain_l3,0.08963308013740558,0.15863313472195215,0.04591568112373351,0.027668088639987015,True,0.019473294371279135,raw,0.04446065829749258,0.10663941353559495,0.04992842641560935,3,0.10910637450868471,NaiveDelayed,0.20309379301944472,0.15255509465932846,0.07759651505559637,actuator_gain,a84ffca02433ad64f0319e8491bdfb45dc33c2b92cc508e1e0adeeff8df170e0,2,fast_ellipse
actuator_gain_l3,0.0661497350597488,0.13811631721167747,0.03528209179639816,0.023673037826370938,True,0.019473294371279135,raw,0.04446065829749258,0.10663941353559495,0.04992842641560935,3,0.08562302943102794,NaiveDelayed,0.18257697550917004,0.1419215053319931,0.07360146424198029,actuator_gain,a84ffca02433ad64f0319e8491bdfb45dc33c2b92cc508e1e0adeeff8df170e0,3,fast_ellipse
actuator_gain_l3,0.08149234783738328,0.1370389089209364,0.06831714808940886,0.03921666144758505,True,0.019473294371279135,raw,0.04446065829749258,0.10663941353559495,0.04992842641560935,3,0.10096564220866242,NaiveDelayed,0.18149956721842897,0.1749565616250038,0.0891450878631944,actuator_gain,a84ffca02433ad64f0319e8491bdfb45dc33c2b92cc508e1e0adeeff8df170e0,4,fast_ellipse
actuator_gain_l3,-0.004769653813608422,-0.012904445448791477,-0.0352906420826912,-0.013307666490409945,True,0.019473294371279135,raw,0.04446065829749258,0.10663941353559495,0.04992842641560935,3,0.014703640557670712,VirtualDelayAware,0.0315562128487011,0.07134877145290375,0.036620759925199406,actuator_gain,a84ffca02433ad64f0319e8491bdfb45dc33c2b92cc508e1e0adeeff8df170e0,0,fast_ellipse
actuator_gain_l3,-0.004328048582609703,-0.010552315312012825,-0.027807180583477017,-0.01231929420261451,True,0.019473294371279135,raw,0.04446065829749258,0.10663941353559495,0.04992842641560935,3,0.015145245788669432,VirtualDelayAware,0.033908342985479754,0.07883223295211793,0.03760913221299484,actuator_gain,a84ffca02433ad64f0319e8491bdfb45dc33c2b92cc508e1e0adeeff8df170e0,1,fast_ellipse
actuator_gain_l3,-0.004258570347381526,-0.011719063646219052,-0.03158926665782928,-0.01248371212863015,True,0.019473294371279135,raw,0.04446065829749258,0.10663941353559495,0.04992842641560935,3,0.015214724023897609,VirtualDelayAware,0.03274159465127353,0.07505014687776566,0.0374447142869792,actuator_gain,a84ffca02433ad64f0319e8491bdfb45dc33c2b92cc508e1e0adeeff8df170e0,2,fast_ellipse
actuator_gain_l3,-0.004449432376597284,-0.010859601588201984,-0.03668779507279396,-0.012286629919372814,True,0.019473294371279135,raw,0.04446065829749258,0.10663941353559495,0.04992842641560935,3,0.01502386199468185,VirtualDelayAware,0.033601056709290596,0.06995161846280099,0.037641796496236536,actuator_gain,a84ffca02433ad64f0319e8491bdfb45dc33c2b92cc508e1e0adeeff8df170e0,3,fast_ellipse
actuator_gain_l3,-0.004717557903276184,-0.012351095259799383,-0.03585916087031364,-0.01350991099555425,True,0.019473294371279135,raw,0.04446065829749258,0.10663941353559495,0.04992842641560935,3,0.01475573646800295,VirtualDelayAware,0.032109563037693196,0.0707802526652813,0.0364185154200551,actuator_gain,a84ffca02433ad64f0319e8491bdfb45dc33c2b92cc508e1e0adeeff8df170e0,4,fast_ellipse
actuator_gain_l3,-0.0018182853880620957,-0.005506425256038623,-0.019581854343414293,-0.005860999505255628,True,0.019473294371279135,raw,0.04446065829749258,0.10663941353559495,0.04992842641560935,3,0.01765500898321704,ThreadedAsync,0.038954233041453956,0.08705755919218065,0.04406742691035372,actuator_gain,a84ffca02433ad64f0319e8491bdfb45dc33c2b92cc508e1e0adeeff8df170e0,0,fast_ellipse
actuator_gain_l3,-0.002361595070470922,-0.004744942651896823,-0.01633429825305939,-0.006838687358644027,True,0.019473294371279135,raw,0.04446065829749258,0.10663941353559495,0.04992842641560935,3,0.017111699300808213,ThreadedAsync,0.039715715645595756,0.09030511528253556,0.04308973905696532,actuator_gain,a84ffca02433ad64f0319e8491bdfb45dc33c2b92cc508e1e0adeeff8df170e0,1,fast_ellipse
actuator_gain_l3,-0.0026115960549120305,-0.007111251593175952,-0.017948020994663236,-0.007626737971439167,True,0.019473294371279135,raw,0.04446065829749258,0.10663941353559495,0.04992842641560935,3,0.016861698316367104,ThreadedAsync,0.03734940670431663,0.08869139254093171,0.042301688444170184,actuator_gain,a84ffca02433ad64f0319e8491bdfb45dc33c2b92cc508e1e0adeeff8df170e0,2,fast_ellipse
actuator_gain_l3,-0.004417587345721112,-0.011580704305391036,-0.03059394285082817,-0.011851943912825173,True,0.019473294371279135,raw,0.04446065829749258,0.10663941353559495,0.04992842641560935,3,0.015055707025558022,ThreadedAsync,0.03287995399210154,0.07604547068476677,0.03807648250278418,actuator_gain,a84ffca02433ad64f0319e8491bdfb45dc33c2b92cc508e1e0adeeff8df170e0,3,fast_ellipse
actuator_gain_l3,-0.0033994486610487464,-0.009274110031863653,-0.026157498359680176,-0.010532345326233476,True,0.019473294371279135,raw,0.04446065829749258,0.10663941353559495,0.04992842641560935,3,0.016073845710230388,ThreadedAsync,0.03518654826562893,0.08048191517591477,0.039396081089375874,actuator_gain,a84ffca02433ad64f0319e8491bdfb45dc33c2b92cc508e1e0adeeff8df170e0,4,fast_ellipse
actuator_gain_l6,-0.007446173827261357,-0.018154738579798088,-0.043523852527141596,-0.016547451541802267,True,0.026831181687548524,raw,0.060680929103294264,0.1466924771666527,0.06565905340480606,6,0.019385007860287167,IdealZeroDelay,0.042526190523496175,0.10316862463951111,0.04911160186300379,actuator_gain,a84ffca02433ad64f0319e8491bdfb45dc33c2b92cc508e1e0adeeff8df170e0,0,fast_ellipse
actuator_gain_l6,-0.006292858854932141,-0.018095110770566344,-0.04630530476570131,-0.014773909849637189,True,0.026831181687548524,raw,0.060680929103294264,0.1466924771666527,0.06565905340480606,6,0.020538322832616383,IdealZeroDelay,0.04258581833272792,0.1003871724009514,0.05088514355516887,actuator_gain,a84ffca02433ad64f0319e8491bdfb45dc33c2b92cc508e1e0adeeff8df170e0,1,fast_ellipse
actuator_gain_l6,-0.0073763006090681454,-0.019812157583377774,-0.04625028967857363,-0.01753645749465505,True,0.026831181687548524,raw,0.060680929103294264,0.1466924771666527,0.06565905340480606,6,0.01945488107848038,IdealZeroDelay,0.04086877151991649,0.10044218748807908,0.04812259591015101,actuator_gain,a84ffca02433ad64f0319e8491bdfb45dc33c2b92cc508e1e0adeeff8df170e0,2,fast_ellipse
actuator_gain_l6,-0.007057293460298351,-0.018994525259978128,-0.04732463806867601,-0.017168297465890006,True,0.026831181687548524,raw,0.060680929103294264,0.1466924771666527,0.06565905340480606,6,0.019773888227250173,IdealZeroDelay,0.041686403843316136,0.0993678390979767,0.04849075593891605,actuator_gain,a84ffca02433ad64f0319e8491bdfb45dc33c2b92cc508e1e0adeeff8df170e0,3,fast_ellipse
actuator_gain_l6,-0.005614758425862541,-0.014829627783260559,-0.03556670248508456,-0.012165694009463213,True,0.026831181687548524,raw,0.060680929103294264,0.1466924771666527,0.06565905340480606,6,0.021216423261685984,IdealZeroDelay,0.045851301320033705,0.11112577468156815,0.053493359395342846,actuator_gain,a84ffca02433ad64f0319e8491bdfb45dc33c2b92cc508e1e0adeeff8df170e0,4,fast_ellipse
actuator_gain_l6,0.0672612420924844,0.14341001950916862,0.014275172352790827,0.012469152261721878,True,0.026831181687548524,raw,0.060680929103294264,0.1466924771666527,0.06565905340480606,6,0.09409242378003292,NaiveDelayed,0.20409094861246288,0.16096764951944353,0.07812820566652794,actuator_gain,a84ffca02433ad64f0319e8491bdfb45dc33c2b92cc508e1e0adeeff8df170e0,0,fast_ellipse
actuator_gain_l6,0.08575485718589983,0.15662071156878046,0.03479640781879423,0.025001506812099034,True,0.026831181687548524,raw,0.060680929103294264,0.1466924771666527,0.06565905340480606,6,0.11258603887344835,NaiveDelayed,0.21730164067207472,0.18148888498544694,0.09066056021690509,actuator_gain,a84ffca02433ad64f0319e8491bdfb45dc33c2b92cc508e1e0adeeff8df170e0,1,fast_ellipse
actuator_gain_l6,0.06998613661630816,0.12553905443437477,0.033650808036327334,0.02901346395086722,True,0.026831181687548524,raw,0.060680929103294264,0.1466924771666527,0.06565905340480606,6,0.09681731830385669,NaiveDelayed,0.18621998353766903,0.18034328520298004,0.09467251735567328,actuator_gain,a84ffca02433ad64f0319e8491bdfb45dc33c2b92cc508e1e0adeeff8df170e0,2,fast_ellipse
actuator_gain_l6,0.06589562789566976,0.14192499887347246,0.02663358598947524,0.01878582651265133,True,0.026831181687548524,raw,0.060680929103294264,0.1466924771666527,0.06565905340480606,6,0.09272680958321829,NaiveDelayed,0.20260592797676671,0.17332606315612795,0.08444487991745739,actuator_gain,a84ffca02433ad64f0319e8491bdfb45dc33c2b92cc508e1e0adeeff8df170e0,3,fast_ellipse
actuator_gain_l6,0.0760367968291993,0.13602112962193028,0.02719085812568664,0.017388365899434488,True,0.026831181687548524,raw,0.060680929103294264,0.1466924771666527,0.06565905340480606,6,0.10286797851674782,NaiveDelayed,0.19670205872522453,0.17388333529233935,0.08304741930424055,actuator_gain,a84ffca02433ad64f0319e8491bdfb45dc33c2b92cc508e1e0adeeff8df170e0,4,fast_ellipse
actuator_gain_l6,-0.007158093465226275,-0.01786139799854162,-0.04759472087025644,-0.01636324652851011,True,0.026831181687548524,raw,0.060680929103294264,0.1466924771666527,0.06565905340480606,6,0.01967308822232225,VirtualDelayAware,0.042819531104752645,0.09909775629639626,0.04929580687629595,actuator_gain,a84ffca02433ad64f0319e8491bdfb45dc33c2b92cc508e1e0adeeff8df170e0,0,fast_ellipse
actuator_gain_l6,-0.006194817908412198,-0.017269662184133963,-0.043250473588705096,-0.01457658028363934,True,0.026831181687548524,raw,0.060680929103294264,0.1466924771666527,0.06565905340480606,6,0.020636363779136326,VirtualDelayAware,0.0434112669191603,0.10344200357794761,0.05108247312116672,actuator_gain,a84ffca02433ad64f0319e8491bdfb45dc33c2b92cc508e1e0adeeff8df170e0,1,fast_ellipse
actuator_gain_l6,-0.00586922374118504,-0.014844346317247029,-0.04031248316168787,-0.013050845662007239,True,0.026831181687548524,raw,0.060680929103294264,0.1466924771666527,0.06565905340480606,6,0.020961957946363484,VirtualDelayAware,0.045836582786047235,0.10637999400496484,0.05260820774279882,actuator_gain,a84ffca02433ad64f0319e8491bdfb45dc33c2b92cc508e1e0adeeff8df170e0,2,fast_ellipse
actuator_gain_l6,-0.005916024749029438,-0.017186505901142776,-0.04347943961620333,-0.01461108406245485,True,0.026831181687548524,raw,0.060680929103294264,0.1466924771666527,0.06565905340480606,6,0.020915156938519086,VirtualDelayAware,0.04349442320215149,0.10321303755044937,0.05104796934235121,actuator_gain,a84ffca02433ad64f0319e8491bdfb45dc33c2b92cc508e1e0adeeff8df170e0,3,fast_ellipse
actuator_gain_l6,-0.0054913668880020305,-0.01468250870801912,-0.03619709908962253,-0.013102325169109898,True,0.026831181687548524,raw,0.060680929103294264,0.1466924771666527,0.06565905340480606,6,0.021339814799546494,VirtualDelayAware,0.045998420395275144,0.11049537807703018,0.05255672823569616,actuator_gain,a84ffca02433ad64f0319e8491bdfb45dc33c2b92cc508e1e0adeeff8df170e0,4,fast_ellipse
actuator_gain_l6,-0.006078806603024591,-0.015784848914341107,-0.034374213218688984,-0.013060095473000723,True,0.026831181687548524,raw,0.060680929103294264,0.1466924771666527,0.06565905340480606,6,0.020752375084523933,ThreadedAsync,0.04489608018895316,0.11231826394796372,0.052598957931805336,actuator_gain,a84ffca02433ad64f0319e8491bdfb45dc33c2b92cc508e1e0adeeff8df170e0,0,fast_ellipse
actuator_gain_l6,-0.006570189027217583,-0.01626693860980749,-0.039110423624515556,-0.014106694124896485,True,0.026831181687548524,raw,0.060680929103294264,0.1466924771666527,0.06565905340480606,6,0.02026099266033094,ThreadedAsync,0.04441399049348677,0.10758205354213715,0.051552359279909574,actuator_gain,a84ffca02433ad64f0319e8491bdfb45dc33c2b92cc508e1e0adeeff8df170e0,1,fast_ellipse
actuator_gain_l6,-0.006340427419723141,-0.015479511323643481,-0.03831270560622217,-0.013179737688899622,True,0.026831181687548524,raw,0.060680929103294264,0.1466924771666527,0.06565905340480606,6,0.020490754267825383,ThreadedAsync,0.04520141777965078,0.10837977156043054,0.05247931571590644,actuator_gain,a84ffca02433ad64f0319e8491bdfb45dc33c2b92cc508e1e0adeeff8df170e0,2,fast_ellipse
actuator_gain_l6,-0.006967882715853094,-0.017624858286130647,-0.040669408440589916,-0.015061674566818659,True,0.026831181687548524,raw,0.060680929103294264,0.1466924771666527,0.06565905340480606,6,0.01986329897169543,ThreadedAsync,0.043056070817163616,0.10602306872606279,0.0505973788379874,actuator_gain,a84ffca02433ad64f0319e8491bdfb45dc33c2b92cc508e1e0adeeff8df170e0,3,fast_ellipse
actuator_gain_l6,-0.0064933302148334135,-0.017281183818856044,-0.03711655065417292,-0.014646848817723289,True,0.026831181687548524,raw,0.060680929103294264,0.1466924771666527,0.06565905340480606,6,0.02033785147271511,ThreadedAsync,0.04339974528443822,0.10957592651247978,0.05101220458708277,actuator_gain,a84ffca02433ad64f0319e8491bdfb45dc33c2b92cc508e1e0adeeff8df170e0,4,fast_ellipse
force_pulse_l3,-0.00358611827596088,-0.010307082565831557,-0.027900156378746016,-0.010829769620802586,True,0.016725906759879942,raw,0.038591966154265994,0.09173670932650566,0.043361361678702526,3,0.013139788483919062,IdealZeroDelay,0.028284883588434437,0.06383655294775964,0.03253159205789994,force_pulse,a84ffca02433ad64f0319e8491bdfb45dc33c2b92cc508e1e0adeeff8df170e0,0,fast_ellipse
force_pulse_l3,-0.004005336199837103,-0.012705547038526388,-0.036365876719355573,-0.014377396943948895,True,0.016725906759879942,raw,0.038591966154265994,0.09173670932650566,0.043361361678702526,3,0.012720570560042839,IdealZeroDelay,0.025886419115739606,0.05537083260715008,0.02898396473475363,force_pulse,a84ffca02433ad64f0319e8491bdfb45dc33c2b92cc508e1e0adeeff8df170e0,1,fast_ellipse
force_pulse_l3,0.001655327385446187,0.001670298610775306,-0.004913152009248717,0.0006600885133603226,True,0.016725906759879942,raw,0.038591966154265994,0.09173670932650566,0.043361361678702526,3,0.01838123414532613,IdealZeroDelay,0.0402622647650413,0.08682355731725694,0.04402145019206285,force_pulse,a84ffca02433ad64f0319e8491bdfb45dc33c2b92cc508e1e0adeeff8df170e0,2,fast_ellipse
force_pulse_l3,-0.005438450905009469,-0.014486144225494726,-0.03694495558738708,-0.01573708282816589,True,0.016725906759879942,raw,0.038591966154265994,0.09173670932650566,0.043361361678702526,3,0.011287455854870473,IdealZeroDelay,0.024105821928771268,0.05479175373911858,0.027624278850536636,force_pulse,a84ffca02433ad64f0319e8491bdfb45dc33c2b92cc508e1e0adeeff8df170e0,3,fast_ellipse
force_pulse_l3,-0.0016534044438909143,-0.006999430695217489,-0.01684901192784309,-0.0076826140648963565,True,0.016725906759879942,raw,0.038591966154265994,0.09173670932650566,0.043361361678702526,3,0.015072502315989028,IdealZeroDelay,0.031592535459048506,0.07488769739866256,0.03567874761380617,force_pulse,a84ffca02433ad64f0319e8491bdfb45dc33c2b92cc508e1e0adeeff8df170e0,4,fast_ellipse
force_pulse_l3,0.09396803186669081,0.2084425755070065,0.06503008380532266,0.03704363355038558,True,0.016725906759879942,raw,0.038591966154265994,0.09173670932650566,0.043361361678702526,3,0.11069393862657075,NaiveDelayed,0.2470345416612725,0.1567667931318283,0.0804049952290881,force_pulse,a84ffca02433ad64f0319e8491bdfb45dc33c2b92cc508e1e0adeeff8df170e0,0,fast_ellipse
force_pulse_l3,0.08485986627142206,0.18834478825319473,0.054774988442659406,0.026864329005385323,True,0.016725906759879942,raw,0.038591966154265994,0.09173670932650566,0.043361361678702526,3,0.10158577303130199,NaiveDelayed,0.22693675440746072,0.14651169776916506,0.07022569068408785,force_pulse,a84ffca02433ad64f0319e8491bdfb45dc33c2b92cc508e1e0adeeff8df170e0,1,fast_ellipse
force_pulse_l3,0.09813016070084205,0.19017494345723043,0.05384579673409465,0.026673527394276725,True,0.016725906759879942,raw,0.038591966154265994,0.09173670932650566,0.043361361678702526,3,0.114856067460722,NaiveDelayed,0.22876690961149643,0.1455825060606003,0.07003488907297925,force_pulse,a84ffca02433ad64f0319e8491bdfb45dc33c2b92cc508e1e0adeeff8df170e0,2,fast_ellipse
force_pulse_l3,0.068850266965053,0.17092834470917417,0.054914063960313814,0.02931328306578683,True,0.016725906759879942,raw,0.038591966154265994,0.09173670932650566,0.043361361678702526,3,0.08557617372493295,NaiveDelayed,0.20952031086344017,0.14665077328681947,0.07267464474448936,force_pulse,a84ffca02433ad64f0319e8491bdfb45dc33c2b92cc508e1e0adeeff8df170e0,3,fast_ellipse
force_pulse_l3,0.08844972990281219,0.1829486977205733,0.08379642143845559,0.042623837841001475,True,0.016725906759879942,raw,0.038591966154265994,0.09173670932650566,0.043361361678702526,3,0.10517563666269213,NaiveDelayed,0.22154066387483928,0.17553313076496124,0.085985199519704,force_pulse,a84ffca02433ad64f0319e8491bdfb45dc33c2b92cc508e1e0adeeff8df170e0,4,fast_ellipse
force_pulse_l3,-0.0032001354999313253,-0.008159437305519181,-0.023448339104652396,-0.009859479742478285,True,0.016725906759879942,raw,0.038591966154265994,0.09173670932650566,0.043361361678702526,3,0.013525771259948617,VirtualDelayAware,0.030432528848746813,0.06828837022185326,0.03350188193622424,force_pulse,a84ffca02433ad64f0319e8491bdfb45dc33c2b92cc508e1e0adeeff8df170e0,0,fast_ellipse
force_pulse_l3,-0.00438182823910825,-0.010830334972007558,-0.03393125757575034,-0.013401395196676977,True,0.016725906759879942,raw,0.038591966154265994,0.09173670932650566,0.043361361678702526,3,0.012344078520771693,VirtualDelayAware,0.027761631182258436,0.05780545175075531,0.02995996648202555,force_pulse,a84ffca02433ad64f0319e8491bdfb45dc33c2b92cc508e1e0adeeff8df170e0,1,fast_ellipse
force_pulse_l3,-0.0031028012455818522,-0.00839890241840949,-0.023383623361587502,-0.010324423534487141,True,0.016725906759879942,raw,0.038591966154265994,0.09173670932650566,0.043361361678702526,3,0.01362310551429809,VirtualDelayAware,0.030193063735856503,0.06835308596491815,0.033036938144215384,force_pulse,a84ffca02433ad64f0319e8491bdfb45dc33c2b92cc508e1e0adeeff8df170e0,2,fast_ellipse
force_pulse_l3,-0.004002838658528855,-0.010489427949513314,-0.028692238777875897,-0.01199857801488663,True,0.016725906759879942,raw,0.038591966154265994,0.09173670932650566,0.043361361678702526,3,0.012723068101351088,VirtualDelayAware,0.02810253820475268,0.06304447054862976,0.031362783663815896,force_pulse,a84ffca02433ad64f0319e8491bdfb45dc33c2b92cc508e1e0adeeff8df170e0,3,fast_ellipse
force_pulse_l3,-0.004149937450152137,-0.009087886131172597,-0.03043226078152656,-0.011990849691221557,True,0.016725906759879942,raw,0.038591966154265994,0.09173670932650566,0.043361361678702526,3,0.012575969309727805,VirtualDelayAware,0.029504080023093397,0.061304448544979094,0.03137051198748097,force_pulse,a84ffca02433ad64f0319e8491bdfb45dc33c2b92cc508e1e0adeeff8df170e0,4,fast_ellipse
force_pulse_l3,-0.0013365309153915827,-0.004897102299182637,-0.021520712226629254,-0.0069613352288397864,True,0.016725906759879942,raw,0.038591966154265994,0.09173670932650566,0.043361361678702526,3,0.01538937584448836,ThreadedAsync,0.03369486385508336,0.0702159970998764,0.03640002644986274,force_pulse,a84ffca02433ad64f0319e8491bdfb45dc33c2b92cc508e1e0adeeff8df170e0,0,fast_ellipse
force_pulse_l3,-0.004150808905632665,-0.01088024724006913,-0.03070016875863075,-0.012413286817432069,True,0.016725906759879942,raw,0.038591966154265994,0.09173670932650566,0.043361361678702526,3,0.012575097854247277,ThreadedAsync,0.027711718914196864,0.06103654056787491,0.030948074861270457,force_pulse,a84ffca02433ad64f0319e8491bdfb45dc33c2b92cc508e1e0adeeff8df170e0,1,fast_ellipse
force_pulse_l3,-0.004204167324405388,-0.011283298319003637,-0.03163524977862834,-0.012536159361315507,True,0.016725906759879942,raw,0.038591966154265994,0.09173670932650566,0.043361361678702526,3,0.012521739435474554,ThreadedAsync,0.027308667835262358,0.060101459547877316,0.03082520231738702,force_pulse,a84ffca02433ad64f0319e8491bdfb45dc33c2b92cc508e1e0adeeff8df170e0,2,fast_ellipse
force_pulse_l3,-0.004075248972263312,-0.012119160868520537,-0.0329473428428173,-0.012919918187634188,True,0.016725906759879942,raw,0.038591966154265994,0.09173670932650566,0.043361361678702526,3,0.01265065778761663,ThreadedAsync,0.026472805285745457,0.058789366483688356,0.030441443491068337,force_pulse,a84ffca02433ad64f0319e8491bdfb45dc33c2b92cc508e1e0adeeff8df170e0,3,fast_ellipse
force_pulse_l3,-0.004897973343395557,-0.012538844711700858,-0.032370232045650475,-0.014079858539058826,True,0.016725906759879942,raw,0.038591966154265994,0.09173670932650566,0.043361361678702526,3,0.011827933416484386,ThreadedAsync,0.026053121442565136,0.05936647728085518,0.0292815031396437,force_pulse,a84ffca02433ad64f0319e8491bdfb45dc33c2b92cc508e1e0adeeff8df170e0,4,fast_ellipse
force_pulse_l6,-0.003996249252195251,-0.011429120566806089,-0.03167847022414208,-0.01177530290428111,True,0.017181611071799448,raw,0.04028649041344055,0.09418253749608994,0.04455680642182465,6,0.013185361819604197,IdealZeroDelay,0.028857369846634458,0.06250406727194786,0.03278150351754354,force_pulse,a84ffca02433ad64f0319e8491bdfb45dc33c2b92cc508e1e0adeeff8df170e0,0,fast_ellipse
force_pulse_l6,-0.005246556031391059,-0.01519716452938772,-0.039101140573620796,-0.016609193465868737,True,0.017181611071799448,raw,0.04028649041344055,0.09418253749608994,0.04455680642182465,6,0.011935055040408388,IdealZeroDelay,0.025089325884052827,0.05508139692246915,0.027947612955955912,force_pulse,a84ffca02433ad64f0319e8491bdfb45dc33c2b92cc508e1e0adeeff8df170e0,1,fast_ellipse
force_pulse_l6,0.0007092859908938189,-0.0011689089335346209,-0.007466344535350805,-0.002299246617043206,True,0.017181611071799448,raw,0.04028649041344055,0.09418253749608994,0.04455680642182465,6,0.017890897062693267,IdealZeroDelay,0.039117581479905926,0.08671619296073914,0.04225755980478144,force_pulse,a84ffca02433ad64f0319e8491bdfb45dc33c2b92cc508e1e0adeeff8df170e0,2,fast_ellipse
force_pulse_l6,-0.005610910494449528,-0.015329423484163714,-0.042236180230975154,-0.0170004863498851,True,0.017181611071799448,raw,0.04028649041344055,0.09418253749608994,0.04455680642182465,6,0.01157070057734992,IdealZeroDelay,0.024957066929276833,0.05194635726511479,0.02755632007193955,force_pulse,a84ffca02433ad64f0319e8491bdfb45dc33c2b92cc508e1e0adeeff8df170e0,3,fast_ellipse
force_pulse_l6,-0.0016455646225828641,-0.007042437885661834,-0.01683932393789292,-0.007462414918034697,True,0.017181611071799448,raw,0.04028649041344055,0.09418253749608994,0.04455680642182465,6,0.015536046449216584,IdealZeroDelay,0.03324405252777871,0.07734321355819702,0.03709439150378995,force_pulse,a84ffca02433ad64f0319e8491bdfb45dc33c2b92cc508e1e0adeeff8df170e0,4,fast_ellipse
force_pulse_l6,0.08795690642582271,0.18352795898903454,0.055018787086009976,0.03417308127300814,True,0.017181611071799448,raw,0.04028649041344055,0.09418253749608994,0.04455680642182465,6,0.10513851749762215,NaiveDelayed,0.22381444940247508,0.14920132458209992,0.07872988769483279,force_pulse,a84ffca02433ad64f0319e8491bdfb45dc33c2b92cc508e1e0adeeff8df170e0,0,fast_ellipse
force_pulse_l6,0.08886401694761945,0.19010633510029126,0.061757777631282804,0.033530248021659353,True,0.017181611071799448,raw,0.04028649041344055,0.09418253749608994,0.04455680642182465,6,0.1060456280194189,NaiveDelayed,0.2303928255137318,0.15594031512737275,0.078087054443484,force_pulse,a84ffca02433ad64f0319e8491bdfb45dc33c2b92cc508e1e0adeeff8df170e0,1,fast_ellipse
force_pulse_l6,0.09058531239004708,0.17567272083492066,0.036588555574417106,0.022714280327471637,True,0.017181611071799448,raw,0.04028649041344055,0.09418253749608994,0.04455680642182465,6,0.10776692346184652,NaiveDelayed,0.2159592112483612,0.13077109307050705,0.06727108674929629,force_pulse,a84ffca02433ad64f0319e8491bdfb45dc33c2b92cc508e1e0adeeff8df170e0,2,fast_ellipse
force_pulse_l6,0.0675299096208285,0.1585167756395852,0.041842210292816165,0.025613953851116825,True,0.017181611071799448,raw,0.04028649041344055,0.09418253749608994,0.04455680642182465,6,0.08471152069262794,NaiveDelayed,0.19880326605302573,0.1360247477889061,0.07017076027294147,force_pulse,a84ffca02433ad64f0319e8491bdfb45dc33c2b92cc508e1e0adeeff8df170e0,3,fast_ellipse
force_pulse_l6,0.08423489456669814,0.1775861985165212,0.07638643980026245,0.04045630669487438,True,0.017181611071799448,raw,0.04028649041344055,0.09418253749608994,0.04455680642182465,6,0.10141650563849758,NaiveDelayed,0.21787268892996173,0.1705689772963524,0.08501311311669903,force_pulse,a84ffca02433ad64f0319e8491bdfb45dc33c2b92cc508e1e0adeeff8df170e0,4,fast_ellipse
force_pulse_l6,-0.0036802208692308797,-0.00970143573100241,-0.025595501810312254,-0.01144062005347729,True,0.017181611071799448,raw,0.04028649041344055,0.09418253749608994,0.04455680642182465,6,0.013501390202568568,VirtualDelayAware,0.030585054682438138,0.06858703568577769,0.03311618636834736,force_pulse,a84ffca02433ad64f0319e8491bdfb45dc33c2b92cc508e1e0adeeff8df170e0,0,fast_ellipse
force_pulse_l6,-0.004750668797614738,-0.012586589570321785,-0.03504652678966523,-0.013880995179517179,True,0.017181611071799448,raw,0.04028649041344055,0.09418253749608994,0.04455680642182465,6,0.01243094227418471,VirtualDelayAware,0.027699900843118762,0.05913601070642471,0.03067581124230747,force_pulse,a84ffca02433ad64f0319e8491bdfb45dc33c2b92cc508e1e0adeeff8df170e0,1,fast_ellipse
force_pulse_l6,-0.0038062788397264253,-0.00996247190955242,-0.02440609857439996,-0.011456390100222008,True,0.017181611071799448,raw,0.04028649041344055,0.09418253749608994,0.04455680642182465,6,0.013375332232073022,VirtualDelayAware,0.030324018503888127,0.06977643892168998,0.03310041632160264,force_pulse,a84ffca02433ad64f0319e8491bdfb45dc33c2b92cc508e1e0adeeff8df170e0,2,fast_ellipse
force_pulse_l6,-0.004034919194453909,-0.011017301833314102,-0.02780769020318985,-0.012230201795982838,True,0.017181611071799448,raw,0.04028649041344055,0.09418253749608994,0.04455680642182465,6,0.013146691877345539,VirtualDelayAware,0.029269188580126445,0.0663748472929001,0.03232660462584181,force_pulse,a84ffca02433ad64f0319e8491bdfb45dc33c2b92cc508e1e0adeeff8df170e0,3,fast_ellipse
force_pulse_l6,-0.004878604281158506,-0.011396546945786252,-0.03433861061930657,-0.013929007918563982,True,0.017181611071799448,raw,0.04028649041344055,0.09418253749608994,0.04455680642182465,6,0.012303006790640942,VirtualDelayAware,0.028889943467654295,0.059843926876783374,0.030627798503260667,force_pulse,a84ffca02433ad64f0319e8491bdfb45dc33c2b92cc508e1e0adeeff8df170e0,4,fast_ellipse
force_pulse_l6,-0.0030653446847517182,-0.008890325723008248,-0.01744236275553704,-0.009263517594416758,True,0.017181611071799448,raw,0.04028649041344055,0.09418253749608994,0.04455680642182465,6,0.01411626638704773,ThreadedAsync,0.0313961646904323,0.0767401747405529,0.03529328882740789,force_pulse,a84ffca02433ad64f0319e8491bdfb45dc33c2b92cc508e1e0adeeff8df170e0,0,fast_ellipse
force_pulse_l6,-0.0024763122684233595,-0.007897849754396336,-0.030173149704933164,-0.010348203379116343,True,0.017181611071799448,raw,0.04028649041344055,0.09418253749608994,0.04455680642182465,6,0.014705298803376088,ThreadedAsync,0.03238864065904421,0.06400938779115678,0.034208603042708306,force_pulse,a84ffca02433ad64f0319e8491bdfb45dc33c2b92cc508e1e0adeeff8df170e0,1,fast_ellipse
force_pulse_l6,-0.003029959654154455,-0.008615765816389162,-0.023519543558359154,-0.009399107154744402,True,0.017181611071799448,raw,0.04028649041344055,0.09418253749608994,0.04455680642182465,6,0.014151651417644993,ThreadedAsync,0.031670724597051385,0.07066299393773079,0.03515769926708025,force_pulse,a84ffca02433ad64f0319e8491bdfb45dc33c2b92cc508e1e0adeeff8df170e0,2,fast_ellipse
force_pulse_l6,-0.0033521334238065265,-0.00973623378600802,-0.0245810054242611,-0.01058827149130518,True,0.017181611071799448,raw,0.04028649041344055,0.09418253749608994,0.04455680642182465,6,0.013829477647992921,ThreadedAsync,0.030550256627432527,0.06960153207182884,0.03396853493051947,force_pulse,a84ffca02433ad64f0319e8491bdfb45dc33c2b92cc508e1e0adeeff8df170e0,3,fast_ellipse
force_pulse_l6,-0.0015719671720518646,-0.004971433456074099,-0.008771359920501709,-0.004816407611562087,True,0.017181611071799448,raw,0.04028649041344055,0.09418253749608994,0.04455680642182465,6,0.015609643899747583,ThreadedAsync,0.03531505695736645,0.08541117757558823,0.03974039881026256,force_pulse,a84ffca02433ad64f0319e8491bdfb45dc33c2b92cc508e1e0adeeff8df170e0,4,fast_ellipse
nominal,-0.0022969270461793596,-0.007291886321302794,-0.016975379735231375,-0.00796625587961483,True,0.016932322624065736,raw,0.03881079360640571,0.09173670932650566,0.04392514063894601,0,0.014635395577886377,IdealZeroDelay,0.03151890728510291,0.07476132959127428,0.03595888475933118,nominal,a84ffca02433ad64f0319e8491bdfb45dc33c2b92cc508e1e0adeeff8df170e0,0,fast_ellipse
nominal,-0.004592313411003525,-0.012987327473706164,-0.035344779118895525,-0.014697194305387414,True,0.016932322624065736,raw,0.03881079360640571,0.09173670932650566,0.04392514063894601,0,0.012340009213062211,IdealZeroDelay,0.025823466132699542,0.05639193020761013,0.029227946333558595,nominal,a84ffca02433ad64f0319e8491bdfb45dc33c2b92cc508e1e0adeeff8df170e0,1,fast_ellipse
nominal,0.0014619528385975133,0.0011967078132828143,-0.007130735367536514,5.427735814290263e-05,True,0.016932322624065736,raw,0.03881079360640571,0.09173670932650566,0.04392514063894601,0,0.01839427546266325,IdealZeroDelay,0.04000750141968852,0.08460597395896914,0.04397941799708891,nominal,a84ffca02433ad64f0319e8491bdfb45dc33c2b92cc508e1e0adeeff8df170e0,2,fast_ellipse
nominal,-0.005100038874312268,-0.013724763976363526,-0.03932268247008322,-0.01546490631710086,True,0.016932322624065736,raw,0.03881079360640571,0.09173670932650566,0.04392514063894601,0,0.011832283749753468,IdealZeroDelay,0.02508602963004218,0.052414026856422435,0.02846023432184515,nominal,a84ffca02433ad64f0319e8491bdfb45dc33c2b92cc508e1e0adeeff8df170e0,3,fast_ellipse
nominal,-0.0017480938245910977,-0.00729926766731985,-0.01583044379949569,-0.008088243831395892,True,0.016932322624065736,raw,0.03881079360640571,0.09173670932650566,0.04392514063894601,0,0.015184228799474639,IdealZeroDelay,0.031511525939085856,0.07590626552700996,0.03583689680755012,nominal,a84ffca02433ad64f0319e8491bdfb45dc33c2b92cc508e1e0adeeff8df170e0,4,fast_ellipse
nominal,0.07938461806767722,0.1593026705272471,0.061141145974397654,0.03328484558003254,True,0.016932322624065736,raw,0.03881079360640571,0.09173670932650566,0.04392514063894601,0,0.09631694069174296,NaiveDelayed,0.1981134641336528,0.1528778553009033,0.07720998621897855,nominal,a84ffca02433ad64f0319e8491bdfb45dc33c2b92cc508e1e0adeeff8df170e0,0,fast_ellipse
nominal,0.08299047419973674,0.1842690523087377,0.05645629093050958,0.0317662077943896,True,0.016932322624065736,raw,0.03881079360640571,0.09173670932650566,0.04392514063894601,0,0.09992279682380248,NaiveDelayed,0.2230798459151434,0.14819300025701523,0.07569134843333561,nominal,a84ffca02433ad64f0319e8491bdfb45dc33c2b92cc508e1e0adeeff8df170e0,1,fast_ellipse
nominal,0.09093541610845149,0.19315676673692866,0.03560332879424097,0.02032513960153705,True,0.016932322624065736,raw,0.03881079360640571,0.09173670932650566,0.04392514063894601,0,0.10786773873251722,NaiveDelayed,0.23196756034333438,0.12734003812074662,0.06425028024048306,nominal,a84ffca02433ad64f0319e8491bdfb45dc33c2b92cc508e1e0adeeff8df170e0,2,fast_ellipse
nominal,0.06850840103829606,0.17074378524060696,0.05458195284008982,0.027928162701112244,True,0.016932322624065736,raw,0.03881079360640571,0.09173670932650566,0.04392514063894601,0,0.08544072366236179,NaiveDelayed,0.20955457884701267,0.14631866216659548,0.07185330334005825,nominal,a84ffca02433ad64f0319e8491bdfb45dc33c2b92cc508e1e0adeeff8df170e0,3,fast_ellipse
nominal,0.08449207038612633,0.18060214204842553,0.07030787393450738,0.036614754753376846,True,0.016932322624065736,raw,0.03881079360640571,0.09173670932650566,0.04392514063894601,0,0.10142439301019207,NaiveDelayed,0.21941293565483125,0.16204458326101304,0.08053989539232285,nominal,a84ffca02433ad64f0319e8491bdfb45dc33c2b92cc508e1e0adeeff8df170e0,4,fast_ellipse
nominal,-0.003255399754885804,-0.009129365384933648,-0.023736328631639464,-0.010519860632180154,True,0.016932322624065736,raw,0.03881079360640571,0.09173670932650566,0.04392514063894601,0,0.013676922869179932,VirtualDelayAware,0.02968142822147206,0.06800038069486619,0.033405280006765854,nominal,a84ffca02433ad64f0319e8491bdfb45dc33c2b92cc508e1e0adeeff8df170e0,0,fast_ellipse
nominal,-0.003329361213092078,-0.008629829437636245,-0.030269006267189973,-0.010948976853345692,True,0.016932322624065736,raw,0.03881079360640571,0.09173670932650566,0.04392514063894601,0,0.013602961410973658,VirtualDelayAware,0.03018096416876946,0.06146770305931568,0.03297616378560032,nominal,a84ffca02433ad64f0319e8491bdfb45dc33c2b92cc508e1e0adeeff8df170e0,1,fast_ellipse
nominal,-0.002346825903855789,-0.006606759078870192,-0.018785097450017885,-0.007982411968475753,True,0.016932322624065736,raw,0.03881079360640571,0.09173670932650566,0.04392514063894601,0,0.014585496720209947,VirtualDelayAware,0.032204034527535515,0.07295161187648777,0.035942728670470256,nominal,a84ffca02433ad64f0319e8491bdfb45dc33c2b92cc508e1e0adeeff8df170e0,2,fast_ellipse
nominal,-0.003303133014755138,-0.008141744710425568,-0.02619928792119025,-0.01046157170618893,True,0.016932322624065736,raw,0.03881079360640571,0.09173670932650566,0.04392514063894601,0,0.013629189609310598,VirtualDelayAware,0.030669048895980138,0.0655374214053154,0.03346356893275708,nominal,a84ffca02433ad64f0319e8491bdfb45dc33c2b92cc508e1e0adeeff8df170e0,3,fast_ellipse
nominal,-0.003609195697942068,-0.008541491540745547,-0.030355599522590627,-0.011138475322759661,True,0.016932322624065736,raw,0.03881079360640571,0.09173670932650566,0.04392514063894601,0,0.013323126926123668,VirtualDelayAware,0.03026930206566016,0.06138110980391503,0.03278666531618635,nominal,a84ffca02433ad64f0319e8491bdfb45dc33c2b92cc508e1e0adeeff8df170e0,4,fast_ellipse
nominal,-0.004496568598010573,-0.011758939527804484,-0.03158526793122291,-0.013188090954561648,True,0.016932322624065736,raw,0.03881079360640571,0.09173670932650566,0.04392514063894601,0,0.012435754026055163,ThreadedAsync,0.027051854078601223,0.060151441395282744,0.03073704968438436,nominal,a84ffca02433ad64f0319e8491bdfb45dc33c2b92cc508e1e0adeeff8df170e0,0,fast_ellipse
nominal,-0.0023372699490978224,-0.007206444682614076,-0.01838903948664662,-0.008198062857185162,True,0.016932322624065736,raw,0.03881079360640571,0.09173670932650566,0.04392514063894601,0,0.014595052674967914,ThreadedAsync,0.03160434892379163,0.07334766983985903,0.035727077781760846,nominal,a84ffca02433ad64f0319e8491bdfb45dc33c2b92cc508e1e0adeeff8df170e0,1,fast_ellipse
nominal,-0.002479423350470529,-0.008016981746820168,-0.02487136721611022,-0.009487589776865403,True,0.016932322624065736,raw,0.03881079360640571,0.09173670932650566,0.04392514063894601,0,0.014452899273595207,ThreadedAsync,0.03079381185958554,0.06686534211039544,0.034437550862080606,nominal,a84ffca02433ad64f0319e8491bdfb45dc33c2b92cc508e1e0adeeff8df170e0,2,fast_ellipse
nominal,-0.0045935183263881366,-0.011938403005726246,-0.03208066597580908,-0.013569084770056226,True,0.016932322624065736,raw,0.03881079360640571,0.09173670932650566,0.04392514063894601,0,0.0123388042976776,ThreadedAsync,0.02687239060067946,0.059656043350696575,0.030356055868889783,nominal,a84ffca02433ad64f0319e8491bdfb45dc33c2b92cc508e1e0adeeff8df170e0,3,fast_ellipse
nominal,-0.0028510289576390707,-0.008510398192415725,-0.02725176066160201,-0.010595464584693605,True,0.016932322624065736,raw,0.03881079360640571,0.09173670932650566,0.04392514063894601,0,0.014081293666426666,ThreadedAsync,0.030300395413989982,0.06448494866490365,0.033329676054252404,nominal,a84ffca02433ad64f0319e8491bdfb45dc33c2b92cc508e1e0adeeff8df170e0,4,fast_ellipse
observation_noise_l3,-0.001874975482516793,-0.00679665250741885,-0.02856809124350547,-0.009442431916109828,True,0.016932322624065736,raw,0.03881079360640571,0.09173670932650566,0.04392514063894601,3,0.015057347141548943,IdealZeroDelay,0.032014141098986856,0.06316861808300019,0.03448270872283618,observation_noise,a84ffca02433ad64f0319e8491bdfb45dc33c2b92cc508e1e0adeeff8df170e0,0,fast_ellipse
observation_noise_l3,-0.0015237960223328136,-0.005891040937988694,-0.022370536625385254,-0.007845424546841465,True,0.016932322624065736,raw,0.03881079360640571,0.09173670932650566,0.04392514063894601,3,0.015408526601732923,IdealZeroDelay,0.03291975266841701,0.0693661727011204,0.036079716092104544,observation_noise,a84ffca02433ad64f0319e8491bdfb45dc33c2b92cc508e1e0adeeff8df170e0,1,fast_ellipse
observation_noise_l3,-0.0039033424492107473,-0.01176938418483086,-0.03677301406860351,-0.013360690554981174,True,0.016932322624065736,raw,0.03881079360640571,0.09173670932650566,0.04392514063894601,3,0.013028980174854989,IdealZeroDelay,0.027041409421574847,0.054963695257902144,0.030564450083964835,observation_noise,a84ffca02433ad64f0319e8491bdfb45dc33c2b92cc508e1e0adeeff8df170e0,2,fast_ellipse
observation_noise_l3,-0.0009226116510720854,-0.002775285319980045,-0.002856511622667285,-0.003451202033208485,True,0.016932322624065736,raw,0.03881079360640571,0.09173670932650566,0.04392514063894601,3,0.01600971097299365,IdealZeroDelay,0.03603550828642566,0.08888019770383837,0.040473938605737524,observation_noise,a84ffca02433ad64f0319e8491bdfb45dc33c2b92cc508e1e0adeeff8df170e0,3,fast_ellipse
observation_noise_l3,0.0008336074502809411,-0.00131838310508757,-0.01300094574689864,-0.0027153365079840702,True,0.016932322624065736,raw,0.03881079360640571,0.09173670932650566,0.04392514063894601,3,0.017765930074346677,IdealZeroDelay,0.03749241050131814,0.07873576357960702,0.04120980413096194,observation_noise,a84ffca02433ad64f0319e8491bdfb45dc33c2b92cc508e1e0adeeff8df170e0,4,fast_ellipse
observation_noise_l3,0.10558553320407321,0.2477667743010385,0.04101811572909356,0.022852778890108394,True,0.016932322624065736,raw,0.03881079360640571,0.09173670932650566,0.04392514063894601,3,0.12251785582813894,NaiveDelayed,0.2865775679074442,0.1327548250555992,0.0667779195290544,observation_noise,a84ffca02433ad64f0319e8491bdfb45dc33c2b92cc508e1e0adeeff8df170e0,0,fast_ellipse
observation_noise_l3,0.09433283991765123,0.19068325350526052,0.06573405191302303,0.031043236821517037,True,0.016932322624065736,raw,0.03881079360640571,0.09173670932650566,0.04392514063894601,3,0.11126516254171698,NaiveDelayed,0.22949404711166624,0.1574707612395287,0.07496837746046305,observation_noise,a84ffca02433ad64f0319e8491bdfb45dc33c2b92cc508e1e0adeeff8df170e0,1,fast_ellipse
observation_noise_l3,0.0871281199958279,0.16669362964562243,0.05277106389403344,0.02838639219064641,True,0.016932322624065736,raw,0.03881079360640571,0.09173670932650566,0.04392514063894601,3,0.10406044261989363,NaiveDelayed,0.20550442325202814,0.1445077732205391,0.07231153282959242,observation_noise,a84ffca02433ad64f0319e8491bdfb45dc33c2b92cc508e1e0adeeff8df170e0,2,fast_ellipse
observation_noise_l3,0.067064397241348,0.16017952257396315,0.02970216944813729,0.020247890667932436,True,0.016932322624065736,raw,0.03881079360640571,0.09173670932650566,0.04392514063894601,3,0.08399671986541374,NaiveDelayed,0.19899031618036886,0.12143887877464295,0.06417303130687844,observation_noise,a84ffca02433ad64f0319e8491bdfb45dc33c2b92cc508e1e0adeeff8df170e0,3,fast_ellipse
observation_noise_l3,0.08362752503265802,0.1706909206005677,0.044847664982080454,0.023420902510681407,True,0.016932322624065736,raw,0.03881079360640571,0.09173670932650566,0.04392514063894601,3,0.10055984765672375,NaiveDelayed,0.20950171420697342,0.1365843743085861,0.06734604314962742,observation_noise,a84ffca02433ad64f0319e8491bdfb45dc33c2b92cc508e1e0adeeff8df170e0,4,fast_ellipse
observation_noise_l3,-0.0023662687137856898,-0.007244736867045118,-0.02635725438594816,-0.009363861610902115,True,0.016932322624065736,raw,0.03881079360640571,0.09173670932650566,0.04392514063894601,3,0.014566053910280046,VirtualDelayAware,0.03156605673936059,0.0653794549405575,0.034561279028043894,observation_noise,a84ffca02433ad64f0319e8491bdfb45dc33c2b92cc508e1e0adeeff8df170e0,0,fast_ellipse
observation_noise_l3,-0.00032626299762576055,-0.003077297334748305,-0.020369359850883464,-0.004283431651239088,True,0.016932322624065736,raw,0.03881079360640571,0.09173670932650566,0.04392514063894601,3,0.016606059626439976,VirtualDelayAware,0.0357334962716574,0.07136734947562219,0.03964170898770692,observation_noise,a84ffca02433ad64f0319e8491bdfb45dc33c2b92cc508e1e0adeeff8df170e0,1,fast_ellipse
observation_noise_l3,-0.002381991713070346,-0.007246769466230568,-0.023832178115844718,-0.009714738754057116,True,0.016932322624065736,raw,0.03881079360640571,0.09173670932650566,0.04392514063894601,3,0.01455033091099539,VirtualDelayAware,0.03156402414017514,0.06790453121066094,0.03421040188488889,observation_noise,a84ffca02433ad64f0319e8491bdfb45dc33c2b92cc508e1e0adeeff8df170e0,2,fast_ellipse
observation_noise_l3,-0.004268251009010333,-0.011312186890826283,-0.032360139489173885,-0.012786910688361866,True,0.016932322624065736,raw,0.03881079360640571,0.09173670932650566,0.04392514063894601,3,0.012664071615055403,VirtualDelayAware,0.027498606715579424,0.05937656983733177,0.031138229950584143,observation_noise,a84ffca02433ad64f0319e8491bdfb45dc33c2b92cc508e1e0adeeff8df170e0,3,fast_ellipse
observation_noise_l3,-0.0034759587368228973,-0.00915718608345931,-0.02158935219049453,-0.010079272542581279,True,0.016932322624065736,raw,0.03881079360640571,0.09173670932650566,0.04392514063894601,3,0.013456363887242839,VirtualDelayAware,0.029653607522946396,0.07014735713601113,0.03384586809636473,observation_noise,a84ffca02433ad64f0319e8491bdfb45dc33c2b92cc508e1e0adeeff8df170e0,4,fast_ellipse
observation_noise_l3,-0.00033936187586360717,-0.002178909506777918,-0.008223448693752272,-0.004089623045789012,True,0.016932322624065736,raw,0.03881079360640571,0.09173670932650566,0.04392514063894601,3,0.01659296074820213,ThreadedAsync,0.03663188409962779,0.08351326063275338,0.039835517593157,observation_noise,a84ffca02433ad64f0319e8491bdfb45dc33c2b92cc508e1e0adeeff8df170e0,0,fast_ellipse
observation_noise_l3,-0.002152387101741019,-0.004543261505814522,-0.023708226531743995,-0.008040075415000125,True,0.016932322624065736,raw,0.03881079360640571,0.09173670932650566,0.04392514063894601,3,0.014779935522324717,ThreadedAsync,0.034267532100591185,0.06802848279476166,0.03588506522394588,observation_noise,a84ffca02433ad64f0319e8491bdfb45dc33c2b92cc508e1e0adeeff8df170e0,1,fast_ellipse
observation_noise_l3,-0.0008496062042167747,-0.003089768228457114,-0.018463235348463045,-0.005890765800111664,True,0.016932322624065736,raw,0.03881079360640571,0.09173670932650566,0.04392514063894601,3,0.01608271641984896,ThreadedAsync,0.03572102537794859,0.07327347397804261,0.038034374838834345,observation_noise,a84ffca02433ad64f0319e8491bdfb45dc33c2b92cc508e1e0adeeff8df170e0,2,fast_ellipse
observation_noise_l3,-0.0014062219400882755,-0.004773114416083926,-0.018546089529991136,-0.005714273784202653,True,0.016932322624065736,raw,0.03881079360640571,0.09173670932650566,0.04392514063894601,3,0.01552610068397746,ThreadedAsync,0.03403767919032178,0.07319061979651452,0.038210866854743356,observation_noise,a84ffca02433ad64f0319e8491bdfb45dc33c2b92cc508e1e0adeeff8df170e0,3,fast_ellipse
observation_noise_l3,-0.0013556237556125467,-0.0031325500008458768,-0.010911270976066562,-0.0051830687047111496,True,0.016932322624065736,raw,0.03881079360640571,0.09173670932650566,0.04392514063894601,3,0.01557669886845319,ThreadedAsync,0.03567824360555983,0.0808254383504391,0.03874207193423486,observation_noise,a84ffca02433ad64f0319e8491bdfb45dc33c2b92cc508e1e0adeeff8df170e0,4,fast_ellipse
observation_noise_l6,0.0031127620431582667,0.004253939481770802,0.0018963083624840144,0.0036197677963023395,True,0.016932322624065736,raw,0.03881079360640571,0.09173670932650566,0.04392514063894601,6,0.020045084667224003,IdealZeroDelay,0.04306473308817651,0.09363301768898967,0.04754490843524835,observation_noise,a84ffca02433ad64f0319e8491bdfb45dc33c2b92cc508e1e0adeeff8df170e0,0,fast_ellipse
observation_noise_l6,0.002524339292748475,0.001014299862706937,-0.013846147060394276,-0.001905196994615506,True,0.016932322624065736,raw,0.03881079360640571,0.09173670932650566,0.04392514063894601,6,0.01945666191681421,IdealZeroDelay,0.039825093469112643,0.07789056226611138,0.0420199436443305,observation_noise,a84ffca02433ad64f0319e8491bdfb45dc33c2b92cc508e1e0adeeff8df170e0,1,fast_ellipse
observation_noise_l6,0.005483917891901245,0.01040596112482272,0.013001482188701646,0.008708464350432599,True,0.016932322624065736,raw,0.03881079360640571,0.09173670932650566,0.04392514063894601,6,0.02241624051596698,IdealZeroDelay,0.049216754731228426,0.1047381915152073,0.05263360498937861,observation_noise,a84ffca02433ad64f0319e8491bdfb45dc33c2b92cc508e1e0adeeff8df170e0,2,fast_ellipse
observation_noise_l6,-0.0011064098113630003,-0.00508468029029778,-0.020183300971984827,-0.007579503735591617,True,0.016932322624065736,raw,0.03881079360640571,0.09173670932650566,0.04392514063894601,6,0.015825912812702736,IdealZeroDelay,0.03372611331610793,0.07155340835452083,0.03634563690335439,observation_noise,a84ffca02433ad64f0319e8491bdfb45dc33c2b92cc508e1e0adeeff8df170e0,3,fast_ellipse
observation_noise_l6,-0.0008990183893945285,-0.004178736814982376,-0.020489341765642155,-0.00667836507875573,True,0.016932322624065736,raw,0.03881079360640571,0.09173670932650566,0.04392514063894601,6,0.016033304234671208,IdealZeroDelay,0.03463205679142333,0.0712473675608635,0.03724677556019028,observation_noise,a84ffca02433ad64f0319e8491bdfb45dc33c2b92cc508e1e0adeeff8df170e0,4,fast_ellipse
observation_noise_l6,0.07106464981739122,0.1503407885594981,0.06880513951182368,0.026819546002711706,True,0.016932322624065736,raw,0.03881079360640571,0.09173670932650566,0.04392514063894601,6,0.08799697244145696,NaiveDelayed,0.1891515821659038,0.16054184883832934,0.07074468664165771,observation_noise,a84ffca02433ad64f0319e8491bdfb45dc33c2b92cc508e1e0adeeff8df170e0,0,fast_ellipse
observation_noise_l6,0.0860970838068294,0.2076099061602814,0.07647126689553263,0.029383025519427494,True,0.016932322624065736,raw,0.03881079360640571,0.09173670932650566,0.04392514063894601,6,0.10302940643089514,NaiveDelayed,0.24642069976668712,0.16820797622203829,0.0733081661583735,observation_noise,a84ffca02433ad64f0319e8491bdfb45dc33c2b92cc508e1e0adeeff8df170e0,1,fast_ellipse
observation_noise_l6,0.07548904514031657,0.14032893885638917,0.04710057601332668,0.026680833238194437,True,0.016932322624065736,raw,0.03881079360640571,0.09173670932650566,0.04392514063894601,6,0.0924213677643823,NaiveDelayed,0.17913973246279488,0.13883728533983233,0.07060597387714045,observation_noise,a84ffca02433ad64f0319e8491bdfb45dc33c2b92cc508e1e0adeeff8df170e0,2,fast_ellipse
observation_noise_l6,0.08525912265612567,0.16690641736764197,0.07636863663792612,0.0401701367761942,True,0.016932322624065736,raw,0.03881079360640571,0.09173670932650566,0.04392514063894601,6,0.1021914452801914,NaiveDelayed,0.2057172109740477,0.16810534596443177,0.08409527741514021,observation_noise,a84ffca02433ad64f0319e8491bdfb45dc33c2b92cc508e1e0adeeff8df170e0,3,fast_ellipse
observation_noise_l6,0.08827466811820436,0.17733889173840117,0.06198609098792077,0.034860908020581574,True,0.016932322624065736,raw,0.03881079360640571,0.09173670932650566,0.04392514063894601,6,0.10520699074227009,NaiveDelayed,0.21614968534480689,0.15372280031442642,0.07878604865952758,observation_noise,a84ffca02433ad64f0319e8491bdfb45dc33c2b92cc508e1e0adeeff8df170e0,4,fast_ellipse
observation_noise_l6,0.004657916408633847,0.00805293259565807,-0.001146771013736711,0.00592467681065003,True,0.016932322624065736,raw,0.03881079360640571,0.09173670932650566,0.04392514063894601,6,0.021590239032699583,VirtualDelayAware,0.04686372620206378,0.09058993831276894,0.04984981744959604,observation_noise,a84ffca02433ad64f0319e8491bdfb45dc33c2b92cc508e1e0adeeff8df170e0,0,fast_ellipse
observation_noise_l6,0.010269768678170917,0.0216629232804793,0.052407655864953995,0.020391279291792658,True,0.016932322624065736,raw,0.03881079360640571,0.09173670932650566,0.04392514063894601,6,0.027202091302236654,VirtualDelayAware,0.06047371688688501,0.14414436519145965,0.06431641993073867,observation_noise,a84ffca02433ad64f0319e8491bdfb45dc33c2b92cc508e1e0adeeff8df170e0,1,fast_ellipse
observation_noise_l6,0.004126124996227623,0.009050081527433938,0.0011791877448558974,0.005626690621378612,True,0.016932322624065736,raw,0.03881079360640571,0.09173670932650566,0.04392514063894601,6,0.02105844762029336,VirtualDelayAware,0.047860875133839645,0.09291589707136155,0.04955183126032462,observation_noise,a84ffca02433ad64f0319e8491bdfb45dc33c2b92cc508e1e0adeeff8df170e0,2,fast_ellipse
observation_noise_l6,-0.0012287899827561066,-0.005940361092620645,-0.021957620233297337,-0.008855171626555178,True,0.016932322624065736,raw,0.03881079360640571,0.09173670932650566,0.04392514063894601,6,0.01570353264130963,VirtualDelayAware,0.03287043251378506,0.06977908909320832,0.03506996901239083,observation_noise,a84ffca02433ad64f0319e8491bdfb45dc33c2b92cc508e1e0adeeff8df170e0,3,fast_ellipse
observation_noise_l6,-0.001005314070153189,-0.004390477154560542,-0.01889753416180609,-0.007110136229504432,True,0.016932322624065736,raw,0.03881079360640571,0.09173670932650566,0.04392514063894601,6,0.015927008553912547,VirtualDelayAware,0.034420316451845165,0.07283917516469957,0.036815004409441576,observation_noise,a84ffca02433ad64f0319e8491bdfb45dc33c2b92cc508e1e0adeeff8df170e0,4,fast_ellipse
observation_noise_l6,0.004382093616819006,0.006153325026158486,-0.000283949077129364,0.0034093160902125344,True,0.016932322624065736,raw,0.03881079360640571,0.09173670932650566,0.04392514063894601,6,0.021314416240884742,ThreadedAsync,0.04496411863256419,0.09145276024937629,0.04733445672915854,observation_noise,a84ffca02433ad64f0319e8491bdfb45dc33c2b92cc508e1e0adeeff8df170e0,0,fast_ellipse
observation_noise_l6,0.004192894046449087,0.004666335545095747,7.816180586815713e-05,0.0013406427347071315,True,0.016932322624065736,raw,0.03881079360640571,0.09173670932650566,0.04392514063894601,6,0.021125216670514823,ThreadedAsync,0.043477129151501454,0.09181487113237381,0.04526578337365314,observation_noise,a84ffca02433ad64f0319e8491bdfb45dc33c2b92cc508e1e0adeeff8df170e0,1,fast_ellipse
observation_noise_l6,-0.0019150668767770468,-0.007042024763513614,-0.025437197089195243,-0.00909314480272895,True,0.016932322624065736,raw,0.03881079360640571,0.09173670932650566,0.04392514063894601,6,0.01501725574728869,ThreadedAsync,0.03176876884289209,0.06629951223731041,0.03483199583621706,observation_noise,a84ffca02433ad64f0319e8491bdfb45dc33c2b92cc508e1e0adeeff8df170e0,2,fast_ellipse
observation_noise_l6,-0.0023064543775743913,-0.005447751040411772,-0.019754236191511135,-0.008499393420379954,True,0.016932322624065736,raw,0.03881079360640571,0.09173670932650566,0.04392514063894601,6,0.014625868246491345,ThreadedAsync,0.033363042565993935,0.07198247313499452,0.035425747218566055,observation_noise,a84ffca02433ad64f0319e8491bdfb45dc33c2b92cc508e1e0adeeff8df170e0,3,fast_ellipse
observation_noise_l6,0.0016088630423469717,0.0005546878126218915,-0.016318687796592707,-0.0029922319762173966,True,0.016932322624065736,raw,0.03881079360640571,0.09173670932650566,0.04392514063894601,6,0.018541185666412708,ThreadedAsync,0.0393654814190276,0.07541802152991295,0.04093290866272861,observation_noise,a84ffca02433ad64f0319e8491bdfb45dc33c2b92cc508e1e0adeeff8df170e0,4,fast_ellipse
payload_l3,-0.0029854225077496008,-0.021512668730664534,-0.02845343425869945,-0.014571043305255785,True,0.023070193718540494,raw,0.06644195689366376,0.11331817060709004,0.06056987705289226,3,0.020084771210790893,IdealZeroDelay,0.04492928816299923,0.08486473634839059,0.045998833747636476,payload,a84ffca02433ad64f0319e8491bdfb45dc33c2b92cc508e1e0adeeff8df170e0,0,fast_ellipse
payload_l3,-0.002420989027714565,-0.016976174726488352,0.0006985992193222074,-0.010373621826771713,True,0.023070193718540494,raw,0.06644195689366376,0.11331817060709004,0.06056987705289226,3,0.02064920469082593,IdealZeroDelay,0.04946578216717541,0.11401676982641225,0.05019625522612055,payload,a84ffca02433ad64f0319e8491bdfb45dc33c2b92cc508e1e0adeeff8df170e0,1,fast_ellipse
payload_l3,-0.00012271729334347586,-0.015010219190931047,-0.00894406214356426,-0.006006609636316211,True,0.023070193718540494,raw,0.06644195689366376,0.11331817060709004,0.06056987705289226,3,0.022947476425197018,IdealZeroDelay,0.05143173770273272,0.10437410846352578,0.05456326741657605,payload,a84ffca02433ad64f0319e8491bdfb45dc33c2b92cc508e1e0adeeff8df170e0,2,fast_ellipse
payload_l3,0.0014584402195574296,-0.011750525471496645,-0.004074050486087846,-0.004491122739660312,True,0.023070193718540494,raw,0.06644195689366376,0.11331817060709004,0.06056987705289226,3,0.024528633938097923,IdealZeroDelay,0.05469143142216712,0.1092441201210022,0.05607875431323195,payload,a84ffca02433ad64f0319e8491bdfb45dc33c2b92cc508e1e0adeeff8df170e0,3,fast_ellipse
payload_l3,-0.0025084037987932184,-0.02129791395398014,-0.02032195627689365,-0.012781892739840282,True,0.023070193718540494,raw,0.06644195689366376,0.11331817060709004,0.06056987705289226,3,0.020561789919747275,IdealZeroDelay,0.045144042939683625,0.09299621433019639,0.04778798431305198,payload,a84ffca02433ad64f0319e8491bdfb45dc33c2b92cc508e1e0adeeff8df170e0,4,fast_ellipse
payload_l3,0.08320357573170106,0.1504733611354333,0.05772233307361599,0.01924983162369242,True,0.023070193718540494,raw,0.06644195689366376,0.11331817060709004,0.06056987705289226,3,0.10627376945024156,NaiveDelayed,0.21691531802909708,0.17104050368070603,0.07981970867658468,payload,a84ffca02433ad64f0319e8491bdfb45dc33c2b92cc508e1e0adeeff8df170e0,0,fast_ellipse
payload_l3,0.0664656225570308,0.12604756109671028,0.0436385467648506,0.016121488991194317,True,0.023070193718540494,raw,0.06644195689366376,0.11331817060709004,0.06056987705289226,3,0.08953581627557129,NaiveDelayed,0.19248951799037406,0.15695671737194064,0.07669136604408658,payload,a84ffca02433ad64f0319e8491bdfb45dc33c2b92cc508e1e0adeeff8df170e0,1,fast_ellipse
payload_l3,0.072712022974293,0.14196905392883907,0.043518599867820695,0.018412939940782712,True,0.023070193718540494,raw,0.06644195689366376,0.11331817060709004,0.06056987705289226,3,0.09578221669283349,NaiveDelayed,0.20841101082250285,0.15683677047491074,0.07898281699367497,payload,a84ffca02433ad64f0319e8491bdfb45dc33c2b92cc508e1e0adeeff8df170e0,2,fast_ellipse
payload_l3,0.08778801817389588,0.2104796590351129,0.046870172023773166,0.015463634432227848,True,0.023070193718540494,raw,0.06644195689366376,0.11331817060709004,0.06056987705289226,3,0.11085821189243637,NaiveDelayed,0.2769216159287767,0.1601883426308632,0.07603351148512011,payload,a84ffca02433ad64f0319e8491bdfb45dc33c2b92cc508e1e0adeeff8df170e0,3,fast_ellipse
payload_l3,0.06336016966770508,0.09250647410373732,0.039597405493259435,0.017291403832933462,True,0.023070193718540494,raw,0.06644195689366376,0.11331817060709004,0.06056987705289226,3,0.08643036338624557,NaiveDelayed,0.15894843099740108,0.15291557610034948,0.07786128088582572,payload,a84ffca02433ad64f0319e8491bdfb45dc33c2b92cc508e1e0adeeff8df170e0,4,fast_ellipse
payload_l3,-0.0017781886937062764,-0.014040768980138653,-0.009448739886283905,-0.008374092883241119,True,0.023070193718540494,raw,0.06644195689366376,0.11331817060709004,0.06056987705289226,3,0.021292005024834217,VirtualDelayAware,0.05240118791352511,0.10386943072080614,0.05219578416965114,payload,a84ffca02433ad64f0319e8491bdfb45dc33c2b92cc508e1e0adeeff8df170e0,0,fast_ellipse
payload_l3,-0.0024030905278884795,-0.016604394664657914,-0.015473955124616648,-0.011255164937869863,True,0.023070193718540494,raw,0.06644195689366376,0.11331817060709004,0.06056987705289226,3,0.020667103190652014,VirtualDelayAware,0.04983756222900585,0.09784421548247339,0.0493147121150224,payload,a84ffca02433ad64f0319e8491bdfb45dc33c2b92cc508e1e0adeeff8df170e0,1,fast_ellipse
payload_l3,-0.0003942414310550771,-0.014402726148017436,-0.01584537923336031,-0.009030776245066749,True,0.023070193718540494,raw,0.06644195689366376,0.11331817060709004,0.06056987705289226,3,0.022675952287485417,VirtualDelayAware,0.05203923074564633,0.09747279137372973,0.05153910080782551,payload,a84ffca02433ad64f0319e8491bdfb45dc33c2b92cc508e1e0adeeff8df170e0,2,fast_ellipse
payload_l3,-0.0024580053420920275,-0.016949130749124283,-0.02157781943678859,-0.012235437601221998,True,0.023070193718540494,raw,0.06644195689366376,0.11331817060709004,0.06056987705289226,3,0.020612188376448466,VirtualDelayAware,0.04949282614453948,0.09174035117030145,0.048334439451670264,payload,a84ffca02433ad64f0319e8491bdfb45dc33c2b92cc508e1e0adeeff8df170e0,3,fast_ellipse
payload_l3,-0.003146465472827334,-0.017175314799455464,-0.017808759957551976,-0.011750375300568293,True,0.023070193718540494,raw,0.06644195689366376,0.11331817060709004,0.06056987705289226,3,0.01992372824571316,VirtualDelayAware,0.0492666420942083,0.09550941064953807,0.04881950175232397,payload,a84ffca02433ad64f0319e8491bdfb45dc33c2b92cc508e1e0adeeff8df170e0,4,fast_ellipse
payload_l3,-0.0026482620104368894,-0.016660728189401924,-0.016916221380233798,-0.011357883290857962,True,0.023070193718540494,raw,0.06644195689366376,0.11331817060709004,0.06056987705289226,3,0.020421931708103604,ThreadedAsync,0.04978122870426184,0.09640194922685624,0.0492119937620343,payload,a84ffca02433ad64f0319e8491bdfb45dc33c2b92cc508e1e0adeeff8df170e0,0,fast_ellipse
payload_l3,-0.003334646503484622,-0.017671810603882433,-0.019331851601600683,-0.01083303653208055,True,0.023070193718540494,raw,0.06644195689366376,0.11331817060709004,0.06056987705289226,3,0.01973554721505587,ThreadedAsync,0.04877014628978133,0.09398631900548936,0.04973684052081171,payload,a84ffca02433ad64f0319e8491bdfb45dc33c2b92cc508e1e0adeeff8df170e0,1,fast_ellipse
payload_l3,-0.003407268771450679,-0.018666955047625902,-0.026408910006284758,-0.012853558630455834,True,0.023070193718540494,raw,0.06644195689366376,0.11331817060709004,0.06056987705289226,3,0.019662924947089815,ThreadedAsync,0.04777500184603786,0.08690926060080528,0.04771631842243643,payload,a84ffca02433ad64f0319e8491bdfb45dc33c2b92cc508e1e0adeeff8df170e0,2,fast_ellipse
payload_l3,-0.004301982065009681,-0.01968347057001698,-0.016629810631275208,-0.013156159393437013,True,0.023070193718540494,raw,0.06644195689366376,0.11331817060709004,0.06056987705289226,3,0.018768211653530813,ThreadedAsync,0.046758486323646785,0.09668835997581483,0.04741371765945525,payload,a84ffca02433ad64f0319e8491bdfb45dc33c2b92cc508e1e0adeeff8df170e0,3,fast_ellipse
payload_l3,-0.0027867643629164857,-0.016524877740966656,-0.024617699533700993,-0.011063732595509648,True,0.023070193718540494,raw,0.06644195689366376,0.11331817060709004,0.06056987705289226,3,0.020283429355624008,ThreadedAsync,0.04991707915269711,0.08870047107338905,0.04950614445738261,payload,a84ffca02433ad64f0319e8491bdfb45dc33c2b92cc508e1e0adeeff8df170e0,4,fast_ellipse
payload_l6,-0.0068616055524607575,-0.05727474875134657,-0.017756952345371252,-0.023845083582880552,True,0.04668619948534627,raw,0.1617588286773528,0.19325976669788364,0.12800461713926495,6,0.03982459393288551,IdealZeroDelay,0.10448407992600624,0.1755028143525124,0.1041595335563844,payload,a84ffca02433ad64f0319e8491bdfb45dc33c2b92cc508e1e0adeeff8df170e0,0,fast_ellipse
payload_l6,-0.010791832132854562,-0.06815152265581667,-0.027771404385566717,-0.0342068720064604,True,0.04668619948534627,raw,0.1617588286773528,0.19325976669788364,0.12800461713926495,6,0.035894367352491706,IdealZeroDelay,0.09360730602153614,0.16548836231231692,0.09379774513280455,payload,a84ffca02433ad64f0319e8491bdfb45dc33c2b92cc508e1e0adeeff8df170e0,1,fast_ellipse
payload_l6,-0.011224422630671096,-0.0692355716075497,-0.0300075635313988,-0.03678909837614178,True,0.04668619948534627,raw,0.1617588286773528,0.19325976669788364,0.12800461713926495,6,0.03546177685467517,IdealZeroDelay,0.0925232570698031,0.16325220316648484,0.09121551876312317,payload,a84ffca02433ad64f0319e8491bdfb45dc33c2b92cc508e1e0adeeff8df170e0,2,fast_ellipse
payload_l6,-0.010029802710096437,-0.06575945122756018,-0.04190739691257481,-0.034745444871514694,True,0.04668619948534627,raw,0.1617588286773528,0.19325976669788364,0.12800461713926495,6,0.03665639677524983,IdealZeroDelay,0.09599937744979263,0.15135236978530883,0.09325917226775025,payload,a84ffca02433ad64f0319e8491bdfb45dc33c2b92cc508e1e0adeeff8df170e0,3,fast_ellipse
payload_l6,-0.012204443245862305,-0.06825321482344836,-0.03153017610311512,-0.03564095093783075,True,0.04668619948534627,raw,0.1617588286773528,0.19325976669788364,0.12800461713926495,6,0.03448175623948396,IdealZeroDelay,0.09350561385390445,0.16172959059476852,0.0923636662014342,payload,a84ffca02433ad64f0319e8491bdfb45dc33c2b92cc508e1e0adeeff8df170e0,4,fast_ellipse
payload_l6,0.09611880488036129,0.1637986837410234,-0.0051893070340156555,-0.028052308933330383,True,0.04668619948534627,raw,0.1617588286773528,0.19325976669788364,0.12800461713926495,6,0.14280500436570756,NaiveDelayed,0.3255575124183762,0.18807045966386798,0.09995230820593456,payload,a84ffca02433ad64f0319e8491bdfb45dc33c2b92cc508e1e0adeeff8df170e0,0,fast_ellipse
payload_l6,0.0879194853926665,0.13168727759213827,0.015433557331562014,-0.02855851206431148,True,0.04668619948534627,raw,0.1617588286773528,0.19325976669788364,0.12800461713926495,6,0.13460568487801278,NaiveDelayed,0.2934461062694911,0.20869332402944565,0.09944610507495347,payload,a84ffca02433ad64f0319e8491bdfb45dc33c2b92cc508e1e0adeeff8df170e0,1,fast_ellipse
payload_l6,0.0525346701023524,0.0766747800448074,0.0015070945024490134,-0.03351062407776982,True,0.04668619948534627,raw,0.1617588286773528,0.19325976669788364,0.12800461713926495,6,0.09922086958769867,NaiveDelayed,0.2384336087221602,0.19476686120033265,0.09449399306149513,payload,a84ffca02433ad64f0319e8491bdfb45dc33c2b92cc508e1e0adeeff8df170e0,2,fast_ellipse
payload_l6,0.053326049767344695,0.08014745064145026,-0.003734068572521204,-0.03277569749384088,True,0.04668619948534627,raw,0.1617588286773528,0.19325976669788364,0.12800461713926495,6,0.10001224925269096,NaiveDelayed,0.24190627931880307,0.18952569812536244,0.09522891964542407,payload,a84ffca02433ad64f0319e8491bdfb45dc33c2b92cc508e1e0adeeff8df170e0,3,fast_ellipse
payload_l6,0.05577328729772272,0.06787846111019347,-0.022796729207038846,-0.03512955029223143,True,0.04668619948534627,raw,0.1617588286773528,0.19325976669788364,0.12800461713926495,6,0.10245948678306899,NaiveDelayed,0.22963728978754627,0.1704630374908448,0.09287506684703352,payload,a84ffca02433ad64f0319e8491bdfb45dc33c2b92cc508e1e0adeeff8df170e0,4,fast_ellipse
payload_l6,-0.009475097328997685,-0.05302410013045976,-0.027111728489398995,-0.027105800977788044,True,0.04668619948534627,raw,0.1617588286773528,0.19325976669788364,0.12800461713926495,6,0.03721110215634858,VirtualDelayAware,0.10873472854689305,0.16614803820848464,0.1008988161614769,payload,a84ffca02433ad64f0319e8491bdfb45dc33c2b92cc508e1e0adeeff8df170e0,0,fast_ellipse
payload_l6,-0.014414481112725731,-0.06406596005969656,-0.03720626980066294,-0.038065333497288245,True,0.04668619948534627,raw,0.1617588286773528,0.19325976669788364,0.12800461713926495,6,0.032271718372620536,VirtualDelayAware,0.09769286861765625,0.1560534968972207,0.0899392836419767,payload,a84ffca02433ad64f0319e8491bdfb45dc33c2b92cc508e1e0adeeff8df170e0,1,fast_ellipse
payload_l6,-0.009430357847288233,-0.05607909980805795,-0.03512189090251924,-0.02732843185402835,True,0.04668619948534627,raw,0.1617588286773528,0.19325976669788364,0.12800461713926495,6,0.037255841638058035,VirtualDelayAware,0.10567972886929486,0.1581378757953644,0.1006761852852366,payload,a84ffca02433ad64f0319e8491bdfb45dc33c2b92cc508e1e0adeeff8df170e0,2,fast_ellipse
payload_l6,-0.010664341046293074,-0.057183629167662786,-0.03223034143447878,-0.030963679766704902,True,0.04668619948534627,raw,0.1617588286773528,0.19325976669788364,0.12800461713926495,6,0.03602185843905319,VirtualDelayAware,0.10457519950969002,0.16102942526340486,0.09704093737256005,payload,a84ffca02433ad64f0319e8491bdfb45dc33c2b92cc508e1e0adeeff8df170e0,3,fast_ellipse
payload_l6,-0.010114051447441048,-0.0537977576582154,-0.010989266633987443,-0.02593082090224172,True,0.04668619948534627,raw,0.1617588286773528,0.19325976669788364,0.12800461713926495,6,0.03657214803790522,VirtualDelayAware,0.1079610710191374,0.1822705000638962,0.10207379623702323,payload,a84ffca02433ad64f0319e8491bdfb45dc33c2b92cc508e1e0adeeff8df170e0,4,fast_ellipse
payload_l6,-0.013931539528675596,-0.062004376211714646,-0.05007659792900085,-0.03681173515689441,True,0.04668619948534627,raw,0.1617588286773528,0.19325976669788364,0.12800461713926495,6,0.03275465995667067,ThreadedAsync,0.09975445246563816,0.1431831687688828,0.09119288198237054,payload,a84ffca02433ad64f0319e8491bdfb45dc33c2b92cc508e1e0adeeff8df170e0,0,fast_ellipse
payload_l6,-0.013059992526972104,-0.06068673907687419,-0.038804195821285276,-0.034634680027918266,True,0.04668619948534627,raw,0.1617588286773528,0.19325976669788364,0.12800461713926495,6,0.033626206958374164,ThreadedAsync,0.10107208960047862,0.15445557087659836,0.09336993711134668,payload,a84ffca02433ad64f0319e8491bdfb45dc33c2b92cc508e1e0adeeff8df170e0,1,fast_ellipse
payload_l6,-0.013078736972566264,-0.060678249002075565,-0.036602734029293066,-0.034070351394873785,True,0.04668619948534627,raw,0.1617588286773528,0.19325976669788364,0.12800461713926495,6,0.033607462512780004,ThreadedAsync,0.10108057967527724,0.15665703266859057,0.09393426574439116,payload,a84ffca02433ad64f0319e8491bdfb45dc33c2b92cc508e1e0adeeff8df170e0,2,fast_ellipse
payload_l6,-0.01390914027406602,-0.06575768295037164,-0.05244547575712208,-0.03875927223869599,True,0.04668619948534627,raw,0.1617588286773528,0.19325976669788364,0.12800461713926495,6,0.03277705921128025,ThreadedAsync,0.09600114572698117,0.14081429094076156,0.08924534490056896,payload,a84ffca02433ad64f0319e8491bdfb45dc33c2b92cc508e1e0adeeff8df170e0,3,fast_ellipse
payload_l6,-0.011514726237548019,-0.05836366591277818,-0.031018869578838315,-0.029512358122873894,True,0.04668619948534627,raw,0.1617588286773528,0.19325976669788364,0.12800461713926495,6,0.03517147324779825,ThreadedAsync,0.10339516276457462,0.16224089711904532,0.09849225901639105,payload,a84ffca02433ad64f0319e8491bdfb45dc33c2b92cc508e1e0adeeff8df170e0,4,fast_ellipse
actuator_gain_l3,-0.005397489877446817,-0.014516304171056288,-0.0366205751895904,-0.015098517076024526,True,0.016633118444393663,raw,0.039011729930448824,0.10363560467958445,0.043867831741421975,3,0.011235628566946846,IdealZeroDelay,0.024495425759392536,0.06701502948999405,0.02876931466539745,actuator_gain,fc025a1f6ab9fdf644127a3000f4fa2244f35d77ef570ff282c34eafdba01260,0,figure8
actuator_gain_l3,-0.005346008815742865,-0.014820428755751281,-0.04460243508219714,-0.01550654899556838,True,0.016633118444393663,raw,0.039011729930448824,0.10363560467958445,0.043867831741421975,3,0.011287109628650798,IdealZeroDelay,0.024191301174697543,0.05903316959738731,0.028361282745853596,actuator_gain,fc025a1f6ab9fdf644127a3000f4fa2244f35d77ef570ff282c34eafdba01260,1,figure8
actuator_gain_l3,-0.0054800426295375775,-0.015798559245788543,-0.04797637201845642,-0.016860644865972944,True,0.016633118444393663,raw,0.039011729930448824,0.10363560467958445,0.043867831741421975,3,0.011153075814856086,IdealZeroDelay,0.02321317068466028,0.05565923266112803,0.02700718687544903,actuator_gain,fc025a1f6ab9fdf644127a3000f4fa2244f35d77ef570ff282c34eafdba01260,2,figure8
actuator_gain_l3,-0.0037040233050651423,-0.011279068144249529,-0.034844359010457945,-0.013133220920400007,True,0.016633118444393663,raw,0.039011729930448824,0.10363560467958445,0.043867831741421975,3,0.01292909513932852,IdealZeroDelay,0.027732661786199295,0.0687912456691265,0.030734610821021968,actuator_gain,fc025a1f6ab9fdf644127a3000f4fa2244f35d77ef570ff282c34eafdba01260,3,figure8
actuator_gain_l3,-0.004824314937479396,-0.01349243941075835,-0.04389838986098771,-0.014209702019295042,True,0.016633118444393663,raw,0.039011729930448824,0.10363560467958445,0.043867831741421975,3,0.011808803506914267,IdealZeroDelay,0.025519290519690475,0.05973721481859674,0.029658129722126933,actuator_gain,fc025a1f6ab9fdf644127a3000f4fa2244f35d77ef570ff282c34eafdba01260,4,figure8
actuator_gain_l3,0.0662165982695662,0.13770304546614343,0.03137463182210924,0.01606272357447487,True,0.016633118444393663,raw,0.039011729930448824,0.10363560467958445,0.043867831741421975,3,0.08284971671395987,NaiveDelayed,0.17671477539659225,0.1350102365016937,0.05993055531589685,actuator_gain,fc025a1f6ab9fdf644127a3000f4fa2244f35d77ef570ff282c34eafdba01260,0,figure8
actuator_gain_l3,0.07515707564640346,0.1807138337163531,0.06636843234300617,0.03384323112562891,True,0.016633118444393663,raw,0.039011729930448824,0.10363560467958445,0.043867831741421975,3,0.09179019409079713,NaiveDelayed,0.21972556364680193,0.17000403702259062,0.07771106286705089,actuator_gain,fc025a1f6ab9fdf644127a3000f4fa2244f35d77ef570ff282c34eafdba01260,1,figure8
actuator_gain_l3,0.08075508578498622,0.20182313058935084,0.042219775915145905,0.023237679402579203,True,0.016633118444393663,raw,0.039011729930448824,0.10363560467958445,0.043867831741421975,3,0.09738820422937988,NaiveDelayed,0.24083486051979966,0.14585538059473035,0.06710551114400118,actuator_gain,fc025a1f6ab9fdf644127a3000f4fa2244f35d77ef570ff282c34eafdba01260,2,figure8
actuator_gain_l3,0.08223868614617082,0.17792296390784806,0.03309010416269299,0.018965753249625433,True,0.016633118444393663,raw,0.039011729930448824,0.10363560467958445,0.043867831741421975,3,0.09887180459056448,NaiveDelayed,0.2169346938382969,0.13672570884227744,0.06283358499104741,actuator_gain,fc025a1f6ab9fdf644127a3000f4fa2244f35d77ef570ff282c34eafdba01260,3,figure8
actuator_gain_l3,0.07040094583784037,0.13039014281045205,0.05340758413076403,0.029197306626729078,True,0.016633118444393663,raw,0.039011729930448824,0.10363560467958445,0.043867831741421975,3,0.08703406428223404,NaiveDelayed,0.16940187274090088,0.15704318881034848,0.07306513836815105,actuator_gain,fc025a1f6ab9fdf644127a3000f4fa2244f35d77ef570ff282c34eafdba01260,4,figure8
actuator_gain_l3,-0.004148761840819158,-0.011682620507161474,-0.032900042086839734,-0.013019163197680261,True,0.016633118444393663,raw,0.039011729930448824,0.10363560467958445,0.043867831741421975,3,0.012484356603574505,VirtualDelayAware,0.02732910942328735,0.07073556259274472,0.030848668543741714,actuator_gain,fc025a1f6ab9fdf644127a3000f4fa2244f35d77ef570ff282c34eafdba01260,0,figure8
actuator_gain_l3,-0.003802700002273814,-0.009643812467651641,-0.034911735355854026,-0.011933509977411355,True,0.016633118444393663,raw,0.039011729930448824,0.10363560467958445,0.043867831741421975,3,0.012830418442119849,VirtualDelayAware,0.029367917462797183,0.06872386932373042,0.03193432176401062,actuator_gain,fc025a1f6ab9fdf644127a3000f4fa2244f35d77ef570ff282c34eafdba01260,1,figure8
actuator_gain_l3,-0.0044607687949090626,-0.013063367761444122,-0.03493989929556844,-0.013164345247375517,True,0.016633118444393663,raw,0.039011729930448824,0.10363560467958445,0.043867831741421975,3,0.0121723496494846,VirtualDelayAware,0.0259483621690047,0.06869570538401601,0.03070348649404646,actuator_gain,fc025a1f6ab9fdf644127a3000f4fa2244f35d77ef570ff282c34eafdba01260,2,figure8
actuator_gain_l3,-0.00474749287664088,-0.01261576512396807,-0.04336807951331134,-0.01374815059019251,True,0.016633118444393663,raw,0.039011729930448824,0.10363560467958445,0.043867831741421975,3,0.011885625567752783,VirtualDelayAware,0.026395964806480755,0.06026752516627311,0.030119681151229465,actuator_gain,fc025a1f6ab9fdf644127a3000f4fa2244f35d77ef570ff282c34eafdba01260,3,figure8
actuator_gain_l3,-0.004718192790839326,-0.013674345023073731,-0.04414282739162444,-0.014780717594020124,True,0.016633118444393663,raw,0.039011729930448824,0.10363560467958445,0.043867831741421975,3,0.011914925653554337,VirtualDelayAware,0.025337384907375093,0.059492777287960014,0.029087114147401852,actuator_gain,fc025a1f6ab9fdf644127a3000f4fa2244f35d77ef570ff282c34eafdba01260,4,figure8
actuator_gain_l3,-0.0019901652968204227,-0.005635428667219,-0.017988432198762852,-0.006713535081137256,True,0.016633118444393663,raw,0.039011729930448824,0.10363560467958445,0.043867831741421975,3,0.01464295314757324,ThreadedAsync,0.033376301263229824,0.0856471724808216,0.03715429666028472,actuator_gain,fc025a1f6ab9fdf644127a3000f4fa2244f35d77ef570ff282c34eafdba01260,0,figure8
actuator_gain_l3,-0.002465450729138032,-0.006052630014320222,-0.020414568483829443,-0.007022443456485769,True,0.016633118444393663,raw,0.039011729930448824,0.10363560467958445,0.043867831741421975,3,0.014167667715255631,ThreadedAsync,0.0329590999161286,0.08322103619575501,0.036845388284936206,actuator_gain,fc025a1f6ab9fdf644127a3000f4fa2244f35d77ef570ff282c34eafdba01260,1,figure8
actuator_gain_l3,-0.0031742645978559813,-0.008823133600193104,-0.03151395395398139,-0.01027059513268444,True,0.016633118444393663,raw,0.039011729930448824,0.10363560467958445,0.043867831741421975,3,0.013458853846537682,ThreadedAsync,0.03018859633025572,0.07212165072560306,0.033597236608737535,actuator_gain,fc025a1f6ab9fdf644127a3000f4fa2244f35d77ef570ff282c34eafdba01260,2,figure8
actuator_gain_l3,-0.0022272233493101177,-0.006452594694323327,-0.023419000208377783,-0.007345475432424579,True,0.016633118444393663,raw,0.039011729930448824,0.10363560467958445,0.043867831741421975,3,0.014405895095083545,ThreadedAsync,0.0325591352361255,0.08021660447120667,0.036522356308997396,actuator_gain,fc025a1f6ab9fdf644127a3000f4fa2244f35d77ef570ff282c34eafdba01260,3,figure8
actuator_gain_l3,-0.0018761096704549424,-0.0035655726674230157,-0.018264764547348017,-0.006458327037049134,True,0.016633118444393663,raw,0.039011729930448824,0.10363560467958445,0.043867831741421975,3,0.01475700877393872,ThreadedAsync,0.03544615726302581,0.08537084013223643,0.03740950470437284,actuator_gain,fc025a1f6ab9fdf644127a3000f4fa2244f35d77ef570ff282c34eafdba01260,4,figure8
actuator_gain_l6,-0.00632865376157201,-0.016152280815099895,-0.03853881284594536,-0.014631557297492825,True,0.023585091822338283,raw,0.05498891315563669,0.14291554987430571,0.05973808289657048,6,0.017256438060766273,IdealZeroDelay,0.038836632340536796,0.10437673702836035,0.04510652559907766,actuator_gain,fc025a1f6ab9fdf644127a3000f4fa2244f35d77ef570ff282c34eafdba01260,0,figure8
actuator_gain_l6,-0.0072110415657799035,-0.020820758608762403,-0.05288744270801546,-0.019187552388133203,True,0.023585091822338283,raw,0.05498891315563669,0.14291554987430571,0.05973808289657048,6,0.01637405025655838,IdealZeroDelay,0.03416815454687429,0.09002810716629026,0.04055053050843728,actuator_gain,fc025a1f6ab9fdf644127a3000f4fa2244f35d77ef570ff282c34eafdba01260,1,figure8
actuator_gain_l6,-0.006135299121189302,-0.01841825804165819,-0.04784191697835924,-0.016332069481290783,True,0.023585091822338283,raw,0.05498891315563669,0.14291554987430571,0.05973808289657048,6,0.01744979270114898,IdealZeroDelay,0.0365706551139785,0.09507363289594647,0.0434060134152797,actuator_gain,fc025a1f6ab9fdf644127a3000f4fa2244f35d77ef570ff282c34eafdba01260,2,figure8
actuator_gain_l6,-0.007060170134273409,-0.020804100599111842,-0.05770744159817695,-0.018401174354086183,True,0.023585091822338283,raw,0.05498891315563669,0.14291554987430571,0.05973808289657048,6,0.016524921688064874,IdealZeroDelay,0.03418481255652485,0.08520810827612876,0.0413369085424843,actuator_gain,fc025a1f6ab9fdf644127a3000f4fa2244f35d77ef570ff282c34eafdba01260,3,figure8
actuator_gain_l6,-0.007418444374876369,-0.020250697006904454,-0.05849002823233605,-0.01948341667994319,True,0.023585091822338283,raw,0.05498891315563669,0.14291554987430571,0.05973808289657048,6,0.016166647447461914,IdealZeroDelay,0.03473821614873224,0.08442552164196966,0.040254666216627294,actuator_gain,fc025a1f6ab9fdf644127a3000f4fa2244f35d77ef570ff282c34eafdba01260,4,figure8
actuator_gain_l6,0.052150100817492856,0.1099951562750324,0.027226848900318096,0.01708742056156165,True,0.023585091822338283,raw,0.05498891315563669,0.14291554987430571,0.05973808289657048,6,0.07573519263983114,NaiveDelayed,0.1649840694306691,0.1701423987746238,0.07682550345813213,actuator_gain,fc025a1f6ab9fdf644127a3000f4fa2244f35d77ef570ff282c34eafdba01260,0,figure8
actuator_gain_l6,0.07307555474729915,0.1532146266568478,0.013227479159831829,0.01414068895572225,True,0.023585091822338283,raw,0.05498891315563669,0.14291554987430571,0.05973808289657048,6,0.09666064656963744,NaiveDelayed,0.2082035398124845,0.15614302903413754,0.07387877185229273,actuator_gain,fc025a1f6ab9fdf644127a3000f4fa2244f35d77ef570ff282c34eafdba01260,1,figure8
actuator_gain_l6,0.060854164173993044,0.13512334089541334,0.02574658244848249,0.019510840125034637,True,0.023585091822338283,raw,0.05498891315563669,0.14291554987430571,0.05973808289657048,6,0.08443925599633133,NaiveDelayed,0.19011225405105003,0.1686621323227882,0.07924892302160512,actuator_gain,fc025a1f6ab9fdf644127a3000f4fa2244f35d77ef570ff282c34eafdba01260,2,figure8
actuator_gain_l6,0.05254770531808453,0.09571555793760753,0.027534557878971105,0.021553335718462643,True,0.023585091822338283,raw,0.05498891315563669,0.14291554987430571,0.05973808289657048,6,0.07613279714042281,NaiveDelayed,0.15070447109324422,0.17045010775327682,0.08129141861503313,actuator_gain,fc025a1f6ab9fdf644127a3000f4fa2244f35d77ef570ff282c34eafdba01260,3,figure8
actuator_gain_l6,0.07223089944449511,0.14636889645245751,0.023411297798156733,0.016995378393675806,True,0.023585091822338283,raw,0.05498891315563669,0.14291554987430571,0.05973808289657048,6,0.09581599126683339,NaiveDelayed,0.2013578096080942,0.16632684767246245,0.07673346129024629,actuator_gain,fc025a1f6ab9fdf644127a3000f4fa2244f35d77ef570ff282c34eafdba01260,4,figure8
actuator_gain_l6,-0.005948747172529113,-0.015816817873120136,-0.04394877478480341,-0.014528397581811972,True,0.023585091822338283,raw,0.05498891315563669,0.14291554987430571,0.05973808289657048,6,0.01763634464980917,VirtualDelayAware,0.039172095282516556,0.0989667750895023,0.04520968531475851,actuator_gain,fc025a1f6ab9fdf644127a3000f4fa2244f35d77ef570ff282c34eafdba01260,0,figure8
actuator_gain_l6,-0.005716894125310477,-0.015708036999965314,-0.04001124128699306,-0.014052511901478056,True,0.023585091822338283,raw,0.05498891315563669,0.14291554987430571,0.05973808289657048,6,0.017868197697027806,VirtualDelayAware,0.03928087615567138,0.10290430858731266,0.04568557099509243,actuator_gain,fc025a1f6ab9fdf644127a3000f4fa2244f35d77ef570ff282c34eafdba01260,1,figure8
actuator_gain_l6,-0.005932833860389522,-0.015918821813749984,-0.0365581512451172,-0.014880588881698423,True,0.023585091822338283,raw,0.05498891315563669,0.14291554987430571,0.05973808289657048,6,0.01765225796194876,VirtualDelayAware,0.03907009134188671,0.10635739862918851,0.04485749401487206,actuator_gain,fc025a1f6ab9fdf644127a3000f4fa2244f35d77ef570ff282c34eafdba01260,2,figure8
actuator_gain_l6,-0.005957943776851677,-0.01625140097716231,-0.037703258544206655,-0.014337499624237408,True,0.023585091822338283,raw,0.05498891315563669,0.14291554987430571,0.05973808289657048,6,0.017627148045486606,VirtualDelayAware,0.03873751217847438,0.10521229133009906,0.045400583272333074,actuator_gain,fc025a1f6ab9fdf644127a3000f4fa2244f35d77ef570ff282c34eafdba01260,3,figure8
actuator_gain_l6,-0.0067815905965860415,-0.01816563951375979,-0.04243452996015552,-0.01611758324511696,True,0.023585091822338283,raw,0.05498891315563669,0.14291554987430571,0.05973808289657048,6,0.016803501225752242,VirtualDelayAware,0.0368232736418769,0.10048101991415019,0.04362049965145352,actuator_gain,fc025a1f6ab9fdf644127a3000f4fa2244f35d77ef570ff282c34eafdba01260,4,figure8
actuator_gain_l6,-0.005784194250750614,-0.016043897956540328,-0.03509142249822626,-0.013473544336174884,True,0.023585091822338283,raw,0.05498891315563669,0.14291554987430571,0.05973808289657048,6,0.01780089757158767,ThreadedAsync,0.038945015199096364,0.10782412737607945,0.0462645385603956,actuator_gain,fc025a1f6ab9fdf644127a3000f4fa2244f35d77ef570ff282c34eafdba01260,0,figure8
actuator_gain_l6,-0.005374568265387611,-0.013714225299084212,-0.03276727199554447,-0.012403404259246312,True,0.023585091822338283,raw,0.05498891315563669,0.14291554987430571,0.05973808289657048,6,0.018210523556950672,ThreadedAsync,0.04127468785655248,0.11014827787876125,0.04733467863732417,actuator_gain,fc025a1f6ab9fdf644127a3000f4fa2244f35d77ef570ff282c34eafdba01260,1,figure8
actuator_gain_l6,-0.006741184251256218,-0.018707721932894994,-0.045723844319582,-0.01618728308368897,True,0.023585091822338283,raw,0.05498891315563669,0.14291554987430571,0.05973808289657048,6,0.016843907571082065,ThreadedAsync,0.0362811912227417,0.09719170555472371,0.04355079981288151,actuator_gain,fc025a1f6ab9fdf644127a3000f4fa2244f35d77ef570ff282c34eafdba01260,2,figure8
actuator_gain_l6,-0.005257742332914726,-0.014811553021100148,-0.033744700253009866,-0.012614043065370506,True,0.023585091822338283,raw,0.05498891315563669,0.14291554987430571,0.05973808289657048,6,0.018327349489423557,ThreadedAsync,0.040177360134536544,0.10917084962129585,0.047124039831199976,actuator_gain,fc025a1f6ab9fdf644127a3000f4fa2244f35d77ef570ff282c34eafdba01260,3,figure8
actuator_gain_l6,-0.0058066791258189095,-0.01651826422671534,-0.03859028741717341,-0.01391403646862175,True,0.023585091822338283,raw,0.05498891315563669,0.14291554987430571,0.05973808289657048,6,0.017778412696519374,ThreadedAsync,0.03847064892892135,0.1043252624571323,0.04582404642794873,actuator_gain,fc025a1f6ab9fdf644127a3000f4fa2244f35d77ef570ff282c34eafdba01260,4,figure8
force_pulse_l3,-0.003305576888679133,-0.009907501936976693,-0.03294875361025338,-0.010947727819508552,True,0.014171184501574065,raw,0.0335486779102485,0.08892749473452564,0.03776539576053101,3,0.010865607612894932,IdealZeroDelay,0.023641175973271807,0.055978741124272265,0.02681766794102246,force_pulse,fc025a1f6ab9fdf644127a3000f4fa2244f35d77ef570ff282c34eafdba01260,0,figure8
force_pulse_l3,-0.0036274235566124535,-0.010367709663504872,-0.03121194057166573,-0.011270422367943417,True,0.014171184501574065,raw,0.0335486779102485,0.08892749473452564,0.03776539576053101,3,0.010543760944961612,IdealZeroDelay,0.02318096824674363,0.057715554162859915,0.026494973392587596,force_pulse,fc025a1f6ab9fdf644127a3000f4fa2244f35d77ef570ff282c34eafdba01260,1,figure8
force_pulse_l3,-0.003694045770188774,-0.012313206107597823,-0.035767413675785044,-0.01265526754163896,True,0.014171184501574065,raw,0.0335486779102485,0.08892749473452564,0.03776539576053101,3,0.010477138731385291,IdealZeroDelay,0.021235471802650677,0.0531600810587406,0.025110128218892053,force_pulse,fc025a1f6ab9fdf644127a3000f4fa2244f35d77ef570ff282c34eafdba01260,2,figure8
force_pulse_l3,-0.0036576036143496447,-0.011039424965597327,-0.03454132787883286,-0.011815562746390802,True,0.014171184501574065,raw,0.0335486779102485,0.08892749473452564,0.03776539576053101,3,0.01051358088722442,IdealZeroDelay,0.022509252944651174,0.05438616685569279,0.025949833014140212,force_pulse,fc025a1f6ab9fdf644127a3000f4fa2244f35d77ef570ff282c34eafdba01260,3,figure8
force_pulse_l3,-0.0028817562963610426,-0.01068187420795787,-0.03418022356927395,-0.011616245270084351,True,0.014171184501574065,raw,0.0335486779102485,0.08892749473452564,0.03776539576053101,3,0.011289428205213023,IdealZeroDelay,0.02286680370229063,0.054747271165251694,0.026149150490446662,force_pulse,fc025a1f6ab9fdf644127a3000f4fa2244f35d77ef570ff282c34eafdba01260,4,figure8
force_pulse_l3,0.06654363416652843,0.14113492680572465,0.02745860964059829,0.018142478249974593,True,0.014171184501574065,raw,0.0335486779102485,0.08892749473452564,0.03776539576053101,3,0.0807148186681025,NaiveDelayed,0.17468360471597316,0.11638610437512394,0.05590787401050561,force_pulse,fc025a1f6ab9fdf644127a3000f4fa2244f35d77ef570ff282c34eafdba01260,0,figure8
force_pulse_l3,0.07876013161102724,0.17049207374083858,0.0660120956599712,0.03506102196045604,True,0.014171184501574065,raw,0.0335486779102485,0.08892749473452564,0.03776539576053101,3,0.0929313161126013,NaiveDelayed,0.2040407516510871,0.15493959039449684,0.07282641772098705,force_pulse,fc025a1f6ab9fdf644127a3000f4fa2244f35d77ef570ff282c34eafdba01260,1,figure8
force_pulse_l3,0.08530839281285447,0.2002417622413708,0.05111760720610613,0.027513593171701413,True,0.014171184501574065,raw,0.0335486779102485,0.08892749473452564,0.03776539576053101,3,0.09947957731442854,NaiveDelayed,0.2337904401516193,0.14004510194063177,0.06527898893223243,force_pulse,fc025a1f6ab9fdf644127a3000f4fa2244f35d77ef570ff282c34eafdba01260,2,figure8
force_pulse_l3,0.06989902424972098,0.15925362961092615,0.03372309654951097,0.022481540832654842,True,0.014171184501574065,raw,0.0335486779102485,0.08892749473452564,0.03776539576053101,3,0.08407020875129505,NaiveDelayed,0.19280230752117467,0.12265059128403662,0.060246936593185856,force_pulse,fc025a1f6ab9fdf644127a3000f4fa2244f35d77ef570ff282c34eafdba01260,3,figure8
force_pulse_l3,0.07720617816027903,0.17080842224030823,0.05514541491866114,0.030996814808921642,True,0.014171184501574065,raw,0.0335486779102485,0.08892749473452564,0.03776539576053101,3,0.09137736266185309,NaiveDelayed,0.20435710015055675,0.14407290965318678,0.06876221056945266,force_pulse,fc025a1f6ab9fdf644127a3000f4fa2244f35d77ef570ff282c34eafdba01260,4,figure8
force_pulse_l3,-0.003371949826528702,-0.009839322332586192,-0.03201366513967511,-0.010851343081278712,True,0.014171184501574065,raw,0.0335486779102485,0.08892749473452564,0.03776539576053101,3,0.010799234675045363,VirtualDelayAware,0.02370935557766231,0.056913829594850536,0.0269140526792523,force_pulse,fc025a1f6ab9fdf644127a3000f4fa2244f35d77ef570ff282c34eafdba01260,0,figure8
force_pulse_l3,-0.0003918336149167055,-0.004281648093970174,-0.03137630410492419,-0.007007525766050841,True,0.014171184501574065,raw,0.0335486779102485,0.08892749473452564,0.03776539576053101,3,0.01377935088665736,VirtualDelayAware,0.029267029816278326,0.057551190629601456,0.030757869994480172,force_pulse,fc025a1f6ab9fdf644127a3000f4fa2244f35d77ef570ff282c34eafdba01260,1,figure8
force_pulse_l3,-0.0038214438534902723,-0.01023360126544412,-0.03974050469696518,-0.012063930370099417,True,0.014171184501574065,raw,0.0335486779102485,0.08892749473452564,0.03776539576053101,3,0.010349740648083793,VirtualDelayAware,0.02331507664480438,0.04918699003756046,0.025701465390431597,force_pulse,fc025a1f6ab9fdf644127a3000f4fa2244f35d77ef570ff282c34eafdba01260,2,figure8
force_pulse_l3,-0.003095692364320328,-0.009274855771069644,-0.02543327659368516,-0.01061599477368004,True,0.014171184501574065,raw,0.0335486779102485,0.08892749473452564,0.03776539576053101,3,0.011075492137253737,VirtualDelayAware,0.024273822139178856,0.06349421814084048,0.027149400986850973,force_pulse,fc025a1f6ab9fdf644127a3000f4fa2244f35d77ef570ff282c34eafdba01260,3,figure8
force_pulse_l3,-0.003160733869062614,-0.008979323452801249,-0.03594027571380135,-0.010597875015160588,True,0.014171184501574065,raw,0.0335486779102485,0.08892749473452564,0.03776539576053101,3,0.011010450632511451,VirtualDelayAware,0.024569354457447252,0.05298721902072429,0.027167520745370426,force_pulse,fc025a1f6ab9fdf644127a3000f4fa2244f35d77ef570ff282c34eafdba01260,4,figure8
force_pulse_l3,-0.002316561061432222,-0.007598662307105094,-0.02480517029762265,-0.007931548410594135,True,0.014171184501574065,raw,0.0335486779102485,0.08892749473452564,0.03776539576053101,3,0.011854623440141843,ThreadedAsync,0.025950015603143407,0.064122324436903,0.029833847349936878,force_pulse,fc025a1f6ab9fdf644127a3000f4fa2244f35d77ef570ff282c34eafdba01260,0,figure8
force_pulse_l3,-0.0035565425676852315,-0.010611463676901883,-0.029010771587491067,-0.011112782100457849,True,0.014171184501574065,raw,0.0335486779102485,0.08892749473452564,0.03776539576053101,3,0.010614641933888834,ThreadedAsync,0.022937214233346617,0.05991672314703458,0.026652613660073165,force_pulse,fc025a1f6ab9fdf644127a3000f4fa2244f35d77ef570ff282c34eafdba01260,1,figure8
force_pulse_l3,-0.001600491715114406,-0.004417336847104374,-0.021969432383775717,-0.006642923403833309,True,0.014171184501574065,raw,0.0335486779102485,0.08892749473452564,0.03776539576053101,3,0.01257069278645966,ThreadedAsync,0.029131341063144127,0.06695806235074993,0.031122472356697704,force_pulse,fc025a1f6ab9fdf644127a3000f4fa2244f35d77ef570ff282c34eafdba01260,2,figure8
force_pulse_l3,-0.004044355830129964,-0.011491373247705172,-0.03614569492638108,-0.012421108391032915,True,0.014171184501574065,raw,0.0335486779102485,0.08892749473452564,0.03776539576053101,3,0.010126828671444101,ThreadedAsync,0.02205730466254333,0.05278179980814456,0.0253442873694981,force_pulse,fc025a1f6ab9fdf644127a3000f4fa2244f35d77ef570ff282c34eafdba01260,3,figure8
force_pulse_l3,-0.0034316528125740396,-0.01052790234515558,-0.028698585182428384,-0.011044394025037818,True,0.014171184501574065,raw,0.0335486779102485,0.08892749473452564,0.03776539576053101,3,0.010739531689000026,ThreadedAsync,0.02302077556509292,0.06022890955209726,0.026721001735493195,force_pulse,fc025a1f6ab9fdf644127a3000f4fa2244f35d77ef570ff282c34eafdba01260,4,figure8
force_pulse_l6,-0.0020120951256700423,-0.007230122520864076,-0.02783409431576722,-0.007544208215327669,True,0.014778052984760155,raw,0.035455569776402455,0.09221742153167717,0.039340519676551416,6,0.012765957859090113,IdealZeroDelay,0.02822544725553838,0.06438332721590995,0.03179631146122375,force_pulse,fc025a1f6ab9fdf644127a3000f4fa2244f35d77ef570ff282c34eafdba01260,0,figure8
force_pulse_l6,-0.003701346221726541,-0.011320030515738821,-0.034948619082570034,-0.012112248404837773,True,0.014778052984760155,raw,0.035455569776402455,0.09221742153167717,0.039340519676551416,6,0.011076706763033614,IdealZeroDelay,0.024135539260663634,0.057268802449107134,0.027228271271713643,force_pulse,fc025a1f6ab9fdf644127a3000f4fa2244f35d77ef570ff282c34eafdba01260,1,figure8
force_pulse_l6,-0.0033583494351872023,-0.011664130215535588,-0.03318665102124207,-0.011670246871794878,True,0.014778052984760155,raw,0.035455569776402455,0.09221742153167717,0.039340519676551416,6,0.011419703549572953,IdealZeroDelay,0.023791439560866868,0.0590307705104351,0.02767027280475654,force_pulse,fc025a1f6ab9fdf644127a3000f4fa2244f35d77ef570ff282c34eafdba01260,2,figure8
force_pulse_l6,-0.003282522100045952,-0.01038694530749628,-0.03706807978451246,-0.011048662593810106,True,0.014778052984760155,raw,0.035455569776402455,0.09221742153167717,0.039340519676551416,6,0.011495530884714203,IdealZeroDelay,0.025068624468906175,0.05514934174716471,0.02829185708274131,force_pulse,fc025a1f6ab9fdf644127a3000f4fa2244f35d77ef570ff282c34eafdba01260,3,figure8
force_pulse_l6,-0.0035898930571728795,-0.011363662310382234,-0.03602990619838231,-0.011998530567271883,True,0.014778052984760155,raw,0.035455569776402455,0.09221742153167717,0.039340519676551416,6,0.011188159927587276,IdealZeroDelay,0.02409190746602022,0.05618751533329486,0.027341989109279534,force_pulse,fc025a1f6ab9fdf644127a3000f4fa2244f35d77ef570ff282c34eafdba01260,4,figure8
force_pulse_l6,0.06649198074598925,0.14003936893956875,0.030723332613706536,0.01904300587062932,True,0.014778052984760155,raw,0.035455569776402455,0.09221742153167717,0.039340519676551416,6,0.08127003373074941,NaiveDelayed,0.17549493871597122,0.1229407541453837,0.05838352554718074,force_pulse,fc025a1f6ab9fdf644127a3000f4fa2244f35d77ef570ff282c34eafdba01260,0,figure8
force_pulse_l6,0.08167213429149311,0.17694005736858698,0.050122731924057085,0.027193284372184517,True,0.014778052984760155,raw,0.035455569776402455,0.09221742153167717,0.039340519676551416,6,0.09645018727625326,NaiveDelayed,0.21239562714498944,0.14234015345573425,0.06653380404873593,force_pulse,fc025a1f6ab9fdf644127a3000f4fa2244f35d77ef570ff282c34eafdba01260,1,figure8
force_pulse_l6,0.0784672464900556,0.17806119522346708,0.038473975658416815,0.027918085534538964,True,0.014778052984760155,raw,0.035455569776402455,0.09221742153167717,0.039340519676551416,6,0.09324529947481576,NaiveDelayed,0.21351676499986955,0.13069139719009398,0.06725860521109038,force_pulse,fc025a1f6ab9fdf644127a3000f4fa2244f35d77ef570ff282c34eafdba01260,2,figure8
force_pulse_l6,0.0529356940800182,0.12211049250375464,0.04039316326379783,0.026653330247129237,True,0.014778052984760155,raw,0.035455569776402455,0.09221742153167717,0.039340519676551416,6,0.06771374706477835,NaiveDelayed,0.1575660622801571,0.132610584795475,0.06599384992368065,force_pulse,fc025a1f6ab9fdf644127a3000f4fa2244f35d77ef570ff282c34eafdba01260,3,figure8
force_pulse_l6,0.0703432104280931,0.15003904527869277,0.04722523689270025,0.02917230320236823,True,0.014778052984760155,raw,0.035455569776402455,0.09221742153167717,0.039340519676551416,6,0.08512126341285325,NaiveDelayed,0.18549461505509524,0.13944265842437742,0.06851282287891965,force_pulse,fc025a1f6ab9fdf644127a3000f4fa2244f35d77ef570ff282c34eafdba01260,4,figure8
force_pulse_l6,-0.0032448322445386233,-0.010337768175998522,-0.030464595556259078,-0.011006343573628036,True,0.014778052984760155,raw,0.035455569776402455,0.09221742153167717,0.039340519676551416,6,0.011533220740221532,VirtualDelayAware,0.025117801600403934,0.06175282597541809,0.02833417610292338,force_pulse,fc025a1f6ab9fdf644127a3000f4fa2244f35d77ef570ff282c34eafdba01260,0,figure8
force_pulse_l6,-0.0011029511202906607,-0.005501931406258469,-0.03154224008321756,-0.007757599759797118,True,0.014778052984760155,raw,0.035455569776402455,0.09221742153167717,0.039340519676551416,6,0.013675101864469495,VirtualDelayAware,0.029953638370143986,0.06067518144845961,0.0315829199167543,force_pulse,fc025a1f6ab9fdf644127a3000f4fa2244f35d77ef570ff282c34eafdba01260,1,figure8
force_pulse_l6,-0.004003897441785644,-0.010720591576131536,-0.03770408593118183,-0.012436525603219142,True,0.014778052984760155,raw,0.035455569776402455,0.09221742153167717,0.039340519676551416,6,0.010774155542974511,VirtualDelayAware,0.02473497820027092,0.05451333560049534,0.026903994073332275,force_pulse,fc025a1f6ab9fdf644127a3000f4fa2244f35d77ef570ff282c34eafdba01260,2,figure8
force_pulse_l6,-0.0032415693722718953,-0.009601887112855822,-0.02690158486366266,-0.010406960832760485,True,0.014778052984760155,raw,0.035455569776402455,0.09221742153167717,0.039340519676551416,6,0.01153648361248826,VirtualDelayAware,0.025853682663546634,0.0653158366680145,0.02893355884379093,force_pulse,fc025a1f6ab9fdf644127a3000f4fa2244f35d77ef570ff282c34eafdba01260,3,figure8
force_pulse_l6,-0.0028109665275751674,-0.008551038013745814,-0.034277156740427,-0.009898236392574946,True,0.014778052984760155,raw,0.035455569776402455,0.09221742153167717,0.039340519676551416,6,0.011967086457184988,VirtualDelayAware,0.02690453176265664,0.05794026479125017,0.02944228328397647,force_pulse,fc025a1f6ab9fdf644127a3000f4fa2244f35d77ef570ff282c34eafdba01260,4,figure8
force_pulse_l6,-0.0037861038552137894,-0.011545251322116524,-0.03325762525200837,-0.012142239957258664,True,0.014778052984760155,raw,0.035455569776402455,0.09221742153167717,0.039340519676551416,6,0.010991949129546366,ThreadedAsync,0.02391031845428593,0.0589597962796688,0.027198279719292753,force_pulse,fc025a1f6ab9fdf644127a3000f4fa2244f35d77ef570ff282c34eafdba01260,0,figure8
force_pulse_l6,-0.003403153856199199,-0.009494038010478052,-0.03271135427057738,-0.011044793527210068,True,0.014778052984760155,raw,0.035455569776402455,0.09221742153167717,0.039340519676551416,6,0.011374899128560956,ThreadedAsync,0.025961531765924403,0.05950606726109979,0.02829572614934135,force_pulse,fc025a1f6ab9fdf644127a3000f4fa2244f35d77ef570ff282c34eafdba01260,1,figure8
force_pulse_l6,-0.003367037478737874,-0.010884210973526959,-0.03194756582379338,-0.010542553278857648,True,0.014778052984760155,raw,0.035455569776402455,0.09221742153167717,0.039340519676551416,6,0.011411015506022281,ThreadedAsync,0.024571358802875497,0.06026985570788379,0.028797966397693768,force_pulse,fc025a1f6ab9fdf644127a3000f4fa2244f35d77ef570ff282c34eafdba01260,2,figure8
force_pulse_l6,-0.0029986828969373602,-0.009557407377286206,-0.03138879314064973,-0.010563961505143056,True,0.014778052984760155,raw,0.035455569776402455,0.09221742153167717,0.039340519676551416,6,0.011779370087822795,ThreadedAsync,0.02589816239911625,0.060828628391027435,0.02877655817140836,force_pulse,fc025a1f6ab9fdf644127a3000f4fa2244f35d77ef570ff282c34eafdba01260,3,figure8
force_pulse_l6,-0.0034586525416367194,-0.010703102750234353,-0.03062136955559249,-0.010985564234705508,True,0.014778052984760155,raw,0.035455569776402455,0.09221742153167717,0.039340519676551416,6,0.011319400443123436,ThreadedAsync,0.024752467026168103,0.06159605197608468,0.028354955441845908,force_pulse,fc025a1f6ab9fdf644127a3000f4fa2244f35d77ef570ff282c34eafdba01260,4,figure8
nominal,-0.0031397473509389394,-0.009668596093105847,-0.03718886189162729,-0.011303488914798255,True,0.014267588990709004,raw,0.03357206893664515,0.08892749473452564,0.03801603391284657,0,0.011127841639770064,IdealZeroDelay,0.0239034728435393,0.051738632842898355,0.026712544998048312,nominal,fc025a1f6ab9fdf644127a3000f4fa2244f35d77ef570ff282c34eafdba01260,0,figure8
nominal,-0.003732257286962623,-0.010363261990797203,-0.03190603405237196,-0.012044115453922595,True,0.014267588990709004,raw,0.03357206893664515,0.08892749473452564,0.03801603391284657,0,0.01053533170374638,IdealZeroDelay,0.023208806945847944,0.057021460682153684,0.025971918458923972,nominal,fc025a1f6ab9fdf644127a3000f4fa2244f35d77ef570ff282c34eafdba01260,1,figure8
nominal,-0.004146297108245243,-0.012841584404373795,-0.03850373923778533,-0.013712226146459987,True,0.014267588990709004,raw,0.03357206893664515,0.08892749473452564,0.03801603391284657,0,0.010121291882463761,IdealZeroDelay,0.020730484532271352,0.050423755496740316,0.02430380776638658,nominal,fc025a1f6ab9fdf644127a3000f4fa2244f35d77ef570ff282c34eafdba01260,2,figure8
nominal,-0.0035206260454642493,-0.011057985663531781,-0.03460889384150513,-0.011701215983859915,True,0.014267588990709004,raw,0.03357206893664515,0.08892749473452564,0.03801603391284657,0,0.010746962945244755,IdealZeroDelay,0.022514083273113366,0.05431860089302051,0.026314817928986652,nominal,fc025a1f6ab9fdf644127a3000f4fa2244f35d77ef570ff282c34eafdba01260,3,figure8
nominal,-0.0007161965907490995,-0.005097345547435534,-0.02602550983428953,-0.007284346412000153,True,0.014267588990709004,raw,0.03357206893664515,0.08892749473452564,0.03801603391284657,0,0.013551392399959904,IdealZeroDelay,0.028474723389209613,0.06290198490023612,0.030731687500846414,nominal,fc025a1f6ab9fdf644127a3000f4fa2244f35d77ef570ff282c34eafdba01260,4,figure8
nominal,0.06251777944657382,0.12901691961094813,0.028496865928173062,0.019814155169394373,True,0.014267588990709004,raw,0.03357206893664515,0.08892749473452564,0.03801603391284657,0,0.07678536843728281,NaiveDelayed,0.16258898854759327,0.1174243606626987,0.05783018908224094,nominal,fc025a1f6ab9fdf644127a3000f4fa2244f35d77ef570ff282c34eafdba01260,0,figure8
nominal,0.07370741762828072,0.15443009165070615,0.06270434334874155,0.03303283961694764,True,0.014267588990709004,raw,0.03357206893664515,0.08892749473452564,0.03801603391284657,0,0.08797500661898972,NaiveDelayed,0.1880021605873513,0.1516318380832672,0.07104887352979421,nominal,fc025a1f6ab9fdf644127a3000f4fa2244f35d77ef570ff282c34eafdba01260,1,figure8
nominal,0.08368820196865455,0.199375165962561,0.048048486560582984,0.026165015763780983,True,0.014267588990709004,raw,0.03357206893664515,0.08892749473452564,0.03801603391284657,0,0.09795579095936355,NaiveDelayed,0.23294723489920616,0.13697598129510863,0.06418104967662755,nominal,fc025a1f6ab9fdf644127a3000f4fa2244f35d77ef570ff282c34eafdba01260,2,figure8
nominal,0.0688969477151124,0.15808640127288504,0.03544686436653141,0.022040379118998407,True,0.014267588990709004,raw,0.03357206893664515,0.08892749473452564,0.03801603391284657,0,0.0831645367058214,NaiveDelayed,0.1916584702095302,0.12437435910105706,0.060056413031844974,nominal,fc025a1f6ab9fdf644127a3000f4fa2244f35d77ef570ff282c34eafdba01260,3,figure8
nominal,0.07398858733333633,0.17391822952930824,0.05665378198027608,0.02991429919900207,True,0.014267588990709004,raw,0.03357206893664515,0.08892749473452564,0.03801603391284657,0,0.08825617632404532,NaiveDelayed,0.2074902984659534,0.14558127671480173,0.06793033311184864,nominal,fc025a1f6ab9fdf644127a3000f4fa2244f35d77ef570ff282c34eafdba01260,4,figure8
nominal,-0.0026112270388912884,-0.009178551940825088,-0.030222013592720004,-0.010263758186216096,True,0.014267588990709004,raw,0.03357206893664515,0.08892749473452564,0.03801603391284657,0,0.011656361951817715,VirtualDelayAware,0.02439351699582006,0.05870548114180564,0.02775227572663047,nominal,fc025a1f6ab9fdf644127a3000f4fa2244f35d77ef570ff282c34eafdba01260,0,figure8
nominal,-0.0031909143862177258,-0.01065668442291489,-0.03529776260256764,-0.011568256909254643,True,0.014267588990709004,raw,0.03357206893664515,0.08892749473452564,0.03801603391284657,0,0.011076674604491278,VirtualDelayAware,0.022915384513730257,0.053629732131958006,0.026447777003591924,nominal,fc025a1f6ab9fdf644127a3000f4fa2244f35d77ef570ff282c34eafdba01260,1,figure8
nominal,-0.0033837132199403784,-0.00886243744660492,-0.03484346158802506,-0.011181270216623095,True,0.014267588990709004,raw,0.03357206893664515,0.08892749473452564,0.03801603391284657,0,0.010883875770768625,VirtualDelayAware,0.024709631490040226,0.054084033146500586,0.026834763696223472,nominal,fc025a1f6ab9fdf644127a3000f4fa2244f35d77ef570ff282c34eafdba01260,2,figure8
nominal,-0.0033247627599250103,-0.00976268541702334,-0.029644345864653573,-0.010676313542747479,True,0.014267588990709004,raw,0.03357206893664515,0.08892749473452564,0.03801603391284657,0,0.010942826230783994,VirtualDelayAware,0.023809383519621807,0.05928314886987207,0.027339720370099088,nominal,fc025a1f6ab9fdf644127a3000f4fa2244f35d77ef570ff282c34eafdba01260,3,figure8
nominal,-0.0035450752288890986,-0.009741075536274145,-0.037348319217562695,-0.011220158634292727,True,0.014267588990709004,raw,0.03357206893664515,0.08892749473452564,0.03801603391284657,0,0.010722513761819905,VirtualDelayAware,0.023830993400371002,0.05157917551696295,0.02679587527855384,nominal,fc025a1f6ab9fdf644127a3000f4fa2244f35d77ef570ff282c34eafdba01260,4,figure8
nominal,-0.0037469236723734548,-0.01107465451419581,-0.03665970861911771,-0.012042163147823574,True,0.014267588990709004,raw,0.03357206893664515,0.08892749473452564,0.03801603391284657,0,0.010520665318335549,ThreadedAsync,0.022497414422449336,0.05226778611540794,0.025973870765022992,nominal,fc025a1f6ab9fdf644127a3000f4fa2244f35d77ef570ff282c34eafdba01260,0,figure8
nominal,-0.003692813945279509,-0.011122265936701813,-0.034385319054126715,-0.011908778851965028,True,0.014267588990709004,raw,0.03357206893664515,0.08892749473452564,0.03801603391284657,0,0.010574775045429495,ThreadedAsync,0.022449802999943334,0.05454217568039893,0.02610725506088154,nominal,fc025a1f6ab9fdf644127a3000f4fa2244f35d77ef570ff282c34eafdba01260,1,figure8
nominal,-0.0038509802507652666,-0.010076348237773303,-0.032865517958998725,-0.011895928111467398,True,0.014267588990709004,raw,0.03357206893664515,0.08892749473452564,0.03801603391284657,0,0.010416608739943737,ThreadedAsync,0.023495720698871844,0.05606197677552692,0.02612010580137917,nominal,fc025a1f6ab9fdf644127a3000f4fa2244f35d77ef570ff282c34eafdba01260,2,figure8
nominal,0.001963862581599732,0.00039848139465509247,-0.02390808090567588,-0.0030956593493544488,True,0.014267588990709004,raw,0.03357206893664515,0.08892749473452564,0.03801603391284657,0,0.016231451572308736,ThreadedAsync,0.03397055033130024,0.06501941382884976,0.03492037456349212,nominal,fc025a1f6ab9fdf644127a3000f4fa2244f35d77ef570ff282c34eafdba01260,3,figure8
nominal,-0.003182877674317495,-0.00963948258609611,-0.03138089552521702,-0.010336317245306221,True,0.014267588990709004,raw,0.03357206893664515,0.08892749473452564,0.03801603391284657,0,0.011084711316391509,ThreadedAsync,0.023932586350549036,0.05754659920930862,0.027679716667540346,nominal,fc025a1f6ab9fdf644127a3000f4fa2244f35d77ef570ff282c34eafdba01260,4,figure8
observation_noise_l3,-0.002957838407719333,-0.008774591967540997,-0.032646031677722905,-0.009582436125375023,True,0.014267588990709004,raw,0.03357206893664515,0.08892749473452564,0.03801603391284657,3,0.01130975058298967,IdealZeroDelay,0.02479747696910415,0.05628146305680274,0.028433597787471544,observation_noise,fc025a1f6ab9fdf644127a3000f4fa2244f35d77ef570ff282c34eafdba01260,0,figure8
observation_noise_l3,-0.004256142235022737,-0.012742559271247737,-0.043554895743727666,-0.014186894839140977,True,0.014267588990709004,raw,0.03357206893664515,0.08892749473452564,0.03801603391284657,3,0.010011446755686267,IdealZeroDelay,0.02082950966539741,0.04537259899079798,0.02382913907370559,observation_noise,fc025a1f6ab9fdf644127a3000f4fa2244f35d77ef570ff282c34eafdba01260,1,figure8
observation_noise_l3,-0.0024236904243324694,-0.008724884191730634,-0.038560403138399105,-0.010167226670783878,True,0.014267588990709004,raw,0.03357206893664515,0.08892749473452564,0.03801603391284657,3,0.011843898566376534,IdealZeroDelay,0.024847184744914513,0.05036709159612654,0.02784880724206269,observation_noise,fc025a1f6ab9fdf644127a3000f4fa2244f35d77ef570ff282c34eafdba01260,2,figure8
observation_noise_l3,-0.003757886024828655,-0.012523666801287244,-0.03860874958336356,-0.013085943016393937,True,0.014267588990709004,raw,0.03357206893664515,0.08892749473452564,0.03801603391284657,3,0.010509702965880349,IdealZeroDelay,0.021048402135357903,0.05031874515116209,0.02493009089645263,observation_noise,fc025a1f6ab9fdf644127a3000f4fa2244f35d77ef570ff282c34eafdba01260,3,figure8
observation_noise_l3,-0.0046020476549211604,-0.012174519098602305,-0.032971182838082286,-0.01354634193148246,True,0.014267588990709004,raw,0.03357206893664515,0.08892749473452564,0.03801603391284657,3,0.009665541335787843,IdealZeroDelay,0.021397549838042842,0.05595631189644336,0.024469691981364106,observation_noise,fc025a1f6ab9fdf644127a3000f4fa2244f35d77ef570ff282c34eafdba01260,4,figure8
observation_noise_l3,0.08351850085142028,0.19517828639238038,0.049515997618436766,0.023486963555345547,True,0.014267588990709004,raw,0.03357206893664515,0.08892749473452564,0.03801603391284657,3,0.09778608984212928,NaiveDelayed,0.22875035532902555,0.1384434923529624,0.061502997468192114,observation_noise,fc025a1f6ab9fdf644127a3000f4fa2244f35d77ef570ff282c34eafdba01260,0,figure8
observation_noise_l3,0.08045690332597794,0.1578089574068791,0.0763511784374714,0.03501538686887937,True,0.014267588990709004,raw,0.03357206893664515,0.08892749473452564,0.03801603391284657,3,0.09472449231668693,NaiveDelayed,0.19138102634352427,0.16527867317199704,0.07303142078172593,observation_noise,fc025a1f6ab9fdf644127a3000f4fa2244f35d77ef570ff282c34eafdba01260,1,figure8
observation_noise_l3,0.05635249818951401,0.12811466110390957,0.04837165549397461,0.02465717836922271,True,0.014267588990709004,raw,0.03357206893664515,0.08892749473452564,0.03801603391284657,3,0.07062008718022302,NaiveDelayed,0.16168673004055473,0.13729915022850026,0.06267321228206928,observation_noise,fc025a1f6ab9fdf644127a3000f4fa2244f35d77ef570ff282c34eafdba01260,2,figure8
observation_noise_l3,0.062132419399097284,0.12576716152353346,0.05688673183321953,0.025114870479585646,True,0.014267588990709004,raw,0.03357206893664515,0.08892749473452564,0.03801603391284657,3,0.07640000838980629,NaiveDelayed,0.15933923046017862,0.14581422656774518,0.06313090439243221,observation_noise,fc025a1f6ab9fdf644127a3000f4fa2244f35d77ef570ff282c34eafdba01260,3,figure8
observation_noise_l3,0.07164190245254236,0.1687194968429977,0.044164071232080396,0.027554716379480176,True,0.014267588990709004,raw,0.03357206893664515,0.08892749473452564,0.03801603391284657,3,0.08590949144325136,NaiveDelayed,0.20229156577964283,0.13309156596660604,0.06557075029232674,observation_noise,fc025a1f6ab9fdf644127a3000f4fa2244f35d77ef570ff282c34eafdba01260,4,figure8
observation_noise_l3,-0.0033675425462584598,-0.009208880300817943,-0.0318676687777042,-0.01114263108108263,True,0.014267588990709004,raw,0.03357206893664515,0.08892749473452564,0.03801603391284657,3,0.010900046444450544,VirtualDelayAware,0.024363188635827204,0.05705982595682144,0.026873402831763937,observation_noise,fc025a1f6ab9fdf644127a3000f4fa2244f35d77ef570ff282c34eafdba01260,0,figure8
observation_noise_l3,-0.0030058535792742754,-0.00866781010729081,-0.035798108950257305,-0.011323270129740843,True,0.014267588990709004,raw,0.03357206893664515,0.08892749473452564,0.03801603391284657,3,0.011261735411434728,VirtualDelayAware,0.024904258829354337,0.05312938578426834,0.026692763783105724,observation_noise,fc025a1f6ab9fdf644127a3000f4fa2244f35d77ef570ff282c34eafdba01260,1,figure8
observation_noise_l3,-0.0016770088317255676,-0.0054840156324088805,-0.03264810666441918,-0.008041494123764398,True,0.014267588990709004,raw,0.03357206893664515,0.08892749473452564,0.03801603391284657,3,0.012590580158983436,VirtualDelayAware,0.028088053304236266,0.05627938807010646,0.02997453978908217,observation_noise,fc025a1f6ab9fdf644127a3000f4fa2244f35d77ef570ff282c34eafdba01260,2,figure8
observation_noise_l3,-0.001968416197687289,-0.007626111651284684,-0.03724984042346475,-0.009857797433851154,True,0.014267588990709004,raw,0.03357206893664515,0.08892749473452564,0.03801603391284657,3,0.012299172793021715,VirtualDelayAware,0.025945957285360463,0.051677654311060896,0.028158236478995412,observation_noise,fc025a1f6ab9fdf644127a3000f4fa2244f35d77ef570ff282c34eafdba01260,3,figure8
observation_noise_l3,-0.0032183763952935273,-0.009495195440905296,-0.03356546610593797,-0.011126560629253358,True,0.014267588990709004,raw,0.03357206893664515,0.08892749473452564,0.03801603391284657,3,0.011049212595415477,VirtualDelayAware,0.02407687349573985,0.055362028628587676,0.02688947328359321,observation_noise,fc025a1f6ab9fdf644127a3000f4fa2244f35d77ef570ff282c34eafdba01260,4,figure8
observation_noise_l3,-0.003039857756497368,-0.008292646572119436,-0.028317378461360933,-0.0097601402482119,True,0.014267588990709004,raw,0.03357206893664515,0.08892749473452564,0.03801603391284657,3,0.011227731234211636,ThreadedAsync,0.02527942236452571,0.06061011627316471,0.028255893664634667,observation_noise,fc025a1f6ab9fdf644127a3000f4fa2244f35d77ef570ff282c34eafdba01260,0,figure8
observation_noise_l3,-0.0020195666104035996,-0.007241940288607196,-0.03168013878166672,-0.009150416917731781,True,0.014267588990709004,raw,0.03357206893664515,0.08892749473452564,0.03801603391284657,3,0.012248022380305404,ThreadedAsync,0.02633012864803795,0.057247355952858923,0.028865616995114786,observation_noise,fc025a1f6ab9fdf644127a3000f4fa2244f35d77ef570ff282c34eafdba01260,1,figure8
observation_noise_l3,-0.0019811680318407854,-0.006607989567191597,-0.02703010849654674,-0.00797437319561561,True,0.014267588990709004,raw,0.03357206893664515,0.08892749473452564,0.03801603391284657,3,0.012286420958868218,ThreadedAsync,0.02696407936945355,0.061897386237978906,0.030041660717230956,observation_noise,fc025a1f6ab9fdf644127a3000f4fa2244f35d77ef570ff282c34eafdba01260,2,figure8
observation_noise_l3,-0.0024060875450071535,-0.006624431311997747,-0.025265046209096975,-0.00796914782208626,True,0.014267588990709004,raw,0.03357206893664515,0.08892749473452564,0.03801603391284657,3,0.01186150144570185,ThreadedAsync,0.0269476376246474,0.06366244852542867,0.030046886090760307,observation_noise,fc025a1f6ab9fdf644127a3000f4fa2244f35d77ef570ff282c34eafdba01260,3,figure8
observation_noise_l3,-0.0016149956732491293,-0.005546081049699114,-0.0259237058460713,-0.007764429590637719,True,0.014267588990709004,raw,0.03357206893664515,0.08892749473452564,0.03801603391284657,3,0.012652593317459875,ThreadedAsync,0.028025987886946033,0.06300378888845434,0.030251604322208848,observation_noise,fc025a1f6ab9fdf644127a3000f4fa2244f35d77ef570ff282c34eafdba01260,4,figure8
observation_noise_l6,0.006117287795848801,0.009706848808981441,-0.007122422754764837,0.007255107565759943,True,0.014267588990709004,raw,0.03357206893664515,0.08892749473452564,0.03801603391284657,6,0.020384876786557805,IdealZeroDelay,0.04327891774562659,0.08180507197976081,0.04527114147860651,observation_noise,fc025a1f6ab9fdf644127a3000f4fa2244f35d77ef570ff282c34eafdba01260,0,figure8
observation_noise_l6,0.005700903916359907,0.008220859553489085,-0.013265356421470823,0.004541348372735003,True,0.014267588990709004,raw,0.03357206893664515,0.08892749473452564,0.03801603391284657,6,0.01996849290706891,IdealZeroDelay,0.04179292849013423,0.07566213831305482,0.04255738228558157,observation_noise,fc025a1f6ab9fdf644127a3000f4fa2244f35d77ef570ff282c34eafdba01260,1,figure8
observation_noise_l6,0.00015946154254260596,-0.0031516580850966328,-0.024292556941509266,-0.005583612010020944,True,0.014267588990709004,raw,0.03357206893664515,0.08892749473452564,0.03801603391284657,6,0.01442705053325161,IdealZeroDelay,0.030420410851548514,0.06463493779301638,0.03243242190282562,observation_noise,fc025a1f6ab9fdf644127a3000f4fa2244f35d77ef570ff282c34eafdba01260,2,figure8
observation_noise_l6,0.003770563478053603,0.005234658020535889,-0.013423016667365992,0.0034867041318021666,True,0.014267588990709004,raw,0.03357206893664515,0.08892749473452564,0.03801603391284657,6,0.018038152468762607,IdealZeroDelay,0.038806726957181036,0.07550447806715965,0.04150273804464873,observation_noise,fc025a1f6ab9fdf644127a3000f4fa2244f35d77ef570ff282c34eafdba01260,3,figure8
observation_noise_l6,-0.0016154353965350497,-0.006597416637687772,-0.03240174055099485,-0.009816877818522928,True,0.014267588990709004,raw,0.03357206893664515,0.08892749473452564,0.03801603391284657,6,0.012652153594173954,IdealZeroDelay,0.026974652298957374,0.05652575418353079,0.02819915609432364,observation_noise,fc025a1f6ab9fdf644127a3000f4fa2244f35d77ef570ff282c34eafdba01260,4,figure8
observation_noise_l6,0.0650049160848858,0.1266659611713375,0.04907221123576165,0.028561579861000913,True,0.014267588990709004,raw,0.03357206893664515,0.08892749473452564,0.03801603391284657,6,0.0792725050755948,NaiveDelayed,0.16023803010798265,0.1379997059702873,0.06657761377384748,observation_noise,fc025a1f6ab9fdf644127a3000f4fa2244f35d77ef570ff282c34eafdba01260,0,figure8
observation_noise_l6,0.08870375116176972,0.19696836139468094,0.05808404609560967,0.02925409773858903,True,0.014267588990709004,raw,0.03357206893664515,0.08892749473452564,0.03801603391284657,6,0.10297134015247872,NaiveDelayed,0.2305404303313261,0.14701154083013532,0.0672701316514356,observation_noise,fc025a1f6ab9fdf644127a3000f4fa2244f35d77ef570ff282c34eafdba01260,1,figure8
observation_noise_l6,0.06151377192487085,0.13835689041579013,0.06440548822283747,0.03311868578090964,True,0.014267588990709004,raw,0.03357206893664515,0.08892749473452564,0.03801603391284657,6,0.07578136091557985,NaiveDelayed,0.17192895935243527,0.1533329829573631,0.0711347196937562,observation_noise,fc025a1f6ab9fdf644127a3000f4fa2244f35d77ef570ff282c34eafdba01260,2,figure8
observation_noise_l6,0.08047569928337339,0.18410193561158467,0.06083022728562358,0.03349361948898261,True,0.014267588990709004,raw,0.03357206893664515,0.08892749473452564,0.03801603391284657,6,0.09474328827408239,NaiveDelayed,0.2176740045482298,0.14975772202014923,0.07150965340182917,observation_noise,fc025a1f6ab9fdf644127a3000f4fa2244f35d77ef570ff282c34eafdba01260,3,figure8
observation_noise_l6,0.0924349275488768,0.213680058933425,0.06098601892590515,0.0327700638459955,True,0.014267588990709004,raw,0.03357206893664515,0.08892749473452564,0.03801603391284657,6,0.1067025165395858,NaiveDelayed,0.24725212787007014,0.1499135136604308,0.07078609775884206,observation_noise,fc025a1f6ab9fdf644127a3000f4fa2244f35d77ef570ff282c34eafdba01260,4,figure8
observation_noise_l6,0.004146235264707766,0.005589988667735704,-0.02262058109045026,0.0010584025905555974,True,0.014267588990709004,raw,0.03357206893664515,0.08892749473452564,0.03801603391284657,6,0.01841382425541677,VirtualDelayAware,0.03916205760438085,0.06630691364407539,0.039074436503402164,observation_noise,fc025a1f6ab9fdf644127a3000f4fa2244f35d77ef570ff282c34eafdba01260,0,figure8
observation_noise_l6,-0.002161424524823841,-0.005838250866156951,-0.03327768854796889,-0.009896160525031499,True,0.014267588990709004,raw,0.03357206893664515,0.08892749473452564,0.03801603391284657,6,0.012106164465885163,VirtualDelayAware,0.027733818070488196,0.05564980618655675,0.02811987338781507,observation_noise,fc025a1f6ab9fdf644127a3000f4fa2244f35d77ef570ff282c34eafdba01260,1,figure8
observation_noise_l6,-0.00022029556560810085,-0.0022639526715027003,-0.01834382712841033,-0.005022707309044,True,0.014267588990709004,raw,0.03357206893664515,0.08892749473452564,0.03801603391284657,6,0.014047293425100903,VirtualDelayAware,0.03130811626514245,0.07058366760611531,0.03299332660380257,observation_noise,fc025a1f6ab9fdf644127a3000f4fa2244f35d77ef570ff282c34eafdba01260,2,figure8
observation_noise_l6,0.00428492262024552,0.006154116528737354,-0.013540609925985353,0.0018694138460276719,True,0.014267588990709004,raw,0.03357206893664515,0.08892749473452564,0.03801603391284657,6,0.018552511610954524,VirtualDelayAware,0.0397261854653825,0.07538688480854029,0.03988544775887424,observation_noise,fc025a1f6ab9fdf644127a3000f4fa2244f35d77ef570ff282c34eafdba01260,3,figure8
observation_noise_l6,0.0021294023935997195,0.0016509443097844842,-0.016784132272005106,-0.0017380874660995124,True,0.014267588990709004,raw,0.03357206893664515,0.08892749473452564,0.03801603391284657,6,0.016396991384308723,VirtualDelayAware,0.03522301324642963,0.07214336246252054,0.036277946446747054,observation_noise,fc025a1f6ab9fdf644127a3000f4fa2244f35d77ef570ff282c34eafdba01260,4,figure8
observation_noise_l6,0.005790222984303992,0.009812127766180276,0.006202448904514338,0.006624107237334344,True,0.014267588990709004,raw,0.03357206893664515,0.08892749473452564,0.03801603391284657,6,0.020057811975012996,ThreadedAsync,0.04338419670282542,0.09512994363903998,0.04464014115018091,observation_noise,fc025a1f6ab9fdf644127a3000f4fa2244f35d77ef570ff282c34eafdba01260,0,figure8
observation_noise_l6,-0.0013079430080757699,-0.004845786488280605,-0.030321646481752368,-0.008002174977212749,True,0.014267588990709004,raw,0.03357206893664515,0.08892749473452564,0.03801603391284657,6,0.012959645982633234,ThreadedAsync,0.028726282448364542,0.05860584825277328,0.030013858935633818,observation_noise,fc025a1f6ab9fdf644127a3000f4fa2244f35d77ef570ff282c34eafdba01260,1,figure8
observation_noise_l6,-0.0025592200056032965,-0.008370307223920802,-0.03950747698545452,-0.011714184125101824,True,0.014267588990709004,raw,0.03357206893664515,0.08892749473452564,0.03801603391284657,6,0.011708368985105707,ThreadedAsync,0.025201761712724344,0.04942001774907112,0.026301849787744743,observation_noise,fc025a1f6ab9fdf644127a3000f4fa2244f35d77ef570ff282c34eafdba01260,2,figure8
observation_noise_l6,0.0010388308783088936,-0.00113642287226208,-0.020425824820995295,-0.004154900068326334,True,0.014267588990709004,raw,0.03357206893664515,0.08892749473452564,0.03801603391284657,6,0.015306419869017898,ThreadedAsync,0.03243564606438307,0.06850166991353035,0.03386113384452023,observation_noise,fc025a1f6ab9fdf644127a3000f4fa2244f35d77ef570ff282c34eafdba01260,3,figure8
observation_noise_l6,-0.002768309605971483,-0.007603021569163846,-0.02795261517167092,-0.01008589602857557,True,0.014267588990709004,raw,0.03357206893664515,0.08892749473452564,0.03801603391284657,6,0.01149927938473752,ThreadedAsync,0.0259690473674813,0.060974879562854724,0.027930137884270997,observation_noise,fc025a1f6ab9fdf644127a3000f4fa2244f35d77ef570ff282c34eafdba01260,4,figure8
payload_l3,-0.00231564446857142,-0.021874432455347537,-0.024053128808736793,-0.014122681967772943,True,0.02100833097034587,raw,0.06374906080639607,0.10364413335919377,0.056209494765819684,3,0.01869268650177445,IdealZeroDelay,0.041874628351048535,0.07959100455045698,0.04208681279804674,payload,fc025a1f6ab9fdf644127a3000f4fa2244f35d77ef570ff282c34eafdba01260,0,figure8
payload_l3,-0.00010695409804169914,-0.01759787137999093,-0.021500231325626368,-0.008466960594496448,True,0.02100833097034587,raw,0.06374906080639607,0.10364413335919377,0.056209494765819684,3,0.02090137687230417,IdealZeroDelay,0.04615118942640514,0.0821439020335674,0.047742534171323237,payload,fc025a1f6ab9fdf644127a3000f4fa2244f35d77ef570ff282c34eafdba01260,1,figure8
payload_l3,-0.0007068611070017196,-0.015055859626697574,-0.011900752782821628,-0.005620001446865926,True,0.02100833097034587,raw,0.06374906080639607,0.10364413335919377,0.056209494765819684,3,0.02030146986334415,IdealZeroDelay,0.0486932011796985,0.09174338057637214,0.05058949331895376,payload,fc025a1f6ab9fdf644127a3000f4fa2244f35d77ef570ff282c34eafdba01260,2,figure8
payload_l3,-0.001225132439900533,-0.018468605307917232,-0.017964394390583102,-0.010755540470499071,True,0.02100833097034587,raw,0.06374906080639607,0.10364413335919377,0.056209494765819684,3,0.019783198530445335,IdealZeroDelay,0.04528045549847884,0.08567973896861067,0.04545395429532061,payload,fc025a1f6ab9fdf644127a3000f4fa2244f35d77ef570ff282c34eafdba01260,3,figure8
payload_l3,-0.0037498244675354363,-0.021927648045758856,-0.019683917611837368,-0.015781425851503925,True,0.02100833097034587,raw,0.06374906080639607,0.10364413335919377,0.056209494765819684,3,0.017258506502810432,IdealZeroDelay,0.041821412760637215,0.0839602157473564,0.04042806891431576,payload,fc025a1f6ab9fdf644127a3000f4fa2244f35d77ef570ff282c34eafdba01260,4,figure8
payload_l3,0.07654331110320299,0.1621164558748675,0.03701839372515682,0.009749980451262352,True,0.02100833097034587,raw,0.06374906080639607,0.10364413335919377,0.056209494765819684,3,0.09755164207354886,NaiveDelayed,0.2258655166812636,0.1406625270843506,0.06595947521708204,payload,fc025a1f6ab9fdf644127a3000f4fa2244f35d77ef570ff282c34eafdba01260,0,figure8
payload_l3,0.07795082032718244,0.13921008083920589,0.031642793864011795,0.00971675346263487,True,0.02100833097034587,raw,0.06374906080639607,0.10364413335919377,0.056209494765819684,3,0.0989591512975283,NaiveDelayed,0.20295914164560197,0.13528692722320557,0.06592624822845455,payload,fc025a1f6ab9fdf644127a3000f4fa2244f35d77ef570ff282c34eafdba01260,1,figure8
payload_l3,0.07392130796180534,0.16775097017932472,0.029445069283246958,0.011545399991022928,True,0.02100833097034587,raw,0.06374906080639607,0.10364413335919377,0.056209494765819684,3,0.0949296389321512,NaiveDelayed,0.2315000309857208,0.13308920264244073,0.06775489475684261,payload,fc025a1f6ab9fdf644127a3000f4fa2244f35d77ef570ff282c34eafdba01260,2,figure8
payload_l3,0.0890309496608255,0.1863583981277282,0.052768205851316294,0.017337457590834132,True,0.02100833097034587,raw,0.06374906080639607,0.10364413335919377,0.056209494765819684,3,0.11003928063117137,NaiveDelayed,0.2501074589341243,0.15641233921051007,0.07354695235665382,payload,fc025a1f6ab9fdf644127a3000f4fa2244f35d77ef570ff282c34eafdba01260,3,figure8
payload_l3,0.0892013509657952,0.1814316989518095,0.03561738058924675,0.011914095541913292,True,0.02100833097034587,raw,0.06374906080639607,0.10364413335919377,0.056209494765819684,3,0.11020968193614107,NaiveDelayed,0.24518075975820555,0.13926151394844052,0.06812359030773298,payload,fc025a1f6ab9fdf644127a3000f4fa2244f35d77ef570ff282c34eafdba01260,4,figure8
payload_l3,-0.003584103239053508,-0.017531280430926034,-0.010727216303348538,-0.012554654525864475,True,0.02100833097034587,raw,0.06374906080639607,0.10364413335919377,0.056209494765819684,3,0.01742422773129236,VirtualDelayAware,0.04621778037547004,0.09291691705584523,0.04365484023995521,payload,fc025a1f6ab9fdf644127a3000f4fa2244f35d77ef570ff282c34eafdba01260,0,figure8
payload_l3,-0.0024591340406222365,-0.018037961338234293,-0.02415081486105919,-0.013633956566285028,True,0.02100833097034587,raw,0.06374906080639607,0.10364413335919377,0.056209494765819684,3,0.018549196929723632,VirtualDelayAware,0.04571109946816178,0.07949331849813458,0.042575538199534656,payload,fc025a1f6ab9fdf644127a3000f4fa2244f35d77ef570ff282c34eafdba01260,1,figure8
payload_l3,0.0002219301106774034,-0.012627560465898163,-0.012309508025646204,-0.007887592812039615,True,0.02100833097034587,raw,0.06374906080639607,0.10364413335919377,0.056209494765819684,3,0.02123026108102327,VirtualDelayAware,0.05112150034049791,0.09133462533354757,0.04832190195378007,payload,fc025a1f6ab9fdf644127a3000f4fa2244f35d77ef570ff282c34eafdba01260,2,figure8
payload_l3,-0.004876136166127431,-0.023239764681749035,-0.0361903868615627,-0.016993897508409295,True,0.02100833097034587,raw,0.06374906080639607,0.10364413335919377,0.056209494765819684,3,0.016132194804218437,VirtualDelayAware,0.040509296124647036,0.06745374649763107,0.03921559725741039,payload,fc025a1f6ab9fdf644127a3000f4fa2244f35d77ef570ff282c34eafdba01260,3,figure8
payload_l3,-0.003944971415968404,-0.020591547790547095,-0.02906208634376524,-0.01468296517555022,True,0.02100833097034587,raw,0.06374906080639607,0.10364413335919377,0.056209494765819684,3,0.017063359554377464,VirtualDelayAware,0.043157513015848976,0.07458204701542853,0.041526529590269465,payload,fc025a1f6ab9fdf644127a3000f4fa2244f35d77ef570ff282c34eafdba01260,4,figure8
payload_l3,-0.006623745868152207,-0.025019632576181103,-0.03851852938532831,-0.01957442185312351,True,0.02100833097034587,raw,0.06374906080639607,0.10364413335919377,0.056209494765819684,3,0.014384585102193662,ThreadedAsync,0.03872942823021497,0.06512560397386546,0.03663507291269617,payload,fc025a1f6ab9fdf644127a3000f4fa2244f35d77ef570ff282c34eafdba01260,0,figure8
payload_l3,-0.000876361117778033,-0.01547823990992505,-0.013248603045940444,-0.009473945421301894,True,0.02100833097034587,raw,0.06374906080639607,0.10364413335919377,0.056209494765819684,3,0.020131969852567835,ThreadedAsync,0.04827082089647102,0.09039553031325333,0.04673554934451779,payload,fc025a1f6ab9fdf644127a3000f4fa2244f35d77ef570ff282c34eafdba01260,1,figure8
payload_l3,-0.0023965960312817697,-0.018291839155781982,-0.015105641633272146,-0.011722723653957205,True,0.02100833097034587,raw,0.06374906080639607,0.10364413335919377,0.056209494765819684,3,0.0186117349390641,ThreadedAsync,0.04545722165061409,0.08853849172592163,0.04448677111186248,payload,fc025a1f6ab9fdf644127a3000f4fa2244f35d77ef570ff282c34eafdba01260,2,figure8
payload_l3,-0.004076587492477173,-0.020501008614312553,-0.029293768107891235,-0.015023993031913839,True,0.02100833097034587,raw,0.06374906080639607,0.10364413335919377,0.056209494765819684,3,0.016931743477868695,ThreadedAsync,0.04324805219208352,0.07435036525130254,0.041185501733905845,payload,fc025a1f6ab9fdf644127a3000f4fa2244f35d77ef570ff282c34eafdba01260,3,figure8
payload_l3,-0.00350470222159319,-0.01884357699847248,-0.020715644955635076,-0.012983796862791386,True,0.02100833097034587,raw,0.06374906080639607,0.10364413335919377,0.056209494765819684,3,0.017503628748752678,ThreadedAsync,0.04490548380792359,0.0829284884035587,0.0432256979030283,payload,fc025a1f6ab9fdf644127a3000f4fa2244f35d77ef570ff282c34eafdba01260,4,figure8
payload_l6,-0.013222051110025043,-0.07602194860795668,-0.051094484329223644,-0.04204034501452833,True,0.04578471087501933,raw,0.16153276495579172,0.1834433913230896,0.1260479245363021,6,0.032562659764994284,IdealZeroDelay,0.08551081634783504,0.13234890699386595,0.08400757952177376,payload,fc025a1f6ab9fdf644127a3000f4fa2244f35d77ef570ff282c34eafdba01260,0,figure8
payload_l6,-0.013843498678556679,-0.07036698454233671,-0.03290786296129233,-0.03716040268548934,True,0.04578471087501933,raw,0.16153276495579172,0.1834433913230896,0.1260479245363021,6,0.03194121219646265,IdealZeroDelay,0.09116578041345501,0.15053552836179726,0.08888752185081275,payload,fc025a1f6ab9fdf644127a3000f4fa2244f35d77ef570ff282c34eafdba01260,1,figure8
payload_l6,-0.0114573136372264,-0.06957674762082759,-0.03687351047992721,-0.03613650036933895,True,0.04578471087501933,raw,0.16153276495579172,0.1834433913230896,0.1260479245363021,6,0.03432739723779293,IdealZeroDelay,0.09195601733496413,0.1465698808431624,0.08991142416696314,payload,fc025a1f6ab9fdf644127a3000f4fa2244f35d77ef570ff282c34eafdba01260,2,figure8
payload_l6,-0.014915591006310545,-0.07797583770175129,-0.052775563299655937,-0.044599644498655375,True,0.04578471087501933,raw,0.16153276495579172,0.1834433913230896,0.1260479245363021,6,0.030869119868708782,IdealZeroDelay,0.08355692725404043,0.13066782802343366,0.08144828003764672,payload,fc025a1f6ab9fdf644127a3000f4fa2244f35d77ef570ff282c34eafdba01260,3,figure8
payload_l6,-0.013069931323820831,-0.07339496985837168,-0.046434091031551356,-0.038283469165208764,True,0.04578471087501933,raw,0.16153276495579172,0.1834433913230896,0.1260479245363021,6,0.032714779551198496,IdealZeroDelay,0.08813779509742004,0.13700930029153824,0.08776445537109333,payload,fc025a1f6ab9fdf644127a3000f4fa2244f35d77ef570ff282c34eafdba01260,4,figure8
payload_l6,0.08167496153566083,0.1242063266312543,-0.004120740294456665,-0.03781868021368026,True,0.04578471087501933,raw,0.16153276495579172,0.1834433913230896,0.1260479245363021,6,0.12745967241068015,NaiveDelayed,0.285739091587046,0.17932265102863293,0.08822924432262183,payload,fc025a1f6ab9fdf644127a3000f4fa2244f35d77ef570ff282c34eafdba01260,0,figure8
payload_l6,0.053830651113549954,0.05352185914391716,-0.01916490644216562,-0.04095380764575911,True,0.04578471087501933,raw,0.16153276495579172,0.1834433913230896,0.1260479245363021,6,0.09961536198856928,NaiveDelayed,0.21505462409970888,0.16427848488092398,0.08509411689054298,payload,fc025a1f6ab9fdf644127a3000f4fa2244f35d77ef570ff282c34eafdba01260,1,figure8
payload_l6,0.04148486977968588,0.022282627011601774,0.01871494650840755,-0.030622278586210486,True,0.04578471087501933,raw,0.16153276495579172,0.1834433913230896,0.1260479245363021,6,0.0872695806547052,NaiveDelayed,0.1838153919673935,0.20215833783149714,0.0954256459500916,payload,fc025a1f6ab9fdf644127a3000f4fa2244f35d77ef570ff282c34eafdba01260,2,figure8
payload_l6,0.0604031090424164,0.09586328346402073,0.013189207017421684,-0.03180026423140256,True,0.04578471087501933,raw,0.16153276495579172,0.1834433913230896,0.1260479245363021,6,0.10618781991743573,NaiveDelayed,0.25739604841981245,0.19663259834051128,0.09424766030489953,payload,fc025a1f6ab9fdf644127a3000f4fa2244f35d77ef570ff282c34eafdba01260,3,figure8
payload_l6,0.07803445799544632,0.12968610788562696,-0.0004604414105417176,-0.03415883900139967,True,0.04578471087501933,raw,0.16153276495579172,0.1834433913230896,0.1260479245363021,6,0.12381916887046565,NaiveDelayed,0.2912188728414187,0.18298294991254788,0.09188908553490242,payload,fc025a1f6ab9fdf644127a3000f4fa2244f35d77ef570ff282c34eafdba01260,4,figure8
payload_l6,-0.010777048130661951,-0.05494906573174464,-0.02750264704227451,-0.031063936450016177,True,0.04578471087501933,raw,0.16153276495579172,0.1834433913230896,0.1260479245363021,6,0.035007662744357376,VirtualDelayAware,0.10658369922404708,0.15594074428081509,0.09498398808628591,payload,fc025a1f6ab9fdf644127a3000f4fa2244f35d77ef570ff282c34eafdba01260,0,figure8
payload_l6,-0.013320203100097856,-0.06250460313875517,-0.0417553186416626,-0.03764704778661039,True,0.04578471087501933,raw,0.16153276495579172,0.1834433913230896,0.1260479245363021,6,0.03246450777492147,VirtualDelayAware,0.09902816181703655,0.141688072681427,0.0884008767496917,payload,fc025a1f6ab9fdf644127a3000f4fa2244f35d77ef570ff282c34eafdba01260,1,figure8
payload_l6,-0.012852683276552382,-0.06314446847195587,-0.057016608119010936,-0.036322598274780446,True,0.04578471087501933,raw,0.16153276495579172,0.1834433913230896,0.1260479245363021,6,0.032932027598466945,VirtualDelayAware,0.09838829648383585,0.12642678320407866,0.08972532626152165,payload,fc025a1f6ab9fdf644127a3000f4fa2244f35d77ef570ff282c34eafdba01260,2,figure8
payload_l6,-0.013259073683116539,-0.06392369727471606,-0.04710784852504735,-0.03692045341378153,True,0.04578471087501933,raw,0.16153276495579172,0.1834433913230896,0.1260479245363021,6,0.03252563719190279,VirtualDelayAware,0.09760906768107566,0.13633554279804225,0.08912747112252056,payload,fc025a1f6ab9fdf644127a3000f4fa2244f35d77ef570ff282c34eafdba01260,3,figure8
payload_l6,-0.013671196360691217,-0.0648836455210052,-0.04654528051614762,-0.038778702355069,True,0.04578471087501933,raw,0.16153276495579172,0.1834433913230896,0.1260479245363021,6,0.03211351451432811,VirtualDelayAware,0.09664911943478652,0.13689811080694197,0.08726922218123309,payload,fc025a1f6ab9fdf644127a3000f4fa2244f35d77ef570ff282c34eafdba01260,4,figure8
payload_l6,-0.01226657576131883,-0.06047176703174863,-0.03976999521255495,-0.032981510230582795,True,0.04578471087501933,raw,0.16153276495579172,0.1834433913230896,0.1260479245363021,6,0.0335181351137005,ThreadedAsync,0.10106099792404309,0.14367339611053465,0.0930664143057193,payload,fc025a1f6ab9fdf644127a3000f4fa2244f35d77ef570ff282c34eafdba01260,0,figure8
payload_l6,-0.012546815132520907,-0.06048553851058956,-0.030860887467861198,-0.031963851668481535,True,0.04578471087501933,raw,0.16153276495579172,0.1834433913230896,0.1260479245363021,6,0.03323789574249842,ThreadedAsync,0.10104722644520216,0.1525825038552284,0.09408407286782056,payload,fc025a1f6ab9fdf644127a3000f4fa2244f35d77ef570ff282c34eafdba01260,1,figure8
payload_l6,-0.011846262235265935,-0.059283341973548745,-0.02209397256374368,-0.03141998478288792,True,0.04578471087501933,raw,0.16153276495579172,0.1834433913230896,0.1260479245363021,6,0.03393844863975339,ThreadedAsync,0.10224942298224297,0.16134941875934591,0.09462793975341417,payload,fc025a1f6ab9fdf644127a3000f4fa2244f35d77ef570ff282c34eafdba01260,2,figure8
payload_l6,-0.01172826562581606,-0.05742754297761202,-0.02234824895858767,-0.030415313097310687,True,0.04578471087501933,raw,0.16153276495579172,0.1834433913230896,0.1260479245363021,6,0.03405644524920327,ThreadedAsync,0.1041052219781797,0.16109514236450193,0.0956326114389914,payload,fc025a1f6ab9fdf644127a3000f4fa2244f35d77ef570ff282c34eafdba01260,3,figure8
payload_l6,-0.011399792077583598,-0.054195801945142535,-0.03932488411664964,-0.0309744923308668,True,0.04578471087501933,raw,0.16153276495579172,0.1834433913230896,0.1260479245363021,6,0.03438491879743573,ThreadedAsync,0.10733696301064918,0.14411850720643996,0.0950734322054353,payload,fc025a1f6ab9fdf644127a3000f4fa2244f35d77ef570ff282c34eafdba01260,4,figure8
actuator_gain_l3,-0.004951560664593065,-0.01543857179593831,-0.04841761812567708,-0.014989186576056742,True,0.015165143527716368,raw,0.03702788618693278,0.10363421216607088,0.04067555432639932,3,0.010213582863123303,IdealZeroDelay,0.021589314390994468,0.0552165940403938,0.025686367750342578,actuator_gain,1368b3fd4139e18c4f8cd5601d45c6c91fe9f73751ce15406f842e1274121fed,0,rounded_square
actuator_gain_l3,-0.004006965333964293,-0.01377585295348513,-0.038810004293918565,-0.013192681704365827,True,0.015165143527716368,raw,0.03702788618693278,0.10363421216607088,0.04067555432639932,3,0.011158178193752075,IdealZeroDelay,0.02325203323344765,0.06482420787215232,0.027482872622033493,actuator_gain,1368b3fd4139e18c4f8cd5601d45c6c91fe9f73751ce15406f842e1274121fed,1,rounded_square
actuator_gain_l3,-0.004251073860328714,-0.014134157125799206,-0.041548315435647916,-0.013022754138633387,True,0.015165143527716368,raw,0.03702788618693278,0.10363421216607088,0.04067555432639932,3,0.010914069667387654,IdealZeroDelay,0.022893729061133572,0.06208589673042297,0.027652800187765933,actuator_gain,1368b3fd4139e18c4f8cd5601d45c6c91fe9f73751ce15406f842e1274121fed,2,rounded_square
actuator_gain_l3,-0.004700850543291252,-0.015270672415670008,-0.0424106147140264,-0.015078491839949353,True,0.015165143527716368,raw,0.03702788618693278,0.10363421216607088,0.04067555432639932,3,0.010464292984425116,IdealZeroDelay,0.02175721377126277,0.06122359745204448,0.025597062486449967,actuator_gain,1368b3fd4139e18c4f8cd5601d45c6c91fe9f73751ce15406f842e1274121fed,3,rounded_square
actuator_gain_l3,-0.004120162229722543,-0.015324122053100818,-0.0465624019503593,-0.014335175266774237,True,0.015165143527716368,raw,0.03702788618693278,0.10363421216607088,0.04067555432639932,3,0.011044981297993825,IdealZeroDelay,0.02170376413383196,0.05707181021571158,0.026340379059625083,actuator_gain,1368b3fd4139e18c4f8cd5601d45c6c91fe9f73751ce15406f842e1274121fed,4,rounded_square
actuator_gain_l3,0.08886166732533075,0.20276141969744557,0.053472713381051945,0.028721894970545815,True,0.015165143527716368,raw,0.03702788618693278,0.10363421216607088,0.04067555432639932,3,0.10402681085304712,NaiveDelayed,0.23978930588437836,0.15710692554712283,0.06939744929694514,actuator_gain,1368b3fd4139e18c4f8cd5601d45c6c91fe9f73751ce15406f842e1274121fed,0,rounded_square
actuator_gain_l3,0.07326815489052482,0.1588687196731958,0.044901450723409675,0.025677796983235017,True,0.015165143527716368,raw,0.03702788618693278,0.10363421216607088,0.04067555432639932,3,0.08843329841824119,NaiveDelayed,0.19589660586012858,0.14853566288948056,0.06635335130963434,actuator_gain,1368b3fd4139e18c4f8cd5601d45c6c91fe9f73751ce15406f842e1274121fed,1,rounded_square
actuator_gain_l3,0.06854398996291616,0.1676611817027757,0.04383326545357705,0.02181678581228569,True,0.015165143527716368,raw,0.03702788618693278,0.10363421216607088,0.04067555432639932,3,0.08370913349063253,NaiveDelayed,0.20468906788970848,0.14746747761964793,0.06249234013868501,actuator_gain,1368b3fd4139e18c4f8cd5601d45c6c91fe9f73751ce15406f842e1274121fed,2,rounded_square
actuator_gain_l3,0.07446619578857776,0.1538778083892322,0.04241346344351771,0.023704371409644272,True,0.015165143527716368,raw,0.03702788618693278,0.10363421216607088,0.04067555432639932,3,0.08963133931629412,NaiveDelayed,0.190905694576165,0.1460476756095886,0.06437992573604359,actuator_gain,1368b3fd4139e18c4f8cd5601d45c6c91fe9f73751ce15406f842e1274121fed,3,rounded_square
actuator_gain_l3,0.07001749677286524,0.169453875181417,0.045922794193029415,0.026616347761828384,True,0.015165143527716368,raw,0.03702788618693278,0.10363421216607088,0.04067555432639932,3,0.0851826403005816,NaiveDelayed,0.20648176136834978,0.1495570063591003,0.0672919020882277,actuator_gain,1368b3fd4139e18c4f8cd5601d45c6c91fe9f73751ce15406f842e1274121fed,4,rounded_square
actuator_gain_l3,-0.0044211285497144336,-0.013353013140062982,-0.036781915277242644,-0.013935981890412154,True,0.015165143527716368,raw,0.03702788618693278,0.10363421216607088,0.04067555432639932,3,0.010744014978001934,VirtualDelayAware,0.023674873046869795,0.06685229688882824,0.026739572435987166,actuator_gain,1368b3fd4139e18c4f8cd5601d45c6c91fe9f73751ce15406f842e1274121fed,0,rounded_square
actuator_gain_l3,-0.0035560748716996927,-0.012332742303466367,-0.0322032384574413,-0.011821734452075662,True,0.015165143527716368,raw,0.03702788618693278,0.10363421216607088,0.04067555432639932,3,0.011609068656016675,VirtualDelayAware,0.02469514388346641,0.07143097370862958,0.028853819874323658,actuator_gain,1368b3fd4139e18c4f8cd5601d45c6c91fe9f73751ce15406f842e1274121fed,1,rounded_square
actuator_gain_l3,-0.0032230273734696266,-0.010360841611956197,-0.03492150083184242,-0.011384830671379777,True,0.015165143527716368,raw,0.03702788618693278,0.10363421216607088,0.04067555432639932,3,0.011942116154246741,VirtualDelayAware,0.02666704457497658,0.06871271133422846,0.029290723655019543,actuator_gain,1368b3fd4139e18c4f8cd5601d45c6c91fe9f73751ce15406f842e1274121fed,2,rounded_square
actuator_gain_l3,-0.0040081945646758075,-0.012333213375810025,-0.03315628468990321,-0.012249265047623106,True,0.015165143527716368,raw,0.03702788618693278,0.10363421216607088,0.04067555432639932,3,0.01115694896304056,VirtualDelayAware,0.024694672811122753,0.07047792747616767,0.028426289278776214,actuator_gain,1368b3fd4139e18c4f8cd5601d45c6c91fe9f73751ce15406f842e1274121fed,3,rounded_square
actuator_gain_l3,-0.003939153187099144,-0.01249165783804148,-0.03638459667563437,-0.012518718150991384,True,0.015165143527716368,raw,0.03702788618693278,0.10363421216607088,0.04067555432639932,3,0.011225990340617224,VirtualDelayAware,0.024536228348891298,0.06724961549043651,0.028156836175407936,actuator_gain,1368b3fd4139e18c4f8cd5601d45c6c91fe9f73751ce15406f842e1274121fed,4,rounded_square
actuator_gain_l3,-0.0027296574556073903,-0.010047737847756196,-0.0292279168963432,-0.009661922177678705,True,0.015165143527716368,raw,0.03702788618693278,0.10363421216607088,0.04067555432639932,3,0.012435486072108978,ThreadedAsync,0.02698014833917658,0.07440629526972768,0.031013632148720615,actuator_gain,1368b3fd4139e18c4f8cd5601d45c6c91fe9f73751ce15406f842e1274121fed,0,rounded_square
actuator_gain_l3,-0.0019400572779897911,-0.008400254195295203,-0.02288683503866197,-0.007322604210762904,True,0.015165143527716368,raw,0.03702788618693278,0.10363421216607088,0.04067555432639932,3,0.013225086249726577,ThreadedAsync,0.028627631991637575,0.08074737712740891,0.033352950115636416,actuator_gain,1368b3fd4139e18c4f8cd5601d45c6c91fe9f73751ce15406f842e1274121fed,1,rounded_square
actuator_gain_l3,-0.0030971647128415682,-0.010647002421487604,-0.031453601270914094,-0.01023118405678066,True,0.015165143527716368,raw,0.03702788618693278,0.10363421216607088,0.04067555432639932,3,0.0120679788148748,ThreadedAsync,0.026380883765445173,0.07218061089515679,0.03044437026961866,actuator_gain,1368b3fd4139e18c4f8cd5601d45c6c91fe9f73751ce15406f842e1274121fed,2,rounded_square
actuator_gain_l3,-0.0018414039154887527,-0.005849604774115832,-0.017846643924713135,-0.006022269490269995,True,0.015165143527716368,raw,0.03702788618693278,0.10363421216607088,0.04067555432639932,3,0.013323739612227615,ThreadedAsync,0.031178281412816946,0.08578756824135775,0.034653284836129325,actuator_gain,1368b3fd4139e18c4f8cd5601d45c6c91fe9f73751ce15406f842e1274121fed,3,rounded_square
actuator_gain_l3,-0.00232528194959695,-0.0076927051841163205,-0.020296590775251408,-0.0075206349256125085,True,0.015165143527716368,raw,0.03702788618693278,0.10363421216607088,0.04067555432639932,3,0.012839861578119418,ThreadedAsync,0.029335181002816457,0.08333762139081947,0.03315491940078681,actuator_gain,1368b3fd4139e18c4f8cd5601d45c6c91fe9f73751ce15406f842e1274121fed,4,rounded_square
actuator_gain_l6,-0.007043935950958719,-0.022334487306063223,-0.057977782189846006,-0.01887711831940659,True,0.021814276945273815,raw,0.053125981131704705,0.1430344924330711,0.05636898292204753,6,0.014770340994315095,IdealZeroDelay,0.030791493825641482,0.08505671024322509,0.03749186460264094,actuator_gain,1368b3fd4139e18c4f8cd5601d45c6c91fe9f73751ce15406f842e1274121fed,0,rounded_square
actuator_gain_l6,-0.006827341878980344,-0.022470947846894778,-0.04891162440180777,-0.017999369306443115,True,0.021814276945273815,raw,0.053125981131704705,0.1430344924330711,0.05636898292204753,6,0.01498693506629347,IdealZeroDelay,0.030655033284809927,0.09412286803126332,0.03836961361560441,actuator_gain,1368b3fd4139e18c4f8cd5601d45c6c91fe9f73751ce15406f842e1274121fed,1,rounded_square
actuator_gain_l6,-0.006262432906776125,-0.022221807596534977,-0.04965474084019658,-0.018110690273621728,True,0.021814276945273815,raw,0.053125981131704705,0.1430344924330711,0.05636898292204753,6,0.01555184403849769,IdealZeroDelay,0.030904173535169728,0.09337975159287451,0.0382582926484258,actuator_gain,1368b3fd4139e18c4f8cd5601d45c6c91fe9f73751ce15406f842e1274121fed,2,rounded_square
actuator_gain_l6,-0.00638502926743879,-0.021394084927508626,-0.042221843451261495,-0.016547472573967006,True,0.021814276945273815,raw,0.053125981131704705,0.1430344924330711,0.05636898292204753,6,0.015429247677835024,IdealZeroDelay,0.03173189620419608,0.1008126489818096,0.03982151034808052,actuator_gain,1368b3fd4139e18c4f8cd5601d45c6c91fe9f73751ce15406f842e1274121fed,3,rounded_square
actuator_gain_l6,-0.006994545658323631,-0.022956471368878233,-0.05053822994232175,-0.01873724855845673,True,0.021814276945273815,raw,0.053125981131704705,0.1430344924330711,0.05636898292204753,6,0.014819731286950183,IdealZeroDelay,0.030169509762826473,0.09249626249074934,0.037631734363590796,actuator_gain,1368b3fd4139e18c4f8cd5601d45c6c91fe9f73751ce15406f842e1274121fed,4,rounded_square
actuator_gain_l6,0.08519620116151143,0.18562351784660225,0.015984286367893202,0.014036518043053552,True,0.021814276945273815,raw,0.053125981131704705,0.1430344924330711,0.05636898292204753,6,0.10701047810678524,NaiveDelayed,0.23874949897830697,0.1590187788009643,0.07040550096510108,actuator_gain,1368b3fd4139e18c4f8cd5601d45c6c91fe9f73751ce15406f842e1274121fed,0,rounded_square
actuator_gain_l6,0.07110919099887479,0.14839076583943622,0.028327968716621438,0.018963978545477926,True,0.021814276945273815,raw,0.053125981131704705,0.1430344924330711,0.05636898292204753,6,0.0929234679441486,NaiveDelayed,0.20151674697114091,0.17136246114969253,0.07533296146752545,actuator_gain,1368b3fd4139e18c4f8cd5601d45c6c91fe9f73751ce15406f842e1274121fed,1,rounded_square
actuator_gain_l6,0.061455114696013294,0.14141776824534796,0.02745383232831955,0.015395890932862845,True,0.021814276945273815,raw,0.053125981131704705,0.1430344924330711,0.05636898292204753,6,0.0832693916412871,NaiveDelayed,0.19454374937705268,0.17048832476139064,0.07176487385491037,actuator_gain,1368b3fd4139e18c4f8cd5601d45c6c91fe9f73751ce15406f842e1274121fed,2,rounded_square
actuator_gain_l6,0.07372033381218163,0.16341654115924575,0.03367077261209486,0.020013374858530407,True,0.021814276945273815,raw,0.053125981131704705,0.1430344924330711,0.05636898292204753,6,0.09553461075745544,NaiveDelayed,0.21654252229095045,0.17670526504516595,0.07638235778057793,actuator_gain,1368b3fd4139e18c4f8cd5601d45c6c91fe9f73751ce15406f842e1274121fed,3,rounded_square
actuator_gain_l6,0.06239036494423243,0.14261852184008178,0.016789807379245764,0.01802373966492086,True,0.021814276945273815,raw,0.053125981131704705,0.1430344924330711,0.05636898292204753,6,0.08420464188950624,NaiveDelayed,0.19574450297178647,0.15982429981231686,0.07439272258696839,actuator_gain,1368b3fd4139e18c4f8cd5601d45c6c91fe9f73751ce15406f842e1274121fed,4,rounded_square
actuator_gain_l6,-0.005719645747488598,-0.018083968451422308,-0.03921885043382642,-0.01566386724328736,True,0.021814276945273815,raw,0.053125981131704705,0.1430344924330711,0.05636898292204753,6,0.016094631197785217,VirtualDelayAware,0.0350420126802824,0.10381564199924467,0.040705115678760166,actuator_gain,1368b3fd4139e18c4f8cd5601d45c6c91fe9f73751ce15406f842e1274121fed,0,rounded_square
actuator_gain_l6,-0.005761821549596535,-0.017411098118503193,-0.03703250586986538,-0.014556287105672625,True,0.021814276945273815,raw,0.053125981131704705,0.1430344924330711,0.05636898292204753,6,0.01605245539567728,VirtualDelayAware,0.03571488301320151,0.10600198656320571,0.0418126958163749,actuator_gain,1368b3fd4139e18c4f8cd5601d45c6c91fe9f73751ce15406f842e1274121fed,1,rounded_square
actuator_gain_l6,-0.005763540013456397,-0.01816942007087939,-0.04232952743768689,-0.01519027912668982,True,0.021814276945273815,raw,0.053125981131704705,0.1430344924330711,0.05636898292204753,6,0.016050736931817418,VirtualDelayAware,0.034956561060825314,0.1007049649953842,0.04117870379535771,actuator_gain,1368b3fd4139e18c4f8cd5601d45c6c91fe9f73751ce15406f842e1274121fed,2,rounded_square
actuator_gain_l6,-0.005711368522994028,-0.01706886272682106,-0.03826316520571707,-0.015064053411164062,True,0.021814276945273815,raw,0.053125981131704705,0.1430344924330711,0.05636898292204753,6,0.016102908422279787,VirtualDelayAware,0.03605711840488365,0.10477132722735402,0.041304929510883465,actuator_gain,1368b3fd4139e18c4f8cd5601d45c6c91fe9f73751ce15406f842e1274121fed,3,rounded_square
actuator_gain_l6,-0.006233892131194518,-0.019405121992902938,-0.04663064405322073,-0.01736916859285556,True,0.021814276945273815,raw,0.053125981131704705,0.1430344924330711,0.05636898292204753,6,0.015580384814079296,VirtualDelayAware,0.03372085913880177,0.09640384837985036,0.038999814329191966,actuator_gain,1368b3fd4139e18c4f8cd5601d45c6c91fe9f73751ce15406f842e1274121fed,4,rounded_square
actuator_gain_l6,-0.006023743630801798,-0.01767749802328994,-0.03987367227673533,-0.0151827923283855,True,0.021814276945273815,raw,0.053125981131704705,0.1430344924330711,0.05636898292204753,6,0.015790533314472017,ThreadedAsync,0.035448483108414766,0.10316082015633576,0.04118619059366203,actuator_gain,1368b3fd4139e18c4f8cd5601d45c6c91fe9f73751ce15406f842e1274121fed,0,rounded_square
actuator_gain_l6,-0.005676483018601821,-0.0175186317924547,-0.03371758162975309,-0.013868684181024105,True,0.021814276945273815,raw,0.053125981131704705,0.1430344924330711,0.05636898292204753,6,0.016137793926671994,ThreadedAsync,0.035607349339250007,0.109316910803318,0.04250029874102342,actuator_gain,1368b3fd4139e18c4f8cd5601d45c6c91fe9f73751ce15406f842e1274121fed,1,rounded_square
actuator_gain_l6,-0.0053750707724777025,-0.018550800265294237,-0.03388649523258207,-0.013305425690137665,True,0.021814276945273815,raw,0.053125981131704705,0.1430344924330711,0.05636898292204753,6,0.016439206172796112,ThreadedAsync,0.03457518086641047,0.10914799720048902,0.04306355723190986,actuator_gain,1368b3fd4139e18c4f8cd5601d45c6c91fe9f73751ce15406f842e1274121fed,2,rounded_square
actuator_gain_l6,-0.005710570516193881,-0.01880838469169402,-0.04364626109600063,-0.01523709921032304,True,0.021814276945273815,raw,0.053125981131704705,0.1430344924330711,0.05636898292204753,6,0.016103706429079934,ThreadedAsync,0.034317596440010686,0.09938823133707046,0.041131883711724486,actuator_gain,1368b3fd4139e18c4f8cd5601d45c6c91fe9f73751ce15406f842e1274121fed,3,rounded_square
actuator_gain_l6,-0.005824098250825999,-0.019229402638747395,-0.03767019137740141,-0.015006378549753077,True,0.021814276945273815,raw,0.053125981131704705,0.1430344924330711,0.05636898292204753,6,0.015990178694447816,ThreadedAsync,0.03389657849295731,0.10536430105566968,0.04136260437229445,actuator_gain,1368b3fd4139e18c4f8cd5601d45c6c91fe9f73751ce15406f842e1274121fed,4,rounded_square
force_pulse_l3,-0.002161404101304977,-0.008168343763113772,-0.03192387595772742,-0.008910549264344255,True,0.012731919118429913,raw,0.031265028207065816,0.08893415108323095,0.034496252854964736,3,0.010570515017124936,IdealZeroDelay,0.023096684443952045,0.05701027512550353,0.02558570359062048,force_pulse,1368b3fd4139e18c4f8cd5601d45c6c91fe9f73751ce15406f842e1274121fed,0,rounded_square
force_pulse_l3,-0.0022279681004471526,-0.008837236869511444,-0.03373162001371383,-0.008590631264187642,True,0.012731919118429913,raw,0.031265028207065816,0.08893415108323095,0.034496252854964736,3,0.01050395101798276,IdealZeroDelay,0.022427791337554372,0.05520253106951712,0.025905621590777094,force_pulse,1368b3fd4139e18c4f8cd5601d45c6c91fe9f73751ce15406f842e1274121fed,1,rounded_square
force_pulse_l3,-0.004127375374346206,-0.012907505222236982,-0.03980926349759101,-0.013200996204858425,True,0.012731919118429913,raw,0.031265028207065816,0.08893415108323095,0.034496252854964736,3,0.008604543744083707,IdealZeroDelay,0.018357522984828834,0.049124887585639945,0.02129525665010631,force_pulse,1368b3fd4139e18c4f8cd5601d45c6c91fe9f73751ce15406f842e1274121fed,2,rounded_square
force_pulse_l3,-0.0027905504426451525,-0.010666131279617797,-0.035743062943220126,-0.010542688683801267,True,0.012731919118429913,raw,0.031265028207065816,0.08893415108323095,0.034496252854964736,3,0.00994136867578476,IdealZeroDelay,0.02059889692744802,0.05319108814001083,0.02395356417116347,force_pulse,1368b3fd4139e18c4f8cd5601d45c6c91fe9f73751ce15406f842e1274121fed,3,rounded_square
force_pulse_l3,-0.0029254158389238113,-0.01152162142380463,-0.04193169698119163,-0.012075043575761665,True,0.012731919118429913,raw,0.031265028207065816,0.08893415108323095,0.034496252854964736,3,0.009806503279506102,IdealZeroDelay,0.019743406783261187,0.04700245410203932,0.02242120927920307,force_pulse,1368b3fd4139e18c4f8cd5601d45c6c91fe9f73751ce15406f842e1274121fed,4,rounded_square
force_pulse_l3,0.09967037267607774,0.22396033683912367,0.07004606351256372,0.03582238374727833,True,0.012731919118429913,raw,0.031265028207065816,0.08893415108323095,0.034496252854964736,3,0.11240229179450766,NaiveDelayed,0.2552253650461895,0.15898021459579467,0.07031863660224306,force_pulse,1368b3fd4139e18c4f8cd5601d45c6c91fe9f73751ce15406f842e1274121fed,0,rounded_square
force_pulse_l3,0.07841435942574798,0.17966329256608277,0.05438155457377432,0.028212273192826966,True,0.012731919118429913,raw,0.031265028207065816,0.08893415108323095,0.034496252854964736,3,0.0911462785441779,NaiveDelayed,0.21092832077314858,0.14331570565700527,0.0627085260477917,force_pulse,1368b3fd4139e18c4f8cd5601d45c6c91fe9f73751ce15406f842e1274121fed,1,rounded_square
force_pulse_l3,0.06796606189913439,0.15932067918087722,0.03919318392872799,0.024529629622365864,True,0.012731919118429913,raw,0.031265028207065816,0.08893415108323095,0.034496252854964736,3,0.0806979810175643,NaiveDelayed,0.19058570738794303,0.12812733501195894,0.0590258824773306,force_pulse,1368b3fd4139e18c4f8cd5601d45c6c91fe9f73751ce15406f842e1274121fed,2,rounded_square
force_pulse_l3,0.0710400742659589,0.1664004489646148,0.05757275149226189,0.028167647932658822,True,0.012731919118429913,raw,0.031265028207065816,0.08893415108323095,0.034496252854964736,3,0.08377199338438882,NaiveDelayed,0.19766547717168062,0.14650690257549284,0.06266390078762356,force_pulse,1368b3fd4139e18c4f8cd5601d45c6c91fe9f73751ce15406f842e1274121fed,3,rounded_square
force_pulse_l3,0.07025767362716483,0.16523911946637992,0.05247751995921136,0.028505903033089468,True,0.012731919118429913,raw,0.031265028207065816,0.08893415108323095,0.034496252854964736,3,0.08298959274559474,NaiveDelayed,0.19650414767344573,0.14141167104244232,0.0630021558880542,force_pulse,1368b3fd4139e18c4f8cd5601d45c6c91fe9f73751ce15406f842e1274121fed,4,rounded_square
force_pulse_l3,-0.0028630767437474273,-0.00985605369374722,-0.036517135426402086,-0.011014205473856169,True,0.012731919118429913,raw,0.031265028207065816,0.08893415108323095,0.034496252854964736,3,0.009868842374682486,VirtualDelayAware,0.021408974513318597,0.052417015656828866,0.023482047381108567,force_pulse,1368b3fd4139e18c4f8cd5601d45c6c91fe9f73751ce15406f842e1274121fed,0,rounded_square
force_pulse_l3,-0.003935656200433391,-0.011770342297519928,-0.03538136444985868,-0.011804173825171665,True,0.012731919118429913,raw,0.031265028207065816,0.08893415108323095,0.034496252854964736,3,0.008796262917996522,VirtualDelayAware,0.019494685909545888,0.053552786633372276,0.02269207902979307,force_pulse,1368b3fd4139e18c4f8cd5601d45c6c91fe9f73751ce15406f842e1274121fed,1,rounded_square
force_pulse_l3,-0.0037809878117744927,-0.011490253302759029,-0.038371513411402734,-0.01282493508145079,True,0.012731919118429913,raw,0.031265028207065816,0.08893415108323095,0.034496252854964736,3,0.00895093130665542,VirtualDelayAware,0.019774774904306788,0.05056263767182822,0.021671317773513946,force_pulse,1368b3fd4139e18c4f8cd5601d45c6c91fe9f73751ce15406f842e1274121fed,2,rounded_square
force_pulse_l3,-0.0033601934959263183,-0.011260840936429036,-0.03571673184633256,-0.011975324173241087,True,0.012731919118429913,raw,0.031265028207065816,0.08893415108323095,0.034496252854964736,3,0.009371725622503595,VirtualDelayAware,0.02000418727063678,0.05321741923689839,0.02252092868172365,force_pulse,1368b3fd4139e18c4f8cd5601d45c6c91fe9f73751ce15406f842e1274121fed,3,rounded_square
force_pulse_l3,-0.003704648049305811,-0.011178551122847612,-0.03894977457821378,-0.011879176080455335,True,0.012731919118429913,raw,0.031265028207065816,0.08893415108323095,0.034496252854964736,3,0.009027271069124102,VirtualDelayAware,0.020086477084218204,0.04998437650501717,0.0226170767745094,force_pulse,1368b3fd4139e18c4f8cd5601d45c6c91fe9f73751ce15406f842e1274121fed,4,rounded_square
force_pulse_l3,-0.002640070164598043,-0.00889245198033638,-0.03517613708972933,-0.01088132679649293,True,0.012731919118429913,raw,0.031265028207065816,0.08893415108323095,0.034496252854964736,3,0.01009184895383187,ThreadedAsync,0.022372576226729435,0.05375801399350162,0.023614926058471805,force_pulse,1368b3fd4139e18c4f8cd5601d45c6c91fe9f73751ce15406f842e1274121fed,0,rounded_square
force_pulse_l3,-0.00273331432885646,-0.008923061114169448,-0.021876511722803096,-0.009040565864289633,True,0.012731919118429913,raw,0.031265028207065816,0.08893415108323095,0.034496252854964736,3,0.009998604789573453,ThreadedAsync,0.02234196709289637,0.06705763936042786,0.025455686990675103,force_pulse,1368b3fd4139e18c4f8cd5601d45c6c91fe9f73751ce15406f842e1274121fed,1,rounded_square
force_pulse_l3,-0.002532853930881535,-0.010008011487461874,-0.036355895176529894,-0.011177465652074364,True,0.012731919118429913,raw,0.031265028207065816,0.08893415108323095,0.034496252854964736,3,0.010199065187548378,ThreadedAsync,0.021257016719603943,0.05257825590670106,0.02331878720289037,force_pulse,1368b3fd4139e18c4f8cd5601d45c6c91fe9f73751ce15406f842e1274121fed,2,rounded_square
force_pulse_l3,-0.002671085478422701,-0.009914395994452683,-0.032225388288497955,-0.010074417042207781,True,0.012731919118429913,raw,0.031265028207065816,0.08893415108323095,0.034496252854964736,3,0.010060833640007212,ThreadedAsync,0.021350632212613133,0.056708762794733,0.024421835812756955,force_pulse,1368b3fd4139e18c4f8cd5601d45c6c91fe9f73751ce15406f842e1274121fed,3,rounded_square
force_pulse_l3,-0.0033924062405731835,-0.01196954102411359,-0.035920843482017496,-0.011482113720543648,True,0.012731919118429913,raw,0.031265028207065816,0.08893415108323095,0.034496252854964736,3,0.00933951287785673,ThreadedAsync,0.019295487182952226,0.05301330760121346,0.02301413913442109,force_pulse,1368b3fd4139e18c4f8cd5601d45c6c91fe9f73751ce15406f842e1274121fed,4,rounded_square
force_pulse_l6,-0.0032186882205660263,-0.011566905060937573,-0.03355110548436644,-0.01152426902982415,True,0.013277120197865769,raw,0.03284414750580829,0.08893415108323095,0.03589975602130443,6,0.010058431977299742,IdealZeroDelay,0.021277242444870715,0.05538304559886451,0.024375486991480278,force_pulse,1368b3fd4139e18c4f8cd5601d45c6c91fe9f73751ce15406f842e1274121fed,0,rounded_square
force_pulse_l6,-0.002138644094495939,-0.008652342038094653,-0.034434242174029364,-0.008687119831370462,True,0.013277120197865769,raw,0.03284414750580829,0.08893415108323095,0.03589975602130443,6,0.01113847610336983,IdealZeroDelay,0.024191805467713635,0.05449990890920159,0.027212636189933966,force_pulse,1368b3fd4139e18c4f8cd5601d45c6c91fe9f73751ce15406f842e1274121fed,1,rounded_square
force_pulse_l6,-0.0035587394371535686,-0.0121405712536941,-0.03084049448370936,-0.011920215815467743,True,0.013277120197865769,raw,0.03284414750580829,0.08893415108323095,0.03589975602130443,6,0.0097183807607122,IdealZeroDelay,0.02070357625211419,0.05809365659952159,0.023979540205836685,force_pulse,1368b3fd4139e18c4f8cd5601d45c6c91fe9f73751ce15406f842e1274121fed,2,rounded_square
force_pulse_l6,-0.0028521770298068332,-0.010886464346602807,-0.03494933769106865,-0.01045323867227305,True,0.013277120197865769,raw,0.03284414750580829,0.08893415108323095,0.03589975602130443,6,0.010424943168058936,IdealZeroDelay,0.02195768315920548,0.0539848133921623,0.02544651734903138,force_pulse,1368b3fd4139e18c4f8cd5601d45c6c91fe9f73751ce15406f842e1274121fed,3,rounded_square
force_pulse_l6,-0.002753050073770984,-0.010791744919143247,-0.03951155133545398,-0.011420051188668182,True,0.013277120197865769,raw,0.03284414750580829,0.08893415108323095,0.03589975602130443,6,0.010524070124094785,IdealZeroDelay,0.02205240258666504,0.04942259974777697,0.024479704832636246,force_pulse,1368b3fd4139e18c4f8cd5601d45c6c91fe9f73751ce15406f842e1274121fed,4,rounded_square
force_pulse_l6,0.09909486942250233,0.21215785161129763,0.06287251487374308,0.034456023672005696,True,0.013277120197865769,raw,0.03284414750580829,0.08893415108323095,0.03589975602130443,6,0.1123719896203681,NaiveDelayed,0.2450019991171059,0.15180666595697404,0.07035577969331012,force_pulse,1368b3fd4139e18c4f8cd5601d45c6c91fe9f73751ce15406f842e1274121fed,0,rounded_square
force_pulse_l6,0.07677431104114621,0.16871021621284255,0.054419767111539855,0.025971852730982417,True,0.013277120197865769,raw,0.03284414750580829,0.08893415108323095,0.03589975602130443,6,0.09005143123901198,NaiveDelayed,0.20155436371865085,0.1433539181947708,0.061871608752286845,force_pulse,1368b3fd4139e18c4f8cd5601d45c6c91fe9f73751ce15406f842e1274121fed,1,rounded_square
force_pulse_l6,0.06760896645858619,0.15768022367004403,0.04345896020531635,0.024729257856935277,True,0.013277120197865769,raw,0.03284414750580829,0.08893415108323095,0.03589975602130443,6,0.08088608665645196,NaiveDelayed,0.1905243711758523,0.1323931112885473,0.060629013878239706,force_pulse,1368b3fd4139e18c4f8cd5601d45c6c91fe9f73751ce15406f842e1274121fed,2,rounded_square
force_pulse_l6,0.06479129142349849,0.14936557791801225,0.04593436345458031,0.02340031513293702,True,0.013277120197865769,raw,0.03284414750580829,0.08893415108323095,0.03589975602130443,6,0.07806841162136426,NaiveDelayed,0.18220972542382055,0.13486851453781126,0.05930007115424145,force_pulse,1368b3fd4139e18c4f8cd5601d45c6c91fe9f73751ce15406f842e1274121fed,3,rounded_square
force_pulse_l6,0.06918633529306473,0.15854009708329486,0.0668286584317684,0.03362161876415951,True,0.013277120197865769,raw,0.03284414750580829,0.08893415108323095,0.03589975602130443,6,0.0824634554909305,NaiveDelayed,0.19138424458910314,0.15576280951499935,0.06952137478546394,force_pulse,1368b3fd4139e18c4f8cd5601d45c6c91fe9f73751ce15406f842e1274121fed,4,rounded_square
force_pulse_l6,0.0002616556996530555,-0.003989639152894381,-0.02994676269590856,-0.006325686555441728,True,0.013277120197865769,raw,0.03284414750580829,0.08893415108323095,0.03589975602130443,6,0.013538775897518824,VirtualDelayAware,0.028854508352913907,0.05898738838732239,0.0295740694658627,force_pulse,1368b3fd4139e18c4f8cd5601d45c6c91fe9f73751ce15406f842e1274121fed,0,rounded_square
force_pulse_l6,-0.0038014231232886986,-0.01168443171352208,-0.02887359559535979,-0.011552701725048325,True,0.013277120197865769,raw,0.03284414750580829,0.08893415108323095,0.03589975602130443,6,0.00947569707457707,VirtualDelayAware,0.021159715792286208,0.06006055548787116,0.024347054296256103,force_pulse,1368b3fd4139e18c4f8cd5601d45c6c91fe9f73751ce15406f842e1274121fed,1,rounded_square
force_pulse_l6,-0.0035956117723268954,-0.010879725708862264,-0.03309168182313441,-0.012426691977634477,True,0.013277120197865769,raw,0.03284414750580829,0.08893415108323095,0.03589975602130443,6,0.009681508425538873,VirtualDelayAware,0.021964421796946024,0.05584246926009654,0.02347306404366995,force_pulse,1368b3fd4139e18c4f8cd5601d45c6c91fe9f73751ce15406f842e1274121fed,2,rounded_square
force_pulse_l6,-0.003527954414378972,-0.011746799439781751,-0.033564995601773256,-0.01202577254143787,True,0.013277120197865769,raw,0.03284414750580829,0.08893415108323095,0.03589975602130443,6,0.009749165783486797,VirtualDelayAware,0.021097348066026537,0.055369155481457696,0.023873983479866558,force_pulse,1368b3fd4139e18c4f8cd5601d45c6c91fe9f73751ce15406f842e1274121fed,3,rounded_square
force_pulse_l6,-0.002708827059454409,-0.010027476651883083,-0.033372065424919134,-0.010962380589082412,True,0.013277120197865769,raw,0.03284414750580829,0.08893415108323095,0.03589975602130443,6,0.01056829313841136,VirtualDelayAware,0.022816670853925206,0.05556208565831182,0.024937375432222016,force_pulse,1368b3fd4139e18c4f8cd5601d45c6c91fe9f73751ce15406f842e1274121fed,4,rounded_square
force_pulse_l6,-0.0008734195546587324,-0.0033106653183817697,-0.009835620224475886,-0.003601137996428777,True,0.013277120197865769,raw,0.03284414750580829,0.08893415108323095,0.03589975602130443,6,0.012403700643207036,ThreadedAsync,0.02953348218742652,0.07909853085875507,0.03229861802487565,force_pulse,1368b3fd4139e18c4f8cd5601d45c6c91fe9f73751ce15406f842e1274121fed,0,rounded_square
force_pulse_l6,-0.0008446789280032504,-0.0022291689699060376,-0.0049831405282020486,-0.0036664929908175464,True,0.013277120197865769,raw,0.03284414750580829,0.08893415108323095,0.03589975602130443,6,0.012432441269862518,ThreadedAsync,0.03061497853590225,0.0839510105550289,0.03223326303048688,force_pulse,1368b3fd4139e18c4f8cd5601d45c6c91fe9f73751ce15406f842e1274121fed,1,rounded_square
force_pulse_l6,-0.0015450196421147866,-0.00540136486858166,-0.016558875143528037,-0.005672236969169096,True,0.013277120197865769,raw,0.03284414750580829,0.08893415108323095,0.03589975602130443,6,0.011732100555750982,ThreadedAsync,0.027442782637226628,0.07237527593970292,0.030227519052135332,force_pulse,1368b3fd4139e18c4f8cd5601d45c6c91fe9f73751ce15406f842e1274121fed,2,rounded_square
force_pulse_l6,-0.0011396113667236432,-0.004731732057805242,-0.014695537090301525,-0.005336195724917229,True,0.013277120197865769,raw,0.03284414750580829,0.08893415108323095,0.03589975602130443,6,0.012137508831142126,ThreadedAsync,0.028112415448003046,0.07423861399292943,0.0305635602963872,force_pulse,1368b3fd4139e18c4f8cd5601d45c6c91fe9f73751ce15406f842e1274121fed,3,rounded_square
force_pulse_l6,-0.0019275011549310037,-0.007538288121064121,-0.024088524281978593,-0.007847810057957837,True,0.013277120197865769,raw,0.03284414750580829,0.08893415108323095,0.03589975602130443,6,0.011349619042934765,ThreadedAsync,0.025305859384744167,0.06484562680125236,0.028051945963346592,force_pulse,1368b3fd4139e18c4f8cd5601d45c6c91fe9f73751ce15406f842e1274121fed,4,rounded_square
nominal,-0.0028890064189061836,-0.01043575558270694,-0.03500022590160369,-0.010920770251234634,True,0.01292452015919658,raw,0.031603160795969774,0.08893415108323095,0.03499904026391749,0,0.010035513740290396,IdealZeroDelay,0.021167405213262835,0.05393392518162726,0.024078270012682854,nominal,1368b3fd4139e18c4f8cd5601d45c6c91fe9f73751ce15406f842e1274121fed,0,rounded_square
nominal,-0.0024722255795284944,-0.00851428970495174,-0.03385792523622511,-0.00873345505973322,True,0.01292452015919658,raw,0.031603160795969774,0.08893415108323095,0.03499904026391749,0,0.010452294579668085,IdealZeroDelay,0.023088871091018034,0.05507622584700584,0.026265585204184268,nominal,1368b3fd4139e18c4f8cd5601d45c6c91fe9f73751ce15406f842e1274121fed,1,rounded_square
nominal,-0.0044216766115470815,-0.013655022435941262,-0.03945859149098395,-0.013992291903791556,True,0.01292452015919658,raw,0.031603160795969774,0.08893415108323095,0.03499904026391749,0,0.008502843547649498,IdealZeroDelay,0.017948138360028513,0.049475559592247004,0.02100674836012593,nominal,1368b3fd4139e18c4f8cd5601d45c6c91fe9f73751ce15406f842e1274121fed,2,rounded_square
nominal,-0.003293171199054215,-0.011408212554786055,-0.03729420825839041,-0.011764557110626076,True,0.01292452015919658,raw,0.031603160795969774,0.08893415108323095,0.03499904026391749,0,0.009631348960142365,IdealZeroDelay,0.02019494824118372,0.051639942824840544,0.02323448315329141,nominal,1368b3fd4139e18c4f8cd5601d45c6c91fe9f73751ce15406f842e1274121fed,3,rounded_square
nominal,-0.0024130367489834936,-0.010960007606029824,-0.040865563601255414,-0.01126826229156902,True,0.01292452015919658,raw,0.031603160795969774,0.08893415108323095,0.03499904026391749,0,0.010511483410213086,IdealZeroDelay,0.02064315318993995,0.04806858748197554,0.023730777972348467,nominal,1368b3fd4139e18c4f8cd5601d45c6c91fe9f73751ce15406f842e1274121fed,4,rounded_square
nominal,0.0993179775755654,0.2234596499196577,0.0709248371422291,0.03519522562159803,True,0.01292452015919658,raw,0.031603160795969774,0.08893415108323095,0.03499904026391749,0,0.11224249773476198,NaiveDelayed,0.2550628107156275,0.15985898822546005,0.07019426588551551,nominal,1368b3fd4139e18c4f8cd5601d45c6c91fe9f73751ce15406f842e1274121fed,0,rounded_square
nominal,0.07805815371733406,0.1792908518871546,0.054719053953886,0.02800500795798517,True,0.01292452015919658,raw,0.031603160795969774,0.08893415108323095,0.03499904026391749,0,0.09098267387653064,NaiveDelayed,0.21089401268312438,0.14365320503711695,0.06300404822190266,nominal,1368b3fd4139e18c4f8cd5601d45c6c91fe9f73751ce15406f842e1274121fed,1,rounded_square
nominal,0.06468987294732104,0.1533250064726116,0.04361959025263777,0.024842825594833355,True,0.01292452015919658,raw,0.031603160795969774,0.08893415108323095,0.03499904026391749,0,0.07761439310651762,NaiveDelayed,0.18492816726858138,0.13255374133586872,0.05984186585875084,nominal,1368b3fd4139e18c4f8cd5601d45c6c91fe9f73751ce15406f842e1274121fed,2,rounded_square
nominal,0.07087770709801915,0.16665809442812585,0.05795329734683034,0.02873602850540926,True,0.01292452015919658,raw,0.031603160795969774,0.08893415108323095,0.03499904026391749,0,0.08380222725721573,NaiveDelayed,0.19826125522409563,0.1468874484300613,0.06373506876932675,nominal,1368b3fd4139e18c4f8cd5601d45c6c91fe9f73751ce15406f842e1274121fed,3,rounded_square
nominal,0.07036548711209724,0.16424988720188977,0.05530501380562779,0.029183876562566637,True,0.01292452015919658,raw,0.031603160795969774,0.08893415108323095,0.03499904026391749,0,0.08329000727129382,NaiveDelayed,0.19585304799785955,0.14423916488885874,0.06418291682648412,nominal,1368b3fd4139e18c4f8cd5601d45c6c91fe9f73751ce15406f842e1274121fed,4,rounded_square
nominal,-0.0023297566010716895,-0.008216811274106388,-0.029499846696853627,-0.009629077962676393,True,0.01292452015919658,raw,0.031603160795969774,0.08893415108323095,0.03499904026391749,0,0.01059476355812489,VirtualDelayAware,0.023386349521863387,0.059434304386377326,0.025369962301241094,nominal,1368b3fd4139e18c4f8cd5601d45c6c91fe9f73751ce15406f842e1274121fed,0,rounded_square
nominal,-0.004072663150089676,-0.012385740290321561,-0.033637751638889324,-0.012423091629367874,True,0.01292452015919658,raw,0.031603160795969774,0.08893415108323095,0.03499904026391749,0,0.008851857009106904,VirtualDelayAware,0.019217420505648213,0.05529639944434163,0.022575948634549613,nominal,1368b3fd4139e18c4f8cd5601d45c6c91fe9f73751ce15406f842e1274121fed,1,rounded_square
nominal,-0.0031702689412241927,-0.009688413089053143,-0.03157726265490055,-0.011558201258746313,True,0.01292452015919658,raw,0.031603160795969774,0.08893415108323095,0.03499904026391749,0,0.009754251217972387,VirtualDelayAware,0.02191474770691663,0.0573568884283304,0.023440839005171174,nominal,1368b3fd4139e18c4f8cd5601d45c6c91fe9f73751ce15406f842e1274121fed,2,rounded_square
nominal,-0.003478088019844389,-0.011381325778893732,-0.03573865741491318,-0.011825312791435193,True,0.01292452015919658,raw,0.031603160795969774,0.08893415108323095,0.03499904026391749,0,0.00944643213935219,VirtualDelayAware,0.020221835017076042,0.05319549366831777,0.023173727472482294,nominal,1368b3fd4139e18c4f8cd5601d45c6c91fe9f73751ce15406f842e1274121fed,3,rounded_square
nominal,-0.004112362639340308,-0.011422003607935893,-0.03712449595332149,-0.012338324410950521,True,0.01292452015919658,raw,0.031603160795969774,0.08893415108323095,0.03499904026391749,0,0.008812157519856272,VirtualDelayAware,0.020181157188033882,0.05180965512990946,0.022660715852966966,nominal,1368b3fd4139e18c4f8cd5601d45c6c91fe9f73751ce15406f842e1274121fed,4,rounded_square
nominal,-0.0034644206891959826,-0.0107995682307932,-0.0368817288428545,-0.011285690885314968,True,0.01292452015919658,raw,0.031603160795969774,0.08893415108323095,0.03499904026391749,0,0.009460099470000597,ThreadedAsync,0.020803592565176575,0.052052422240376456,0.02371334937860252,nominal,1368b3fd4139e18c4f8cd5601d45c6c91fe9f73751ce15406f842e1274121fed,0,rounded_square
nominal,-0.0025848059853493966,-0.008915185696444849,-0.033723623678088205,-0.008727147290043046,True,0.01292452015919658,raw,0.031603160795969774,0.08893415108323095,0.03499904026391749,0,0.010339714173847183,ThreadedAsync,0.022687975099524926,0.05521052740514275,0.02627189297387444,nominal,1368b3fd4139e18c4f8cd5601d45c6c91fe9f73751ce15406f842e1274121fed,1,rounded_square
nominal,-0.0035399307017554386,-0.011939903522912132,-0.03644596077501773,-0.011900714402096453,True,0.01292452015919658,raw,0.031603160795969774,0.08893415108323095,0.03499904026391749,0,0.009384589457441141,ThreadedAsync,0.019663257273057642,0.05248819030821322,0.023098325861821034,nominal,1368b3fd4139e18c4f8cd5601d45c6c91fe9f73751ce15406f842e1274121fed,2,rounded_square
nominal,-0.003224677772771297,-0.010418899144629384,-0.036141461133956894,-0.0105916348027514,True,0.01292452015919658,raw,0.031603160795969774,0.08893415108323095,0.03499904026391749,0,0.009699842386425283,ThreadedAsync,0.02118426165134039,0.05279268994927406,0.024407405461166088,nominal,1368b3fd4139e18c4f8cd5601d45c6c91fe9f73751ce15406f842e1274121fed,3,rounded_square
nominal,-0.003413397353462605,-0.011643451731921512,-0.032979640737175936,-0.011365865270933456,True,0.01292452015919658,raw,0.031603160795969774,0.08893415108323095,0.03499904026391749,0,0.009511122805733975,ThreadedAsync,0.019959709064048262,0.05595451034605502,0.02363317499298403,nominal,1368b3fd4139e18c4f8cd5601d45c6c91fe9f73751ce15406f842e1274121fed,4,rounded_square
observation_noise_l3,-0.0038832982740760903,-0.011732033503772898,-0.03863285928964614,-0.012336095313452485,True,0.01292452015919658,raw,0.031603160795969774,0.08893415108323095,0.03499904026391749,3,0.00904122188512049,IdealZeroDelay,0.019871127292196877,0.050301291793584814,0.022662944950465003,observation_noise,1368b3fd4139e18c4f8cd5601d45c6c91fe9f73751ce15406f842e1274121fed,0,rounded_square
observation_noise_l3,-0.003261994651084626,-0.010816271607530199,-0.03414522781968115,-0.011717532672456225,True,0.01292452015919658,raw,0.031603160795969774,0.08893415108323095,0.03499904026391749,3,0.009662525508111953,IdealZeroDelay,0.020786889188439576,0.0547889232635498,0.023281507591461262,observation_noise,1368b3fd4139e18c4f8cd5601d45c6c91fe9f73751ce15406f842e1274121fed,1,rounded_square
observation_noise_l3,-0.003654872783465237,-0.012229021986704489,-0.04283910840749739,-0.013043085532634394,True,0.01292452015919658,raw,0.031603160795969774,0.08893415108323095,0.03499904026391749,3,0.009269647375731343,IdealZeroDelay,0.019374138809265286,0.04609504267573356,0.021955954731283093,observation_noise,1368b3fd4139e18c4f8cd5601d45c6c91fe9f73751ce15406f842e1274121fed,2,rounded_square
observation_noise_l3,-0.0019433701230235616,-0.00854035292487218,-0.03428907431662082,-0.010059912971666928,True,0.01292452015919658,raw,0.031603160795969774,0.08893415108323095,0.03499904026391749,3,0.010981150036173018,IdealZeroDelay,0.023062807871097595,0.05464507676661013,0.02493912729225056,observation_noise,1368b3fd4139e18c4f8cd5601d45c6c91fe9f73751ce15406f842e1274121fed,3,rounded_square
observation_noise_l3,0.0003748901607051186,-0.004483193047293724,-0.03539610728621481,-0.006583161206631452,True,0.01292452015919658,raw,0.031603160795969774,0.08893415108323095,0.03499904026391749,3,0.013299410319901698,IdealZeroDelay,0.02711996774867605,0.05353804379701614,0.028415879057286035,observation_noise,1368b3fd4139e18c4f8cd5601d45c6c91fe9f73751ce15406f842e1274121fed,4,rounded_square
observation_noise_l3,0.08625713398651416,0.19526861040055465,0.05928279682993891,0.03305795088782796,True,0.01292452015919658,raw,0.031603160795969774,0.08893415108323095,0.03499904026391749,3,0.09918165414571074,NaiveDelayed,0.22687177119652444,0.14821694791316986,0.06805699115174545,observation_noise,1368b3fd4139e18c4f8cd5601d45c6c91fe9f73751ce15406f842e1274121fed,0,rounded_square
observation_noise_l3,0.06804873418443742,0.1469259496643502,0.06249538436532022,0.03018727461234979,True,0.01292452015919658,raw,0.031603160795969774,0.08893415108323095,0.03499904026391749,3,0.080973254343634,NaiveDelayed,0.17852911046032,0.15142953544855117,0.06518631487626728,observation_noise,1368b3fd4139e18c4f8cd5601d45c6c91fe9f73751ce15406f842e1274121fed,1,rounded_square
observation_noise_l3,0.07548799313614914,0.17147592901235859,0.05665418133139609,0.02859169917787833,True,0.01292452015919658,raw,0.031603160795969774,0.08893415108323095,0.03499904026391749,3,0.08841251329534572,NaiveDelayed,0.20307908980832837,0.14558833241462704,0.06359073944179582,observation_noise,1368b3fd4139e18c4f8cd5601d45c6c91fe9f73751ce15406f842e1274121fed,2,rounded_square
observation_noise_l3,0.0736331545487258,0.18398090172864393,0.04006716385483737,0.020680020363718653,True,0.01292452015919658,raw,0.031603160795969774,0.08893415108323095,0.03499904026391749,3,0.08655767470792237,NaiveDelayed,0.2155840625246137,0.12900131493806832,0.05567906062763614,observation_noise,1368b3fd4139e18c4f8cd5601d45c6c91fe9f73751ce15406f842e1274121fed,3,rounded_square
observation_noise_l3,0.07364376901752864,0.17841207689359911,0.05495785400271409,0.025977515200346517,True,0.01292452015919658,raw,0.031603160795969774,0.08893415108323095,0.03499904026391749,3,0.08656828917672522,NaiveDelayed,0.2100152376895689,0.14389200508594505,0.060976555464264004,observation_noise,1368b3fd4139e18c4f8cd5601d45c6c91fe9f73751ce15406f842e1274121fed,4,rounded_square
observation_noise_l3,-0.002663424574737403,-0.007751754097576384,-0.030678054317832014,-0.008200790071814072,True,0.01292452015919658,raw,0.031603160795969774,0.08893415108323095,0.03499904026391749,3,0.010261095584459177,VirtualDelayAware,0.02385140669839339,0.05825609676539894,0.026798250192103416,observation_noise,1368b3fd4139e18c4f8cd5601d45c6c91fe9f73751ce15406f842e1274121fed,0,rounded_square
observation_noise_l3,-0.003405960020353817,-0.011046277631067629,-0.03297672234475621,-0.011480946222867817,True,0.01292452015919658,raw,0.031603160795969774,0.08893415108323095,0.03499904026391749,3,0.009518560138842763,VirtualDelayAware,0.020556883164902146,0.05595742873847474,0.02351809404104967,observation_noise,1368b3fd4139e18c4f8cd5601d45c6c91fe9f73751ce15406f842e1274121fed,1,rounded_square
observation_noise_l3,-0.00396249858155065,-0.011110980185421254,-0.04008658938109874,-0.012890222978433528,True,0.01292452015919658,raw,0.031603160795969774,0.08893415108323095,0.03499904026391749,3,0.00896202157764593,VirtualDelayAware,0.02049218061054852,0.04884756170213221,0.02210881728548396,observation_noise,1368b3fd4139e18c4f8cd5601d45c6c91fe9f73751ce15406f842e1274121fed,2,rounded_square
observation_noise_l3,-0.00298453560486105,-0.009549130827762237,-0.03136182688176631,-0.010795302188174472,True,0.01292452015919658,raw,0.031603160795969774,0.08893415108323095,0.03499904026391749,3,0.00993998455433553,VirtualDelayAware,0.022054029968207538,0.057572324201464645,0.024203738075743015,observation_noise,1368b3fd4139e18c4f8cd5601d45c6c91fe9f73751ce15406f842e1274121fed,3,rounded_square
observation_noise_l3,-0.0036085382644925525,-0.010628129731946528,-0.035690312460064905,-0.012067697228237629,True,0.01292452015919658,raw,0.031603160795969774,0.08893415108323095,0.03499904026391749,3,0.009315981894704027,VirtualDelayAware,0.020975031064023247,0.05324383862316605,0.022931343035679858,observation_noise,1368b3fd4139e18c4f8cd5601d45c6c91fe9f73751ce15406f842e1274121fed,4,rounded_square
observation_noise_l3,-0.00021690058396065144,-0.0035323271899286857,-0.01611566916108151,-0.00354199281949142,True,0.01292452015919658,raw,0.031603160795969774,0.08893415108323095,0.03499904026391749,3,0.012707619575235928,ThreadedAsync,0.02807083360604109,0.07281848192214944,0.03145704744442607,observation_noise,1368b3fd4139e18c4f8cd5601d45c6c91fe9f73751ce15406f842e1274121fed,0,rounded_square
observation_noise_l3,-0.0013124275625647983,-0.005149290822353218,-0.014623302966356277,-0.005363813732683905,True,0.01292452015919658,raw,0.031603160795969774,0.08893415108323095,0.03499904026391749,3,0.011612092596631781,ThreadedAsync,0.026453869973616557,0.07431084811687468,0.029635226531233582,observation_noise,1368b3fd4139e18c4f8cd5601d45c6c91fe9f73751ce15406f842e1274121fed,1,rounded_square
observation_noise_l3,-0.0007996594060671845,-0.002779891368763495,-0.01298564821481707,-0.004581422215501896,True,0.01292452015919658,raw,0.031603160795969774,0.08893415108323095,0.03499904026391749,3,0.012124860753129395,ThreadedAsync,0.02882326942720628,0.07594850286841388,0.03041761804841559,observation_noise,1368b3fd4139e18c4f8cd5601d45c6c91fe9f73751ce15406f842e1274121fed,2,rounded_square
observation_noise_l3,-0.00025631141874908267,-0.002041109178181979,-0.008098518103361124,-0.003297596028776384,True,0.01292452015919658,raw,0.031603160795969774,0.08893415108323095,0.03499904026391749,3,0.012668208740447497,ThreadedAsync,0.029562051617787796,0.08083563297986983,0.0317014442351411,observation_noise,1368b3fd4139e18c4f8cd5601d45c6c91fe9f73751ce15406f842e1274121fed,3,rounded_square
observation_noise_l3,-0.0024629146951177967,-0.007688156877382817,-0.021091426908969868,-0.007941035633729308,True,0.01292452015919658,raw,0.031603160795969774,0.08893415108323095,0.03499904026391749,3,0.010461605464078783,ThreadedAsync,0.023915003918586957,0.06784272417426108,0.02705800463018818,observation_noise,1368b3fd4139e18c4f8cd5601d45c6c91fe9f73751ce15406f842e1274121fed,4,rounded_square
observation_noise_l6,-0.0006670446268409458,-0.005594840988425675,-0.032074332982301695,-0.0060717915979891755,True,0.01292452015919658,raw,0.031603160795969774,0.08893415108323095,0.03499904026391749,6,0.012257475532355634,IdealZeroDelay,0.0260083198075441,0.05685981810092926,0.02892724866592831,observation_noise,1368b3fd4139e18c4f8cd5601d45c6c91fe9f73751ce15406f842e1274121fed,0,rounded_square
observation_noise_l6,0.006111041906727467,0.007824971485799755,-0.020875606685876832,0.005032641980406087,True,0.01292452015919658,raw,0.031603160795969774,0.08893415108323095,0.03499904026391749,6,0.019035562065924046,IdealZeroDelay,0.03942813228176953,0.06805854439735412,0.040031682244323574,observation_noise,1368b3fd4139e18c4f8cd5601d45c6c91fe9f73751ce15406f842e1274121fed,1,rounded_square
observation_noise_l6,0.0014278242452270794,-0.002263423374538994,-0.027532240375876406,-0.0037985028505789255,True,0.01292452015919658,raw,0.031603160795969774,0.08893415108323095,0.03499904026391749,6,0.014352344404423659,IdealZeroDelay,0.02933973742143078,0.06140191070735455,0.03120053741333856,observation_noise,1368b3fd4139e18c4f8cd5601d45c6c91fe9f73751ce15406f842e1274121fed,2,rounded_square
observation_noise_l6,-0.0013984586091197425,-0.006130540746534005,-0.03489307574927806,-0.007701553825775316,True,0.01292452015919658,raw,0.031603160795969774,0.08893415108323095,0.03499904026391749,6,0.011526061550076837,IdealZeroDelay,0.02547262004943577,0.054041075333952894,0.02729748643814217,observation_noise,1368b3fd4139e18c4f8cd5601d45c6c91fe9f73751ce15406f842e1274121fed,3,rounded_square
observation_noise_l6,-0.0015260559188438882,-0.008114261054899215,-0.03755299039185046,-0.010274271112302207,True,0.01292452015919658,raw,0.031603160795969774,0.08893415108323095,0.03499904026391749,6,0.011398464240352691,IdealZeroDelay,0.02348889974107056,0.05138116069138049,0.02472476915161528,observation_noise,1368b3fd4139e18c4f8cd5601d45c6c91fe9f73751ce15406f842e1274121fed,4,rounded_square
observation_noise_l6,0.07242048136397305,0.16353977182185736,0.03127352818846699,0.020984963882547676,True,0.01292452015919658,raw,0.031603160795969774,0.08893415108323095,0.03499904026391749,6,0.08534500152316964,NaiveDelayed,0.19514293261782714,0.12020767927169794,0.05598400414646516,observation_noise,1368b3fd4139e18c4f8cd5601d45c6c91fe9f73751ce15406f842e1274121fed,0,rounded_square
observation_noise_l6,0.06354950877081296,0.15641594522978822,0.04370383694767953,0.023072781719471212,True,0.01292452015919658,raw,0.031603160795969774,0.08893415108323095,0.03499904026391749,6,0.07647402893000954,NaiveDelayed,0.188019106025758,0.13263798803091048,0.0580718219833887,observation_noise,1368b3fd4139e18c4f8cd5601d45c6c91fe9f73751ce15406f842e1274121fed,1,rounded_square
observation_noise_l6,0.07684592053944571,0.15521777803007206,0.04739011600613595,0.02303093354139412,True,0.01292452015919658,raw,0.031603160795969774,0.08893415108323095,0.03499904026391749,6,0.08977044069864229,NaiveDelayed,0.18682093882604184,0.1363242670893669,0.05802997380531161,observation_noise,1368b3fd4139e18c4f8cd5601d45c6c91fe9f73751ce15406f842e1274121fed,2,rounded_square
observation_noise_l6,0.06107543695580647,0.1413415291136499,0.04421987459063524,0.023389506542574892,True,0.01292452015919658,raw,0.031603160795969774,0.08893415108323095,0.03499904026391749,6,0.07399995711500305,NaiveDelayed,0.17294468990961967,0.1331540256738662,0.05838854680649238,observation_noise,1368b3fd4139e18c4f8cd5601d45c6c91fe9f73751ce15406f842e1274121fed,3,rounded_square
observation_noise_l6,0.08481815809562109,0.1935183690371591,0.046651559323072425,0.02875383075099886,True,0.01292452015919658,raw,0.031603160795969774,0.08893415108323095,0.03499904026391749,6,0.09774267825481767,NaiveDelayed,0.22512152983312889,0.13558571040630338,0.06375287101491635,observation_noise,1368b3fd4139e18c4f8cd5601d45c6c91fe9f73751ce15406f842e1274121fed,4,rounded_square
observation_noise_l6,0.005567547251718678,0.008685659452933966,-0.013595275580883026,0.00606435511700814,True,0.01292452015919658,raw,0.031603160795969774,0.08893415108323095,0.03499904026391749,6,0.018492067410915258,VirtualDelayAware,0.04028882024890374,0.07533887550234793,0.04106339538092563,observation_noise,1368b3fd4139e18c4f8cd5601d45c6c91fe9f73751ce15406f842e1274121fed,0,rounded_square
observation_noise_l6,0.0019732372095354906,0.0006476074115904715,-0.022863945364952107,-0.0016570139500637002,True,0.01292452015919658,raw,0.031603160795969774,0.08893415108323095,0.03499904026391749,6,0.01489775736873207,VirtualDelayAware,0.032250768207560246,0.06607020571827885,0.03334202631385379,observation_noise,1368b3fd4139e18c4f8cd5601d45c6c91fe9f73751ce15406f842e1274121fed,1,rounded_square
observation_noise_l6,-0.0013230388997958545,-0.006726740311282221,-0.030355767905712122,-0.009144001181120541,True,0.01292452015919658,raw,0.031603160795969774,0.08893415108323095,0.03499904026391749,6,0.011601481259400725,VirtualDelayAware,0.024876420484687554,0.05857838317751883,0.025855039082796946,observation_noise,1368b3fd4139e18c4f8cd5601d45c6c91fe9f73751ce15406f842e1274121fed,2,rounded_square
observation_noise_l6,-2.6752635935741245e-05,-0.003972614374312285,-0.035982770100235935,-0.007682131146922733,True,0.01292452015919658,raw,0.031603160795969774,0.08893415108323095,0.03499904026391749,6,0.012897767523260838,VirtualDelayAware,0.02763054642165749,0.05295138098299502,0.027316909116994754,observation_noise,1368b3fd4139e18c4f8cd5601d45c6c91fe9f73751ce15406f842e1274121fed,3,rounded_square
observation_noise_l6,0.0013639216096100627,-0.00044827278350410144,-0.028144073858857137,-0.0030850478352348262,True,0.01292452015919658,raw,0.031603160795969774,0.08893415108323095,0.03499904026391749,6,0.014288441768806642,VirtualDelayAware,0.031154888012465673,0.060790077224373816,0.03191399242868266,observation_noise,1368b3fd4139e18c4f8cd5601d45c6c91fe9f73751ce15406f842e1274121fed,4,rounded_square
observation_noise_l6,0.00016466508964903433,-0.003659895795949542,-0.02493675798177722,-0.006420155939033476,True,0.01292452015919658,raw,0.031603160795969774,0.08893415108323095,0.03499904026391749,6,0.013089185248845614,ThreadedAsync,0.027943265000020232,0.06399739310145373,0.02857888432488401,observation_noise,1368b3fd4139e18c4f8cd5601d45c6c91fe9f73751ce15406f842e1274121fed,0,rounded_square
observation_noise_l6,-0.0012669298351710417,-0.005246099980854273,-0.025383121520280827,-0.007693779445944675,True,0.01292452015919658,raw,0.031603160795969774,0.08893415108323095,0.03499904026391749,6,0.011657590324025538,ThreadedAsync,0.0263570608151155,0.06355102956295013,0.027305260817972812,observation_noise,1368b3fd4139e18c4f8cd5601d45c6c91fe9f73751ce15406f842e1274121fed,1,rounded_square
observation_noise_l6,-0.0008533569255900174,-0.004748195247971161,-0.025784603506326706,-0.006204995847660523,True,0.01292452015919658,raw,0.031603160795969774,0.08893415108323095,0.03499904026391749,6,0.012071163233606562,ThreadedAsync,0.026854965547998613,0.06314954757690425,0.028794044416256964,observation_noise,1368b3fd4139e18c4f8cd5601d45c6c91fe9f73751ce15406f842e1274121fed,2,rounded_square
observation_noise_l6,0.0012724080827842352,0.0005754485793630221,-0.014426870644092649,-0.001450060869560281,True,0.01292452015919658,raw,0.031603160795969774,0.08893415108323095,0.03499904026391749,6,0.014196928241980815,ThreadedAsync,0.032178609375332796,0.0745072804391383,0.033548979394357206,observation_noise,1368b3fd4139e18c4f8cd5601d45c6c91fe9f73751ce15406f842e1274121fed,3,rounded_square
observation_noise_l6,-5.6424214855143456e-05,-0.0022464163176354537,-0.01910961493849761,-0.005358038642537612,True,0.01292452015919658,raw,0.031603160795969774,0.08893415108323095,0.03499904026391749,6,0.012868095944341436,ThreadedAsync,0.02935674447833432,0.06982453614473334,0.029641001621379875,observation_noise,1368b3fd4139e18c4f8cd5601d45c6c91fe9f73751ce15406f842e1274121fed,4,rounded_square
payload_l3,-0.000989968909256178,-0.01739972003776606,-0.019788008928298906,-0.009103138474312773,True,0.019993078973668102,raw,0.06270198220757274,0.10370942577719683,0.05415290453801043,3,0.019003110064411924,IdealZeroDelay,0.04530226216980668,0.08392141684889792,0.045049766063697656,payload,1368b3fd4139e18c4f8cd5601d45c6c91fe9f73751ce15406f842e1274121fed,0,rounded_square
payload_l3,0.00010966527797541883,-0.017891140795411334,-0.0170145213603973,-0.008171472524809827,True,0.019993078973668102,raw,0.06270198220757274,0.10370942577719683,0.05415290453801043,3,0.02010274425164352,IdealZeroDelay,0.044810841412161406,0.08669490441679953,0.0459814320132006,payload,1368b3fd4139e18c4f8cd5601d45c6c91fe9f73751ce15406f842e1274121fed,1,rounded_square
payload_l3,-0.0012174320295249112,-0.018596530493165828,-0.02493247091770169,-0.009256719096594604,True,0.019993078973668102,raw,0.06270198220757274,0.10370942577719683,0.05415290453801043,3,0.01877564694414319,IdealZeroDelay,0.04410545171440691,0.07877695485949514,0.044896185441415826,payload,1368b3fd4139e18c4f8cd5601d45c6c91fe9f73751ce15406f842e1274121fed,2,rounded_square
payload_l3,-0.0003859294775708545,-0.018737246825273293,-0.02249645963311203,-0.011252660958589102,True,0.019993078973668102,raw,0.06270198220757274,0.10370942577719683,0.05415290453801043,3,0.019607149496097247,IdealZeroDelay,0.04396473538229945,0.0812129661440848,0.04290024357942133,payload,1368b3fd4139e18c4f8cd5601d45c6c91fe9f73751ce15406f842e1274121fed,3,rounded_square
payload_l3,-0.004939475807806952,-0.02573298352258825,-0.04218756668269629,-0.017242220590562303,True,0.019993078973668102,raw,0.06270198220757274,0.10370942577719683,0.05415290453801043,3,0.01505360316586115,IdealZeroDelay,0.03696899868498449,0.06152185909450054,0.03691068394744813,payload,1368b3fd4139e18c4f8cd5601d45c6c91fe9f73751ce15406f842e1274121fed,4,rounded_square
payload_l3,0.05350644126787567,0.0926272353228554,0.022333810478448873,0.004860559639726515,True,0.019993078973668102,raw,0.06270198220757274,0.10370942577719683,0.05415290453801043,3,0.07349952024154377,NaiveDelayed,0.15532921753042814,0.1260432362556457,0.059013464177736945,payload,1368b3fd4139e18c4f8cd5601d45c6c91fe9f73751ce15406f842e1274121fed,0,rounded_square
payload_l3,0.07792951103740262,0.1602468161450375,0.029722667485475446,0.007499098524509064,True,0.019993078973668102,raw,0.06270198220757274,0.10370942577719683,0.05415290453801043,3,0.09792259001107072,NaiveDelayed,0.22294879835261025,0.13343209326267227,0.06165200306251949,payload,1368b3fd4139e18c4f8cd5601d45c6c91fe9f73751ce15406f842e1274121fed,1,rounded_square
payload_l3,0.09235872481082155,0.2187289367068166,0.018759362399577983,0.009586592915265674,True,0.019993078973668102,raw,0.06270198220757274,0.10370942577719683,0.05415290453801043,3,0.11235180378448965,NaiveDelayed,0.2814309189143893,0.12246878817677481,0.0637394974532761,payload,1368b3fd4139e18c4f8cd5601d45c6c91fe9f73751ce15406f842e1274121fed,2,rounded_square
payload_l3,0.06419689125638012,0.14963487605240428,0.04467082396149635,0.01346756296514004,True,0.019993078973668102,raw,0.06270198220757274,0.10370942577719683,0.05415290453801043,3,0.08418997023004822,NaiveDelayed,0.21233685825997703,0.14838024973869318,0.06762046750315047,payload,1368b3fd4139e18c4f8cd5601d45c6c91fe9f73751ce15406f842e1274121fed,3,rounded_square
payload_l3,0.061516402102953616,0.14546576793147925,0.043210031837224994,0.012153351215869912,True,0.019993078973668102,raw,0.06270198220757274,0.10370942577719683,0.05415290453801043,3,0.08150948107662172,NaiveDelayed,0.20816775013905198,0.14691945761442182,0.06630625575388034,payload,1368b3fd4139e18c4f8cd5601d45c6c91fe9f73751ce15406f842e1274121fed,4,rounded_square
payload_l3,-0.0028779457353462594,-0.019750946650143847,-0.02946322113275525,-0.01278168862011101,True,0.019993078973668102,raw,0.06270198220757274,0.10370942577719683,0.05415290453801043,3,0.017115133238321843,VirtualDelayAware,0.04295103555742889,0.07424620464444158,0.04137121591789942,payload,1368b3fd4139e18c4f8cd5601d45c6c91fe9f73751ce15406f842e1274121fed,0,rounded_square
payload_l3,-0.0014282546269448297,-0.01792029849592594,-0.019465426355600307,-0.010905530533321849,True,0.019993078973668102,raw,0.06270198220757274,0.10370942577719683,0.05415290453801043,3,0.018564824346723272,VirtualDelayAware,0.0447816837116468,0.08424399942159652,0.04324737400468858,payload,1368b3fd4139e18c4f8cd5601d45c6c91fe9f73751ce15406f842e1274121fed,1,rounded_square
payload_l3,-0.0037174102895207485,-0.020141450466020498,-0.03196813091635707,-0.013671367285828996,True,0.019993078973668102,raw,0.06270198220757274,0.10370942577719683,0.05415290453801043,3,0.016275668684147353,VirtualDelayAware,0.04256053174155224,0.07174129486083976,0.04048153725218143,payload,1368b3fd4139e18c4f8cd5601d45c6c91fe9f73751ce15406f842e1274121fed,2,rounded_square
payload_l3,-0.005111308731977203,-0.022472553972262582,-0.037388449162244805,-0.015680700318856614,True,0.019993078973668102,raw,0.06270198220757274,0.10370942577719683,0.05415290453801043,3,0.014881770241690899,VirtualDelayAware,0.04022942823531016,0.06632097661495202,0.038472204219153816,payload,1368b3fd4139e18c4f8cd5601d45c6c91fe9f73751ce15406f842e1274121fed,3,rounded_square
payload_l3,-0.0017577397183386571,-0.016934808547606928,-0.027224189788103134,-0.011252987615950956,True,0.019993078973668102,raw,0.06270198220757274,0.10370942577719683,0.05415290453801043,3,0.018235339255329445,VirtualDelayAware,0.04576717365996581,0.0764852359890937,0.042899916922059474,payload,1368b3fd4139e18c4f8cd5601d45c6c91fe9f73751ce15406f842e1274121fed,4,rounded_square
payload_l3,-0.005315795675905264,-0.024220494083955782,-0.028534265607595394,-0.016897995345114707,True,0.019993078973668102,raw,0.06270198220757274,0.10370942577719683,0.05415290453801043,3,0.014677283297762838,ThreadedAsync,0.03848148812361696,0.07517516016960143,0.03725490919289572,payload,1368b3fd4139e18c4f8cd5601d45c6c91fe9f73751ce15406f842e1274121fed,0,rounded_square
payload_l3,-0.006463816880559631,-0.02471237577381668,-0.03436082601547237,-0.017687733728384752,True,0.019993078973668102,raw,0.06270198220757274,0.10370942577719683,0.05415290453801043,3,0.01352926209310847,ThreadedAsync,0.03798960643375606,0.06934859976172446,0.03646517080962568,payload,1368b3fd4139e18c4f8cd5601d45c6c91fe9f73751ce15406f842e1274121fed,1,rounded_square
payload_l3,-0.0044233638275448135,-0.021291718751794357,-0.026597148180007982,-0.014478484828715846,True,0.019993078973668102,raw,0.06270198220757274,0.10370942577719683,0.05415290453801043,3,0.015569715146123288,ThreadedAsync,0.04141026345577838,0.07711227759718885,0.039674419709294584,payload,1368b3fd4139e18c4f8cd5601d45c6c91fe9f73751ce15406f842e1274121fed,2,rounded_square
payload_l3,-0.005892220113557655,-0.02389209462022167,-0.03135508447885525,-0.016937245981666224,True,0.019993078973668102,raw,0.06270198220757274,0.10370942577719683,0.05415290453801043,3,0.014100858860110447,ThreadedAsync,0.03880988758735107,0.07235434129834158,0.037215658556344205,payload,1368b3fd4139e18c4f8cd5601d45c6c91fe9f73751ce15406f842e1274121fed,3,rounded_square
payload_l3,-0.004064593360629601,-0.02215372107229762,-0.029201736301183834,-0.015194140445665798,True,0.019993078973668102,raw,0.06270198220757274,0.10370942577719683,0.05415290453801043,3,0.0159284856130385,ThreadedAsync,0.04054826113527512,0.074507689476013,0.03895876409234463,payload,1368b3fd4139e18c4f8cd5601d45c6c91fe9f73751ce15406f842e1274121fed,4,rounded_square
payload_l6,-0.012404811832857958,-0.07521642092134151,-0.045159757137298556,-0.038140567998804886,True,0.04524941107604892,raw,0.16135519122891132,0.1835298418998718,0.12541158838142671,6,0.03284459924319096,IdealZeroDelay,0.0861387703075698,0.13837008476257323,0.08727102038262183,payload,1368b3fd4139e18c4f8cd5601d45c6c91fe9f73751ce15406f842e1274121fed,0,rounded_square
payload_l6,-0.012327785908655547,-0.07473923427420111,-0.04326954782009129,-0.03759813811526591,True,0.04524941107604892,raw,0.16135519122891132,0.1835298418998718,0.12541158838142671,6,0.03292162516739337,IdealZeroDelay,0.08661595695471021,0.1402602940797805,0.0878134502661608,payload,1368b3fd4139e18c4f8cd5601d45c6c91fe9f73751ce15406f842e1274121fed,1,rounded_square
payload_l6,-0.013943558857466024,-0.07817424091675111,-0.04494929760694508,-0.042734798911881186,True,0.04524941107604892,raw,0.16135519122891132,0.1835298418998718,0.12541158838142671,6,0.0313058522185829,IdealZeroDelay,0.0831809503121602,0.1385805442929267,0.08267678946954553,payload,1368b3fd4139e18c4f8cd5601d45c6c91fe9f73751ce15406f842e1274121fed,2,rounded_square
payload_l6,-0.013626263610480409,-0.07748017614927458,-0.03889691829681394,-0.040836521623269756,True,0.04524941107604892,raw,0.16135519122891132,0.1835298418998718,0.12541158838142671,6,0.03162314746556851,IdealZeroDelay,0.08387501507963674,0.14463292360305785,0.08457506675815696,payload,1368b3fd4139e18c4f8cd5601d45c6c91fe9f73751ce15406f842e1274121fed,3,rounded_square
payload_l6,-0.013814654815066808,-0.07641085877951491,-0.03817757666110991,-0.04072748028512248,True,0.04524941107604892,raw,0.16135519122891132,0.1835298418998718,0.12541158838142671,6,0.03143475626098211,IdealZeroDelay,0.0849443324493964,0.14535226523876188,0.08468410809630424,payload,1368b3fd4139e18c4f8cd5601d45c6c91fe9f73751ce15406f842e1274121fed,4,rounded_square
payload_l6,0.06145582632767338,0.1016647415983363,-0.020440645515918843,-0.04213233693496404,True,0.04524941107604892,raw,0.16135519122891132,0.1835298418998718,0.12541158838142671,6,0.1067052374037223,NaiveDelayed,0.2630199328272476,0.16308919638395294,0.08327925144646267,payload,1368b3fd4139e18c4f8cd5601d45c6c91fe9f73751ce15406f842e1274121fed,0,rounded_square
payload_l6,0.06186037481603332,0.12059021631691477,0.010815867781638955,-0.030882850428318523,True,0.04524941107604892,raw,0.16135519122891132,0.1835298418998718,0.12541158838142671,6,0.10710978589208224,NaiveDelayed,0.2819454075458261,0.19434570968151074,0.09452873795310819,payload,1368b3fd4139e18c4f8cd5601d45c6c91fe9f73751ce15406f842e1274121fed,1,rounded_square
payload_l6,0.05310712900502754,0.0852121520657442,-0.009134481847286352,-0.040956819826544255,True,0.04524941107604892,raw,0.16135519122891132,0.1835298418998718,0.12541158838142671,6,0.09835654008107646,NaiveDelayed,0.24656734329465552,0.17439536005258544,0.08445476855488246,payload,1368b3fd4139e18c4f8cd5601d45c6c91fe9f73751ce15406f842e1274121fed,2,rounded_square
payload_l6,0.04228406651681589,0.054293945710891384,0.024965654313564234,-0.0281805683936706,True,0.04524941107604892,raw,0.16135519122891132,0.1835298418998718,0.12541158838142671,6,0.08753347759286481,NaiveDelayed,0.2156491369398027,0.20849549621343602,0.09723101998775611,payload,1368b3fd4139e18c4f8cd5601d45c6c91fe9f73751ce15406f842e1274121fed,3,rounded_square
payload_l6,0.03664118869361736,0.019390625168065362,0.035205951333045854,-0.030363836426195334,True,0.04524941107604892,raw,0.16135519122891132,0.1835298418998718,0.12541158838142671,6,0.08189059976966628,NaiveDelayed,0.18074581639697668,0.21873579323291764,0.09504775195523138,payload,1368b3fd4139e18c4f8cd5601d45c6c91fe9f73751ce15406f842e1274121fed,4,rounded_square
payload_l6,-0.014349780265694802,-0.0658838912959371,-0.05558245480060586,-0.038593009141486334,True,0.04524941107604892,raw,0.16135519122891132,0.1835298418998718,0.12541158838142671,6,0.030899630810354118,VirtualDelayAware,0.09547129993297422,0.12794738709926592,0.08681857923994038,payload,1368b3fd4139e18c4f8cd5601d45c6c91fe9f73751ce15406f842e1274121fed,0,rounded_square
payload_l6,-0.012387938416687262,-0.06187005972079171,-0.03890575021505355,-0.03389609874149033,True,0.04524941107604892,raw,0.16135519122891132,0.1835298418998718,0.12541158838142671,6,0.03286147265936166,VirtualDelayAware,0.0994851315081196,0.14462409168481824,0.09151548963993639,payload,1368b3fd4139e18c4f8cd5601d45c6c91fe9f73751ce15406f842e1274121fed,1,rounded_square
payload_l6,-0.011808193526809584,-0.06167645958402031,-0.047409027814865085,-0.03575794239451667,True,0.04524941107604892,raw,0.16135519122891132,0.1835298418998718,0.12541158838142671,6,0.03344121754923934,VirtualDelayAware,0.09967873164489101,0.1361208140850067,0.08965364598691004,payload,1368b3fd4139e18c4f8cd5601d45c6c91fe9f73751ce15406f842e1274121fed,2,rounded_square
payload_l6,-0.015164723633361181,-0.07013181321802195,-0.058558043092489354,-0.04225291378124571,True,0.04524941107604892,raw,0.16135519122891132,0.1835298418998718,0.12541158838142671,6,0.03008468744268774,VirtualDelayAware,0.09122337801088937,0.12497179880738243,0.083158674600181,payload,1368b3fd4139e18c4f8cd5601d45c6c91fe9f73751ce15406f842e1274121fed,3,rounded_square
payload_l6,-0.012672412632962461,-0.062308863655853475,-0.04693245738744736,-0.03537365550259615,True,0.04524941107604892,raw,0.16135519122891132,0.1835298418998718,0.12541158838142671,6,0.03257699844308646,VirtualDelayAware,0.09904632757305784,0.13659738451242442,0.09003793287883056,payload,1368b3fd4139e18c4f8cd5601d45c6c91fe9f73751ce15406f842e1274121fed,4,rounded_square
payload_l6,-0.008298015887945612,-0.04319610872189189,-0.018252801895141585,-0.0229301642846204,True,0.04524941107604892,raw,0.16135519122891132,0.1835298418998718,0.12541158838142671,6,0.03695139518810331,ThreadedAsync,0.11815908250701943,0.1652770400047302,0.10248142409680631,payload,1368b3fd4139e18c4f8cd5601d45c6c91fe9f73751ce15406f842e1274121fed,0,rounded_square
payload_l6,-0.012161643359491443,-0.055392295848505996,-0.03659373670816424,-0.03092646042318034,True,0.04524941107604892,raw,0.16135519122891132,0.1835298418998718,0.12541158838142671,6,0.03308776771655748,ThreadedAsync,0.10596289538040532,0.14693610519170755,0.09448512795824637,payload,1368b3fd4139e18c4f8cd5601d45c6c91fe9f73751ce15406f842e1274121fed,1,rounded_square
payload_l6,-0.010207588065504529,-0.05124206249646261,-0.031876522302627525,-0.027151570619008608,True,0.04524941107604892,raw,0.16135519122891132,0.1835298418998718,0.12541158838142671,6,0.03504182301054439,ThreadedAsync,0.1101131287324487,0.15165331959724426,0.0982600177624181,payload,1368b3fd4139e18c4f8cd5601d45c6c91fe9f73751ce15406f842e1274121fed,2,rounded_square
payload_l6,-0.009979970126844422,-0.04859593355921034,-0.045429725944995836,-0.02846630499192107,True,0.04524941107604892,raw,0.16135519122891132,0.1835298418998718,0.12541158838142671,6,0.0352694409492045,ThreadedAsync,0.11275925766970098,0.13810011595487595,0.09694528338950564,payload,1368b3fd4139e18c4f8cd5601d45c6c91fe9f73751ce15406f842e1274121fed,3,rounded_square
payload_l6,-0.011982227839924933,-0.05828154014125339,-0.034247463941574435,-0.03146302780481254,True,0.04524941107604892,raw,0.16135519122891132,0.1835298418998718,0.12541158838142671,6,0.03326718323612399,ThreadedAsync,0.10307365108765792,0.14928237795829735,0.09394856057661417,payload,1368b3fd4139e18c4f8cd5601d45c6c91fe9f73751ce15406f842e1274121fed,4,rounded_square
