{
  "controller_mode": "ik_direct",
  "final": {
    "tcp_orientation_error_rad": 0.0010641843546181917,
    "tcp_position_error_m": 0.002249910729005933
  },
  "joint_tracking": {
    "final_position_error_inf_rad": 0.0027144888881593943,
    "max_position_error_rad": 0.08175673335790634,
    "position_rmse_rad": 0.021182894706726074
  },
  "laps": {
    "0": {
      "max_orientation_error_rad": 0.08201765269041061,
      "max_position_error_m": 0.09053059667348862,
      "orientation_rmse_rad": 0.05232911929488182,
      "position_rmse_m": 0.058444488793611526,
      "samples": 401
    },
    "1": {
      "max_orientation_error_rad": 0.08201734721660614,
      "max_position_error_m": 0.09052929282188416,
      "orientation_rmse_rad": 0.052296124398708344,
      "position_rmse_m": 0.05840841680765152,
      "samples": 401
    },
    "2": {
      "max_orientation_error_rad": 0.08201734721660614,
      "max_position_error_m": 0.09052929282188416,
      "orientation_rmse_rad": 0.052296124398708344,
      "position_rmse_m": 0.05840841680765152,
      "samples": 401
    }
  },
  "overall": {
    "max_orientation_error_rad": 0.08885215222835541,
    "max_position_error_m": 0.09842079877853394,
    "orientation_rmse_rad": 0.04755837842822075,
    "position_rmse_m": 0.05320322886109352,
    "samples": 2107
  },
  "planning": {
    "command_acceleration_violation_count": 0,
    "command_acceleration_violation_rate": 0.0,
    "command_velocity_violation_count": 0,
    "command_velocity_violation_rate": 0.0,
    "failure_count": 0,
    "failure_rate": 0.0,
    "joint_limit_violation_count": 0,
    "joint_limit_violation_rate": 0.0,
    "max_planning_time_s": 0.0,
    "mean_planning_time_s": 0.0
  },
  "recorded_steps": 2107,
  "segments": {
    "0": {
      "max_orientation_error_rad": 0.0,
      "max_position_error_m": 0.0,
      "orientation_rmse_rad": 0.0,
      "position_rmse_m": 0.0,
      "samples": 50
    },
    "1": {
      "max_orientation_error_rad": 0.08709120750427246,
      "max_position_error_m": 0.09842079877853394,
      "orientation_rmse_rad": 0.05719505250453949,
      "position_rmse_m": 0.06393712759017944,
      "samples": 201
    },
    "2": {
      "max_orientation_error_rad": 0.028096504509449005,
      "max_position_error_m": 0.034315161406993866,
      "orientation_rmse_rad": 0.018810957670211792,
      "position_rmse_m": 0.023087020963430405,
      "samples": 201
    },
    "3": {
      "max_orientation_error_rad": 0.08201765269041061,
      "max_position_error_m": 0.09053059667348862,
      "orientation_rmse_rad": 0.0523071251809597,
      "position_rmse_m": 0.05842044577002525,
      "samples": 1203
    },
    "4": {
      "max_orientation_error_rad": 0.02821963094174862,
      "max_position_error_m": 0.03438186272978783,
      "orientation_rmse_rad": 0.01824338361620903,
      "position_rmse_m": 0.02229882963001728,
      "samples": 201
    },
    "5": {
      "max_orientation_error_rad": 0.08885215222835541,
      "max_position_error_m": 0.0982431098818779,
      "orientation_rmse_rad": 0.057907264679670334,
      "position_rmse_m": 0.06396234780550003,
      "samples": 201
    },
    "6": {
      "max_orientation_error_rad": 0.021064504981040955,
      "max_position_error_m": 0.024946141988039017,
      "orientation_rmse_rad": 0.009602307341992855,
      "position_rmse_m": 0.01198051031678915,
      "samples": 50
    }
  }
}