{
  "actuator": {
    "torque_p95_nm": [
      7.106637001037598,
      19.045071125030518,
      7.473023056983948,
      2.0410215854644775,
      1.7360531985759735,
      1.531879335641861
    ],
    "torque_rms_nm": 3.742579698562622,
    "torque_slew_p95_nm_per_step": [
      0.3241605997085571,
      0.44570503234863273,
      0.2790690898895264,
      0.1262073516845703,
      0.0370986744761467,
      0.02682410478591919
    ]
  },
  "cem_sampling": {
    "baseline_cost": {
      "max": NaN,
      "mean": NaN,
      "p50": NaN,
      "p95": NaN,
      "samples": 0
    },
    "reset_std_each_step": false,
    "std_end_mean": {
      "max": NaN,
      "mean": NaN,
      "p50": NaN,
      "p95": NaN,
      "samples": 0
    },
    "std_start_mean": {
      "max": NaN,
      "mean": NaN,
      "p50": NaN,
      "p95": NaN,
      "samples": 0
    },
    "uniform_sample_count": 0,
    "uniform_sample_ratio": 0.15000000596046448
  },
  "controller_mode": "ik_direct",
  "cost_profile": "blackbox",
  "model_replay": {
    "status": "not_applicable"
  },
  "mpc_policy": "residual",
  "recorded_steps": 2116,
  "residual": {
    "max_abs_rad": [],
    "p95_abs_rad": []
  },
  "safety": {
    "command_acceleration_violation_count": 0,
    "command_velocity_violation_count": 0,
    "controller_failure_count": 0,
    "joint_limit_violation_count": 0,
    "recovery_active_step_count": 0,
    "recovery_trigger_count": 0,
    "recovery_trigger_counts": {}
  },
  "schema_version": 2,
  "smoothness": {
    "command_acceleration_p95_rad_s2": [
      0.601746141910553,
      0.25303568691015244,
      0.8310191333293915,
      1.201927661895752,
      0.907406210899353,
      1.1849403381347656
    ],
    "command_sign_flip_rate": {
      "overall": 0.008288988948014737,
      "per_joint": [
        0.054692775151924375,
        0.0,
        0.0,
        0.0,
        0.0,
        0.0
      ]
    },
    "command_velocity_p95_rad_s": [
      0.09345351718366146,
      0.1541661098599434,
      0.10168477892875671,
      0.21967813372612,
      0.3586685284972191,
      0.5375310778617859
    ]
  },
  "timing": {
    "control_step_wall_time_s": {
      "max": 0.003281946061179042,
      "mean": 0.0002752647489308871,
      "p50": 0.000260996981523931,
      "p95": 0.0003326089645270258,
      "samples": 2116
    },
    "planning_time_s": {
      "max": 0.0,
      "mean": 0.0,
      "p50": 0.0,
      "p95": 0.0,
      "samples": 2116
    }
  },
  "tracking": {
    "joint": {
      "final_position_error_inf_rad": 0.0027142250910401344,
      "max_position_error_rad": 0.0667944997549057,
      "position_rmse_rad": 0.011353976093232632
    },
    "task": {
      "max_orientation_error_rad": 0.08885203301906586,
      "max_position_error_m": 0.09842079877853394,
      "orientation_rmse_rad": 0.028079193085432053,
      "position_rmse_m": 0.03119981661438942,
      "samples": 2116
    }
  }
}